region_id,timestamp,rainfall_24h,forecast_rainfall_6h,rainfall_3d_cumulative,rainfall_7d_cumulative,elevation,distance_to_river_m,soil_clay_pct,population_density,runoff_potential_index,proximity_risk_score,flood_occurred
18-300-00101,2025-09-19,13.5,0.0,13.5,13.5,78.79,1718.8,28.3,322.7,4.788194009274345,7.422476358038267,0
18-300-00101,2025-09-20,0.0,0.0,13.5,13.5,78.79,1718.8,28.3,322.7,0.0,0.0,0
18-300-00101,2025-09-21,0.0,4.24,13.5,13.5,78.79,1718.8,28.3,322.7,0.0,0.0,0
18-300-00101,2025-09-22,5.3,3.6799999999999997,5.3,18.8,78.79,1718.8,28.3,322.7,1.8798094999373354,2.9140092368594677,0
18-300-00101,2025-09-23,4.6,1.7600000000000002,9.899999999999999,23.4,78.79,1718.8,28.3,322.7,1.6315327735305176,2.5291400923685945,0
18-300-00101,2025-09-24,2.2,0.0,12.1,25.6,78.79,1718.8,28.3,322.7,0.7802982829928562,1.2095887398284584,0
18-300-00101,2025-09-25,0.0,0.0,6.8,25.6,78.79,1718.8,28.3,322.7,0.0,0.0,0
18-300-00101,2025-09-26,0.0,0.8,2.2,12.1,78.79,1718.8,28.3,322.7,0.0,0.0,0
18-300-00101,2025-09-27,1.0,0.32000000000000006,1.0,13.1,78.79,1718.8,28.3,322.7,0.35468103772402554,0.5498130635583901,0
18-300-00101,2025-09-28,0.4,4.0,1.4,13.5,78.79,1718.8,28.3,322.7,0.1418724150896102,0.21992522542335607,0
18-300-00101,2025-09-29,5.0,4.720000000000001,6.4,13.2,78.79,1718.8,28.3,322.7,1.7734051886201276,2.749065317791951,0
18-300-00101,2025-09-30,5.9,39.2,11.3,14.500000000000002,78.79,1718.8,28.3,322.7,2.092618122571751,3.243897074994502,0
18-300-00101,2025-10-01,49.0,4.0,59.9,61.3,78.79,1718.8,28.3,322.7,17.37937084847725,26.94084011436112,0
18-300-00101,2025-10-02,5.0,13.040000000000001,59.9,66.3,78.79,1718.8,28.3,322.7,1.7734051886201276,2.749065317791951,0
18-300-00101,2025-10-03,16.3,17.919999999999998,70.3,82.6,78.79,1718.8,28.3,322.7,5.781300914901617,8.96195293600176,0
18-300-00101,2025-10-04,22.4,45.28,43.7,104.0,78.79,1718.8,28.3,322.7,7.9448552450181715,12.315812623707938,0
18-300-00101,2025-10-05,56.6,3.84,95.3,160.2,78.79,1718.8,28.3,322.7,20.074946735179847,31.119419397404883,1
18-300-00101,2025-10-06,4.8,0.24,83.8,160.0,78.79,1718.8,28.3,322.7,1.7024689810753226,2.6391027050802727,0
18-300-00101,2025-10-07,0.3,1.2000000000000002,61.699999999999996,154.39999999999998,78.79,1718.8,28.3,322.7,0.10640431131720766,0.16494391906751704,0
18-300-00101,2025-10-08,1.5,0.7200000000000001,6.6,106.89999999999999,78.79,1718.8,28.3,322.7,0.5320215565860383,0.8247195953375852,0
18-300-00101,2025-10-09,0.9,0.4,2.7,102.8,78.79,1718.8,28.3,322.7,0.31921293395162303,0.4948317572025511,0
18-300-00101,2025-10-10,0.5,4.32,2.9000000000000004,87.0,78.79,1718.8,28.3,322.7,0.17734051886201277,0.27490653177919505,0
18-300-00101,2025-10-11,5.4,0.24,6.800000000000001,70.0,78.79,1718.8,28.3,322.7,1.915277603709738,2.968990543215307,0
18-300-00101,2025-10-12,0.3,0.16000000000000003,6.2,13.700000000000001,78.79,1718.8,28.3,322.7,0.10640431131720766,0.16494391906751704,0
18-300-00101,2025-10-13,0.2,0.0,5.9,9.100000000000001,78.79,1718.8,28.3,322.7,0.0709362075448051,0.10996261271167804,0
18-300-00101,2025-10-14,0.0,0.0,0.5,8.8,78.79,1718.8,28.3,322.7,0.0,0.0,0
18-300-00101,2025-10-15,0.0,0.0,0.2,7.300000000000001,78.79,1718.8,28.3,322.7,0.0,0.0,0
18-300-00101,2025-10-16,0.0,0.0,0.0,6.4,78.79,1718.8,28.3,322.7,0.0,0.0,0
18-300-00101,2025-10-17,0.0,0.7200000000000001,0.0,5.9,78.79,1718.8,28.3,322.7,0.0,0.0,0
18-300-00101,2025-10-18,0.9,0.0,0.9,1.4,78.79,1718.8,28.3,322.7,0.31921293395162303,0.4948317572025511,0
18-300-00101,2025-10-19,0.0,0.0,0.9,1.1,78.79,1718.8,28.3,322.7,0.0,0.0,0
18-300-00101,2025-10-20,0.0,0.0,0.9,0.9,78.79,1718.8,28.3,322.7,0.0,0.0,0
18-300-00101,2025-10-21,0.0,0.0,0.0,0.9,78.79,1718.8,28.3,322.7,0.0,0.0,0
18-300-00101,2025-10-22,0.0,0.0,0.0,0.9,78.79,1718.8,28.3,322.7,0.0,0.0,0
18-300-00101,2025-10-23,0.0,0.32000000000000006,0.0,0.9,78.79,1718.8,28.3,322.7,0.0,0.0,0
18-300-00101,2025-10-24,0.4,7.359999999999999,0.4,1.3,78.79,1718.8,28.3,322.7,0.1418724150896102,0.21992522542335607,0
18-300-00101,2025-10-25,9.2,0.6400000000000001,9.6,9.6,78.79,1718.8,28.3,322.7,3.2630655470610352,5.058280184737189,0
18-300-00101,2025-10-26,0.8,0.08000000000000002,10.4,10.4,78.79,1718.8,28.3,322.7,0.2837448301792204,0.43985045084671215,0
18-300-00101,2025-10-27,0.1,0.5599999999999999,10.1,10.5,78.79,1718.8,28.3,322.7,0.03546810377240255,0.05498130635583902,0
18-300-00101,2025-10-28,0.7,0.24,1.6,11.2,78.79,1718.8,28.3,322.7,0.24827672640681786,0.38486914449087306,0
18-300-00101,2025-10-29,0.3,10.240000000000002,1.0999999999999999,11.5,78.79,1718.8,28.3,322.7,0.10640431131720766,0.16494391906751704,0
18-300-00101,2025-10-30,12.8,33.52,13.8,24.3,78.79,1718.8,28.3,322.7,4.539917282867527,7.037607213547394,0
18-300-00101,2025-10-31,41.9,14.56,55.0,65.8,78.79,1718.8,28.3,322.7,14.86113548063667,23.037167363096547,0
18-300-00101,2025-11-01,18.2,0.0,72.9,74.8,78.79,1718.8,28.3,322.7,6.455194886577264,10.0065977567627,0
18-300-00101,2025-11-02,0.0,0.08000000000000002,60.099999999999994,74.0,78.79,1718.8,28.3,322.7,0.0,0.0,0
18-300-00101,2025-11-03,0.1,0.0,18.3,74.00000000000001,78.79,1718.8,28.3,322.7,0.03546810377240255,0.05498130635583902,0
18-300-00101,2025-11-04,0.0,0.0,0.1,73.30000000000001,78.79,1718.8,28.3,322.7,0.0,0.0,0
18-300-00101,2025-11-05,0.0,2.08,0.1,73.00000000000001,78.79,1718.8,28.3,322.7,0.0,0.0,0
18-300-00101,2025-11-06,2.6,0.08000000000000002,2.6,62.8,78.79,1718.8,28.3,322.7,0.9221706980824664,1.4295139652518145,0
18-300-00101,2025-11-07,0.1,0.0,2.7,21.000000000000007,78.79,1718.8,28.3,322.7,0.03546810377240255,0.05498130635583902,0
18-300-00101,2025-11-08,0.0,0.0,2.7,2.8000000000000074,78.79,1718.8,28.3,322.7,0.0,0.0,0
18-300-00101,2025-11-09,0.0,0.0,0.1,2.8000000000000074,78.79,1718.8,28.3,322.7,0.0,0.0,0
18-300-00101,2025-11-10,0.0,0.16000000000000003,0.0,2.7000000000000073,78.79,1718.8,28.3,322.7,0.0,0.0,0
18-300-00101,2025-11-11,0.2,0.0,0.2,2.900000000000007,78.79,1718.8,28.3,322.7,0.0709362075448051,0.10996261271167804,0
18-300-00101,2025-11-12,0.0,0.08000000000000002,0.2,2.900000000000007,78.79,1718.8,28.3,322.7,0.0,0.0,0
18-300-00101,2025-11-13,0.1,0.32000000000000006,0.30000000000000004,0.4000000000000071,78.79,1718.8,28.3,322.7,0.03546810377240255,0.05498130635583902,0
18-300-00101,2025-11-14,0.4,0.0,0.5,0.7000000000000072,78.79,1718.8,28.3,322.7,0.1418724150896102,0.21992522542335607,0
18-300-00101,2025-11-15,0.0,0.0,0.5,0.7000000000000072,78.79,1718.8,28.3,322.7,0.0,0.0,0
18-300-00101,2025-11-16,0.0,0.0,0.4000000000000001,0.7000000000000072,78.79,1718.8,28.3,322.7,0.0,0.0,0
18-300-00101,2025-11-17,0.0,0.0,0.0,0.7000000000000072,78.79,1718.8,28.3,322.7,0.0,0.0,0
18-300-00101,2025-11-18,0.0,0.0,0.0,0.5000000000000071,78.79,1718.8,28.3,322.7,0.0,0.0,0
18-300-00101,2025-11-19,0.0,0.0,0.0,0.5000000000000071,78.79,1718.8,28.3,322.7,0.0,0.0,0
18-300-00101,2025-11-20,0.0,0.0,0.0,0.4000000000000071,78.79,1718.8,28.3,322.7,0.0,0.0,0
18-300-00101,2025-11-21,0.0,0.48,0.0,0.0,78.79,1718.8,28.3,322.7,0.0,0.0,0
18-300-00101,2025-11-22,0.6,0.7200000000000001,0.6000000000000001,0.6000000000000071,78.79,1718.8,28.3,322.7,0.21280862263441533,0.3298878381350341,0
18-300-00101,2025-11-23,0.9,0.0,1.5,1.500000000000007,78.79,1718.8,28.3,322.7,0.31921293395162303,0.4948317572025511,0
18-300-00101,2025-11-24,0.0,0.0,1.5,1.500000000000007,78.79,1718.8,28.3,322.7,0.0,0.0,0
18-300-00101,2025-11-25,0.0,0.0,0.9,1.500000000000007,78.79,1718.8,28.3,322.7,0.0,0.0,0
18-300-00101,2025-11-26,0.0,0.0,0.0,1.500000000000007,78.79,1718.8,28.3,322.7,0.0,0.0,0
18-300-00101,2025-11-27,0.0,0.0,0.0,1.500000000000007,78.79,1718.8,28.3,322.7,0.0,0.0,0
18-300-00101,2025-11-28,0.0,0.0,0.0,1.500000000000007,78.79,1718.8,28.3,322.7,0.0,0.0,0
18-300-00101,2025-11-29,0.0,0.0,0.0,0.9000000000000071,78.79,1718.8,28.3,322.7,0.0,0.0,0
18-300-00101,2025-11-30,0.0,0.0,0.0,0.0,78.79,1718.8,28.3,322.7,0.0,0.0,0
18-300-00101,2025-12-01,0.0,0.0,0.0,0.0,78.79,1718.8,28.3,322.7,0.0,0.0,0
18-300-00101,2025-12-02,0.0,0.0,0.0,0.0,78.79,1718.8,28.3,322.7,0.0,0.0,0
18-300-00101,2025-12-03,0.0,0.0,0.0,0.0,78.79,1718.8,28.3,322.7,0.0,0.0,0
18-300-00101,2025-12-04,0.0,0.0,0.0,0.0,78.79,1718.8,28.3,322.7,0.0,0.0,0
18-300-00101,2025-12-05,0.0,0.0,0.0,0.0,78.79,1718.8,28.3,322.7,0.0,0.0,0
18-300-00101,2025-12-06,0.0,0.0,0.0,0.0,78.79,1718.8,28.3,322.7,0.0,0.0,0
18-300-00101,2025-12-07,0.0,0.0,0.0,0.0,78.79,1718.8,28.3,322.7,0.0,0.0,0
18-300-00101,2025-12-08,0.0,0.0,0.0,0.0,78.79,1718.8,28.3,322.7,0.0,0.0,0
18-300-00101,2025-12-09,0.0,0.0,0.0,0.0,78.79,1718.8,28.3,322.7,0.0,0.0,0
18-300-00101,2025-12-10,0.0,0.0,0.0,0.0,78.79,1718.8,28.3,322.7,0.0,0.0,0
18-300-00101,2025-12-11,0.0,0.0,0.0,0.0,78.79,1718.8,28.3,322.7,0.0,0.0,0
18-300-00101,2025-12-12,0.0,0.0,0.0,0.0,78.79,1718.8,28.3,322.7,0.0,0.0,0
18-300-00101,2025-12-13,0.0,0.0,0.0,0.0,78.79,1718.8,28.3,322.7,0.0,0.0,0
18-300-00101,2025-12-14,0.0,0.0,0.0,0.0,78.79,1718.8,28.3,322.7,0.0,0.0,0
18-300-00101,2025-12-15,0.0,0.0,0.0,0.0,78.79,1718.8,28.3,322.7,0.0,0.0,0
18-300-00101,2025-12-16,0.0,0.0,0.0,0.0,78.79,1718.8,28.3,322.7,0.0,0.0,0
18-300-00101,2025-12-17,0.0,0.0,0.0,0.0,78.79,1718.8,28.3,322.7,0.0,0.0,0
18-300-00101,2025-12-18,0.0,0.0,0.0,0.0,78.79,1718.8,28.3,322.7,0.0,0.0,0
18-300-00101,2025-12-19,0.0,0.0,0.0,0.0,78.79,1718.8,28.3,322.7,0.0,0.0,0
18-300-00101,2025-12-20,0.0,0.0,0.0,0.0,78.79,1718.8,28.3,322.7,0.0,0.0,0
18-300-00101,2025-12-21,0.0,0.0,0.0,0.0,78.79,1718.8,28.3,322.7,0.0,0.0,0
18-300-00101,2025-12-22,0.0,0.16000000000000003,0.0,0.0,78.79,1718.8,28.3,322.7,0.0,0.0,0
18-300-00101,2025-12-23,0.2,0.6400000000000001,0.2,0.20000000000000712,78.79,1718.8,28.3,322.7,0.0709362075448051,0.10996261271167804,0
18-300-00101,2025-12-24,0.8,0.0,1.0,1.000000000000007,78.79,1718.8,28.3,322.7,0.2837448301792204,0.43985045084671215,0
18-300-00101,2025-12-25,0.0,0.0,1.0,1.000000000000007,78.79,1718.8,28.3,322.7,0.0,0.0,0
18-300-00101,2025-12-26,0.0,0.16000000000000003,0.8,1.000000000000007,78.79,1718.8,28.3,322.7,0.0,0.0,0
18-300-00101,2025-12-27,0.2,0.08000000000000002,0.2,1.200000000000007,78.79,1718.8,28.3,322.7,0.0709362075448051,0.10996261271167804,0
18-300-00101,2025-12-28,0.1,0.0,0.30000000000000004,1.3000000000000071,78.79,1718.8,28.3,322.7,0.03546810377240255,0.05498130635583902,0
18-300-00101,2025-12-29,0.0,0.0,0.30000000000000004,1.3000000000000071,78.79,1718.8,28.3,322.7,0.0,0.0,0
18-300-00101,2025-12-30,0.0,0.0,0.1,1.1000000000000072,78.79,1718.8,28.3,322.7,0.0,0.0,0
18-300-00101,2025-12-31,0.0,0.0,0.0,0.30000000000000715,78.79,1718.8,28.3,322.7,0.0,0.0,0
18-300-00101,2026-01-01,0.0,0.0,0.0,0.30000000000000715,78.79,1718.8,28.3,322.7,0.0,0.0,0
18-300-00101,2026-01-02,0.0,1.04,0.0,0.30000000000000715,78.79,1718.8,28.3,322.7,0.0,0.0,0
18-300-00101,2026-01-03,1.3,0.0,1.3,1.4000000000000072,78.79,1718.8,28.3,322.7,0.4610853490412332,0.7147569826259073,0
18-300-00101,2026-01-04,0.0,0.0,1.3,1.3000000000000071,78.79,1718.8,28.3,322.7,0.0,0.0,0
18-300-00101,2026-01-05,0.0,0.0,1.3,1.3000000000000071,78.79,1718.8,28.3,322.7,0.0,0.0,0
18-300-00101,2026-01-06,0.0,0.0,0.0,1.3000000000000071,78.79,1718.8,28.3,322.7,0.0,0.0,0
18-300-00101,2026-01-07,0.0,0.0,0.0,1.3000000000000071,78.79,1718.8,28.3,322.7,0.0,0.0,0
18-300-00101,2026-01-08,0.0,0.0,0.0,1.3000000000000071,78.79,1718.8,28.3,322.7,0.0,0.0,0
18-300-00101,2026-01-09,0.0,0.0,0.0,1.3000000000000071,78.79,1718.8,28.3,322.7,0.0,0.0,0
18-300-00101,2026-01-10,0.0,0.0,0.0,0.0,78.79,1718.8,28.3,322.7,0.0,0.0,0
18-300-00101,2026-01-11,0.0,0.0,0.0,0.0,78.79,1718.8,28.3,322.7,0.0,0.0,0
18-300-00101,2026-01-12,0.0,0.0,0.0,0.0,78.79,1718.8,28.3,322.7,0.0,0.0,0
18-300-00101,2026-01-13,0.0,0.0,0.0,0.0,78.79,1718.8,28.3,322.7,0.0,0.0,0
18-300-00101,2026-01-14,0.0,0.0,0.0,0.0,78.79,1718.8,28.3,322.7,0.0,0.0,0
18-300-00101,2026-01-15,0.0,0.0,0.0,0.0,78.79,1718.8,28.3,322.7,0.0,0.0,0
18-300-00101,2026-01-16,0.0,0.0,0.0,0.0,78.79,1718.8,28.3,322.7,0.0,0.0,0
18-300-00101,2026-01-17,0.0,0.0,0.0,0.0,78.79,1718.8,28.3,322.7,0.0,0.0,0
18-300-00101,2026-01-18,0.0,0.0,0.0,0.0,78.79,1718.8,28.3,322.7,0.0,0.0,0
18-300-00101,2026-01-19,0.0,0.5599999999999999,0.0,0.0,78.79,1718.8,28.3,322.7,0.0,0.0,0
18-300-00101,2026-01-20,0.7,0.48,0.7,0.7000000000000071,78.79,1718.8,28.3,322.7,0.24827672640681786,0.38486914449087306,0
18-300-00101,2026-01-21,0.6,0.08000000000000002,1.2999999999999998,1.300000000000007,78.79,1718.8,28.3,322.7,0.21280862263441533,0.3298878381350341,0
18-300-00101,2026-01-22,0.1,0.0,1.4,1.400000000000007,78.79,1718.8,28.3,322.7,0.03546810377240255,0.05498130635583902,0
18-300-00101,2026-01-23,0.0,0.0,0.7,1.400000000000007,78.79,1718.8,28.3,322.7,0.0,0.0,0
18-300-00101,2026-01-24,0.0,0.0,0.1,1.400000000000007,78.79,1718.8,28.3,322.7,0.0,0.0,0
18-300-00101,2026-01-25,0.0,0.0,0.0,1.400000000000007,78.79,1718.8,28.3,322.7,0.0,0.0,0
18-300-00101,2026-01-26,0.0,0.0,0.0,1.400000000000007,78.79,1718.8,28.3,322.7,0.0,0.0,0
18-300-00101,2026-01-27,0.0,0.0,0.0,0.7000000000000071,78.79,1718.8,28.3,322.7,0.0,0.0,0
18-300-00101,2026-01-28,0.0,0.8,0.0,0.10000000000000711,78.79,1718.8,28.3,322.7,0.0,0.0,0
18-300-00101,2026-01-29,1.0,0.0,1.0,1.000000000000007,78.79,1718.8,28.3,322.7,0.35468103772402554,0.5498130635583901,0
18-300-00101,2026-01-30,0.0,0.0,1.0,1.000000000000007,78.79,1718.8,28.3,322.7,0.0,0.0,0
18-300-00101,2026-01-31,0.0,0.0,1.0,1.000000000000007,78.79,1718.8,28.3,322.7,0.0,0.0,0
18-300-00101,2026-02-01,0.0,0.0,0.0,1.000000000000007,78.79,1718.8,28.3,322.7,0.0,0.0,0
18-300-00101,2026-02-02,0.0,0.0,0.0,1.000000000000007,78.79,1718.8,28.3,322.7,0.0,0.0,0
18-300-00101,2026-02-03,0.0,0.08000000000000002,0.0,1.000000000000007,78.79,1718.8,28.3,322.7,0.0,0.0,0
18-300-00101,2026-02-04,0.1,0.0,0.1,1.1000000000000072,78.79,1718.8,28.3,322.7,0.03546810377240255,0.05498130635583902,0
18-300-00101,2026-02-05,0.0,0.0,0.1,0.10000000000000711,78.79,1718.8,28.3,322.7,0.0,0.0,0
18-300-00101,2026-02-06,0.0,0.0,0.1,0.10000000000000711,78.79,1718.8,28.3,322.7,0.0,0.0,0
18-300-00101,2026-02-07,0.0,0.08000000000000002,0.0,0.10000000000000711,78.79,1718.8,28.3,322.7,0.0,0.0,0
18-300-00101,2026-02-08,0.1,0.0,0.1,0.20000000000000712,78.79,1718.8,28.3,322.7,0.03546810377240255,0.05498130635583902,0
18-300-00101,2026-02-09,0.0,0.0,0.1,0.20000000000000712,78.79,1718.8,28.3,322.7,0.0,0.0,0
18-300-00101,2026-02-10,0.0,0.0,0.1,0.20000000000000712,78.79,1718.8,28.3,322.7,0.0,0.0,0
18-300-00101,2026-02-11,0.0,0.0,0.0,0.10000000000000711,78.79,1718.8,28.3,322.7,0.0,0.0,0
18-300-00101,2026-02-12,0.0,0.0,0.0,0.10000000000000711,78.79,1718.8,28.3,322.7,0.0,0.0,0
18-300-00101,2026-02-13,0.0,0.0,0.0,0.10000000000000711,78.79,1718.8,28.3,322.7,0.0,0.0,0
18-300-00101,2026-02-14,0.0,0.0,0.0,0.10000000000000711,78.79,1718.8,28.3,322.7,0.0,0.0,0
18-300-00101,2026-02-15,0.0,0.0,0.0,0.0,78.79,1718.8,28.3,322.7,0.0,0.0,0
18-300-00101,2026-02-16,0.0,0.0,0.0,0.0,78.79,1718.8,28.3,322.7,0.0,0.0,0
18-300-00101,2026-02-17,0.0,0.0,0.0,0.0,78.79,1718.8,28.3,322.7,0.0,0.0,0
18-300-00101,2026-02-18,0.0,0.0,0.0,0.0,78.79,1718.8,28.3,322.7,0.0,0.0,0
18-300-00101,2026-02-19,0.0,0.0,0.0,0.0,78.79,1718.8,28.3,322.7,0.0,0.0,0
18-300-00101,2026-02-20,0.0,0.0,0.0,0.0,78.79,1718.8,28.3,322.7,0.0,0.0,0
18-300-00101,2026-02-21,0.0,0.0,0.0,0.0,78.79,1718.8,28.3,322.7,0.0,0.0,0
18-300-00101,2026-02-22,0.0,0.08000000000000002,0.0,0.0,78.79,1718.8,28.3,322.7,0.0,0.0,0
18-300-00101,2026-02-23,0.1,0.0,0.1,0.10000000000000711,78.79,1718.8,28.3,322.7,0.03546810377240255,0.05498130635583902,0
18-300-00101,2026-02-24,0.0,0.24,0.1,0.10000000000000711,78.79,1718.8,28.3,322.7,0.0,0.0,0
18-300-00101,2026-02-25,0.3,0.0,0.4,0.4000000000000071,78.79,1718.8,28.3,322.7,0.10640431131720766,0.16494391906751704,0
18-300-00101,2026-02-26,0.0,0.16000000000000003,0.3,0.40000000000000707,78.79,1718.8,28.3,322.7,0.0,0.0,0
18-300-00101,2026-02-27,0.2,0.48,0.49999999999999994,0.6000000000000071,78.79,1718.8,28.3,322.7,0.0709362075448051,0.10996261271167804,0
18-300-00101,2026-02-28,0.6,3.44,0.8,1.200000000000007,78.79,1718.8,28.3,322.7,0.21280862263441533,0.3298878381350341,0
18-300-00101,2026-03-01,4.3,0.32000000000000006,5.1,5.500000000000007,78.79,1718.8,28.3,322.7,1.5251284622133099,2.3641961733010777,0
18-300-00101,2026-03-02,0.4,0.0,5.3,5.800000000000008,78.79,1718.8,28.3,322.7,0.1418724150896102,0.21992522542335607,0
18-300-00101,2026-03-03,0.0,0.0,4.7,5.800000000000008,78.79,1718.8,28.3,322.7,0.0,0.0,0
18-300-00101,2026-03-04,0.0,0.0,0.4,5.500000000000007,78.79,1718.8,28.3,322.7,0.0,0.0,0
18-300-00101,2026-03-05,0.0,0.0,0.0,5.500000000000007,78.79,1718.8,28.3,322.7,0.0,0.0,0
18-300-00101,2026-03-06,0.0,0.0,0.0,5.300000000000008,78.79,1718.8,28.3,322.7,0.0,0.0,0
18-300-00101,2026-03-07,0.0,0.0,0.0,4.700000000000007,78.79,1718.8,28.3,322.7,0.0,0.0,0
18-300-00101,2026-03-08,0.0,4.4,0.0,0.4000000000000071,78.79,1718.8,28.3,322.7,0.0,0.0,0
18-300-00101,2026-03-09,5.5,4.5600000000000005,5.5,5.500000000000007,78.79,1718.8,28.3,322.7,1.9507457074821406,3.023971849571146,0
18-300-00101,2026-03-10,5.7,0.32000000000000006,11.2,11.200000000000006,78.79,1718.8,28.3,322.7,2.0216819150269454,3.133934462282824,0
18-300-00101,2026-03-11,0.4,11.040000000000001,11.6,11.600000000000007,78.79,1718.8,28.3,322.7,0.1418724150896102,0.21992522542335607,0
18-300-00101,2026-03-12,13.8,67.92,19.9,25.400000000000006,78.79,1718.8,28.3,322.7,4.894598320591553,7.587420277105784,0
18-300-00101,2026-03-13,84.9,32.96,99.10000000000001,110.30000000000001,78.79,1718.8,28.3,322.7,30.112420102769768,46.679129096107324,1
18-300-00101,2026-03-14,41.2,5.36,139.9,151.5,78.79,1718.8,28.3,322.7,14.612858754229853,22.652298218605676,0
18-300-00101,2026-03-15,6.7,11.520000000000001,132.8,158.20000000000002,78.79,1718.8,28.3,322.7,2.3763629527509713,3.683747525841214,0
18-300-00101,2026-03-16,14.4,5.760000000000001,62.300000000000004,167.10000000000002,78.79,1718.8,28.3,322.7,5.1074069432259686,7.917308115240818,0
18-300-00101,2026-03-17,7.2,19.28,28.3,168.60000000000002,78.79,1718.8,28.3,322.7,2.5537034716129843,3.958654057620409,0
18-300-00101,2026-03-18,24.1,14.240000000000002,45.7,192.3,78.79,1718.8,28.3,322.7,8.547813009149017,13.250494831757203,0
18-300-00101,2026-03-19,17.8,12.8,49.1,196.3,78.79,1718.8,28.3,322.7,6.313322471487655,9.786672531339345,0
18-300-00101,2026-03-20,16.0,12.72,57.9,127.4,78.79,1718.8,28.3,322.7,5.674896603584409,8.797009016934242,0
18-300-00101,2026-03-21,15.9,0.6400000000000001,49.699999999999996,102.10000000000001,78.79,1718.8,28.3,322.7,5.639428499812007,8.742027710578403,0
18-300-00101,2026-03-22,0.8,0.7200000000000001,32.7,96.2,78.79,1718.8,28.3,322.7,0.2837448301792204,0.43985045084671215,0
18-300-00101,2026-03-23,0.9,24.72,17.6,82.7,78.79,1718.8,28.3,322.7,0.31921293395162303,0.4948317572025511,0
18-300-00101,2026-03-24,30.9,1.92,32.6,106.4,78.79,1718.8,28.3,322.7,10.95964406567239,16.989223663954256,0
18-300-00101,2026-03-25,2.4,0.08000000000000002,34.2,84.7,78.79,1718.8,28.3,322.7,0.8512344905376613,1.3195513525401363,0
18-300-00101,2026-03-26,0.1,0.16000000000000003,33.4,67.0,78.79,1718.8,28.3,322.7,0.03546810377240255,0.05498130635583902,0
18-300-00101,2026-03-27,0.2,18.96,2.7000000000000033,51.2,78.79,1718.8,28.3,322.7,0.0709362075448051,0.10996261271167804,0
18-300-00101,2026-03-28,23.7,0.0,24.000000000000004,59.0,78.79,1718.8,28.3,322.7,8.405940594059405,13.030569606333847,0
18-300-00101,2026-03-29,0.0,0.4,23.900000000000002,58.199999999999996,78.79,1718.8,28.3,322.7,0.0,0.0,0
18-300-00101,2026-03-30,0.5,5.28,24.200000000000003,57.8,78.79,1718.8,28.3,322.7,0.17734051886201277,0.27490653177919505,0
18-300-00101,2026-03-31,6.6,3.6799999999999997,7.100000000000003,33.5,78.79,1718.8,28.3,322.7,2.3408948489785684,3.628766219485375,0
18-300-00101,2026-04-01,4.6,0.8,11.700000000000003,35.7,78.79,1718.8,28.3,322.7,1.6315327735305176,2.5291400923685945,0
18-300-00101,2026-04-02,1.0,6.800000000000001,12.200000000000003,36.599999999999994,78.79,1718.8,28.3,322.7,0.35468103772402554,0.5498130635583901,0
18-300-00101,2026-04-03,8.5,4.08,14.100000000000003,44.89999999999999,78.79,1718.8,28.3,322.7,3.0147888206542173,4.673411040246316,0
18-300-00101,2026-04-04,5.1,0.08000000000000002,14.600000000000003,26.299999999999997,78.79,1718.8,28.3,322.7,1.8088732923925301,2.8040466241477895,0
18-300-00101,2026-04-05,0.1,0.0,13.700000000000003,26.4,78.79,1718.8,28.3,322.7,0.03546810377240255,0.05498130635583902,0
18-300-00101,2026-04-06,0.0,12.48,5.200000000000003,25.9,78.79,1718.8,28.3,322.7,0.0,0.0,0
18-300-00101,2026-04-07,15.6,11.280000000000001,15.700000000000003,34.9,78.79,1718.8,28.3,322.7,5.533024188494799,8.577083791510887,0
18-300-00101,2026-04-08,14.1,22.64,29.700000000000003,44.4,78.79,1718.8,28.3,322.7,5.00100263190876,7.752364196173301,0
18-300-00101,2026-04-09,28.3,4.800000000000001,58.0,71.7,78.79,1718.8,28.3,322.7,10.037473367589923,15.559709698702441,0
18-300-00101,2026-04-10,6.0,0.0,48.400000000000006,69.2,78.79,1718.8,28.3,322.7,2.1280862263441533,3.298878381350341,0
18-300-00101,2026-04-11,0.0,3.3600000000000003,34.30000000000001,64.10000000000001,78.79,1718.8,28.3,322.7,0.0,0.0,0
18-300-00101,2026-04-12,4.2,0.08000000000000002,10.200000000000003,68.2,78.79,1718.8,28.3,322.7,1.4896603584409074,2.3092148669452386,0
18-300-00101,2026-04-13,0.1,0.08000000000000002,4.300000000000003,68.3,78.79,1718.8,28.3,322.7,0.03546810377240255,0.05498130635583902,0
18-300-00101,2026-04-14,0.1,4.800000000000001,4.400000000000004,52.800000000000004,78.79,1718.8,28.3,322.7,0.03546810377240255,0.05498130635583902,0
18-300-00101,2026-04-15,6.0,0.24,6.200000000000004,44.7,78.79,1718.8,28.3,322.7,2.1280862263441533,3.298878381350341,0
18-300-00101,2026-04-16,0.3,0.08000000000000002,6.400000000000004,16.7,78.79,1718.8,28.3,322.7,0.10640431131720766,0.16494391906751704,0
18-300-00101,2026-04-17,0.1,6.0,6.400000000000004,10.8,78.79,1718.8,28.3,322.7,0.03546810377240255,0.05498130635583902,0
18-300-00101,2026-04-18,7.5,68.0,7.900000000000004,18.3,78.79,1718.8,28.3,322.7,2.6601077829301913,4.123597976687926,0
18-300-00101,2026-04-19,85.0,7.76,92.60000000000001,99.1,78.79,1718.8,28.3,322.7,30.14788820654217,46.734110402463166,1
18-300-00101,2026-04-20,9.7,45.04,102.20000000000002,108.7,78.79,1718.8,28.3,322.7,3.4404060659230478,5.333186716516384,0
18-300-00101,2026-04-21,56.3,12.4,151.0,164.89999999999998,78.79,1718.8,28.3,322.7,19.968542423862637,30.954475478337365,1
18-300-00101,2026-04-22,15.5,0.8,81.50000000000001,174.39999999999998,78.79,1718.8,28.3,322.7,5.4975560847223965,8.522102485155047,0
18-300-00101,2026-04-23,1.0,6.640000000000001,72.80000000000001,175.09999999999997,78.79,1718.8,28.3,322.7,0.35468103772402554,0.5498130635583901,0
18-300-00101,2026-04-24,8.3,2.08,24.800000000000015,183.29999999999998,78.79,1718.8,28.3,322.7,2.9438526131094123,4.563448427534639,0
18-300-00101,2026-04-25,2.6,5.2,11.900000000000015,178.39999999999998,78.79,1718.8,28.3,322.7,0.9221706980824664,1.4295139652518145,0
18-300-00101,2026-04-26,6.5,9.76,17.400000000000013,99.89999999999999,78.79,1718.8,28.3,322.7,2.3054267452061663,3.573784913129536,0
18-300-00101,2026-04-27,12.2,9.28,21.30000000000001,102.39999999999998,78.79,1718.8,28.3,322.7,4.327108660233112,6.70771937541236,0
18-300-00101,2026-04-28,11.6,13.36,30.30000000000001,57.69999999999999,78.79,1718.8,28.3,322.7,4.114300037598696,6.377831537277325,0
18-300-00101,2026-04-29,16.7,11.040000000000001,40.500000000000014,58.899999999999984,78.79,1718.8,28.3,322.7,5.923173329991227,9.181878161425114,0
18-300-00101,2026-04-30,13.8,7.040000000000001,42.100000000000016,71.69999999999999,78.79,1718.8,28.3,322.7,4.894598320591553,7.587420277105784,0
18-300-00101,2026-05-01,8.8,7.5200000000000005,39.30000000000001,72.19999999999999,78.79,1718.8,28.3,322.7,3.121193131971425,4.8383549593138335,0
18-300-00101,2026-05-02,9.4,2.16,32.000000000000014,78.99999999999999,78.79,1718.8,28.3,322.7,3.3340017546058407,5.168242797448868,0
18-300-00101,2026-05-03,2.7,2.0,20.900000000000016,75.19999999999997,78.79,1718.8,28.3,322.7,0.957638801854869,1.4844952716076536,0
18-300-00101,2026-05-04,2.5,4.64,14.600000000000016,65.49999999999999,78.79,1718.8,28.3,322.7,0.8867025943100638,1.3745326588959754,0
18-300-00101,2026-05-05,5.8,1.52,11.000000000000014,59.69999999999999,78.79,1718.8,28.3,322.7,2.057150018799348,3.1889157686386627,0
18-300-00101,2026-05-06,1.9,0.0,10.200000000000015,44.899999999999984,78.79,1718.8,28.3,322.7,0.6738939716756485,1.0446448207609413,0
18-300-00101,2026-05-07,0.0,1.2800000000000002,7.7000000000000135,31.099999999999987,78.79,1718.8,28.3,322.7,0.0,0.0,0
18-300-00101,2026-05-08,1.6,0.0,3.500000000000014,23.899999999999984,78.79,1718.8,28.3,322.7,0.5674896603584408,0.8797009016934243,0
18-300-00101,2026-05-09,0.0,11.440000000000001,1.6000000000000143,14.499999999999986,78.79,1718.8,28.3,322.7,0.0,0.0,0
18-300-00101,2026-05-10,14.3,3.2,15.900000000000015,26.099999999999987,78.79,1718.8,28.3,322.7,5.071938839453566,7.86232680888498,0
18-300-00101,2026-05-11,4.0,1.2800000000000002,18.300000000000015,27.599999999999987,78.79,1718.8,28.3,322.7,1.4187241508961022,2.1992522542335604,0
18-300-00101,2026-05-12,1.6,13.680000000000001,19.900000000000016,23.399999999999988,78.79,1718.8,28.3,322.7,0.5674896603584408,0.8797009016934243,0
18-300-00101,2026-05-13,17.1,4.5600000000000005,22.700000000000017,38.599999999999994,78.79,1718.8,28.3,322.7,6.0650457450808375,9.401803386848472,0
18-300-00101,2026-05-14,5.7,24.240000000000002,24.400000000000016,44.29999999999999,78.79,1718.8,28.3,322.7,2.0216819150269454,3.133934462282824,0
18-300-00101,2026-05-15,30.3,30.880000000000003,53.100000000000016,72.99999999999999,78.79,1718.8,28.3,322.7,10.746835443037973,16.659335825819223,0
18-300-00101,2026-05-16,38.6,44.64,74.60000000000002,111.6,78.79,1718.8,28.3,322.7,13.690688056147387,21.22278425335386,0
18-300-00101,2026-05-17,55.8,6.16,124.70000000000002,153.1,78.79,1718.8,28.3,322.7,19.791201905000623,30.67956894655817,1
18-300-00101,2026-05-18,7.7,0.0,102.10000000000001,156.79999999999998,78.79,1718.8,28.3,322.7,2.731043990474997,4.2335605893996044,0
18-300-00101,2026-05-19,0.0,0.7200000000000001,63.500000000000014,155.2,78.79,1718.8,28.3,322.7,0.0,0.0,0
18-300-00101,2026-05-20,0.9,19.12,8.600000000000014,138.99999999999997,78.79,1718.8,28.3,322.7,0.31921293395162303,0.4948317572025511,0
18-300-00101,2026-05-21,23.9,6.4,24.80000000000001,157.2,78.79,1718.8,28.3,322.7,8.476876801604211,13.140532219045523,0
18-300-00101,2026-05-22,8.0,23.040000000000003,32.80000000000001,134.89999999999998,78.79,1718.8,28.3,322.7,2.8374483017922043,4.398504508467121,0
18-300-00101,2026-05-23,28.8,107.36,60.70000000000002,125.09999999999998,78.79,1718.8,28.3,322.7,10.214813886451937,15.834616230481636,0
18-300-00101,2026-05-24,134.2,39.120000000000005,171.0,203.49999999999997,78.79,1718.8,28.3,322.7,47.598195262564225,73.78491312953595,1
18-300-00101,2026-05-25,48.9,7.040000000000001,211.9,244.7,78.79,1718.8,28.3,322.7,17.34390274470485,26.885858808005278,0
18-300-00101,2026-05-26,8.8,2.8000000000000003,191.89999999999998,253.49999999999997,78.79,1718.8,28.3,322.7,3.121193131971425,4.8383549593138335,0
18-300-00101,2026-05-27,3.5,6.32,61.2,256.09999999999997,78.79,1718.8,28.3,322.7,1.2413836320340894,1.9243457224543656,0
18-300-00101,2026-05-28,7.9,0.0,20.200000000000003,240.09999999999997,78.79,1718.8,28.3,322.7,2.8019801980198022,4.343523202111283,0
18-300-00101,2026-05-29,0.0,2.9600000000000004,11.4,232.09999999999997,78.79,1718.8,28.3,322.7,0.0,0.0,0
18-300-00101,2026-05-30,3.7,0.5599999999999999,11.600000000000001,206.99999999999997,78.79,1718.8,28.3,322.7,1.3123198395788946,2.0343083351660436,0
18-300-00101,2026-05-31,0.7,0.6400000000000001,4.4,73.49999999999997,78.79,1718.8,28.3,322.7,0.24827672640681786,0.38486914449087306,0
18-300-00101,2026-06-01,0.8,1.4400000000000002,5.2,25.399999999999974,78.79,1718.8,28.3,322.7,0.2837448301792204,0.43985045084671215,0
18-300-00101,2026-06-02,1.8,8.32,3.3,18.399999999999974,78.79,1718.8,28.3,322.7,0.6384258679032461,0.9896635144051023,0
18-300-00101,2026-06-03,10.4,39.68000000000001,13.0,25.299999999999972,78.79,1718.8,28.3,322.7,3.6886827923298657,5.718055861007258,0
18-300-00101,2026-06-04,49.6,23.200000000000003,61.8,66.99999999999997,78.79,1718.8,28.3,322.7,17.592179471111667,27.270727952496152,0
18-300-00101,2026-06-05,29.0,28.080000000000002,89.0,95.99999999999997,78.79,1718.8,28.3,322.7,10.285750093996741,15.944578843193314,0
18-300-00101,2026-06-06,35.1,3.6799999999999997,113.7,127.39999999999998,78.79,1718.8,28.3,322.7,12.449304424113297,19.298438530899496,0
18-300-00101,2026-06-07,4.6,31.200000000000003,68.7,131.29999999999998,78.79,1718.8,28.3,322.7,1.6315327735305176,2.5291400923685945,0
18-300-00101,2026-06-08,39.0,55.120000000000005,78.70000000000002,169.49999999999997,78.79,1718.8,28.3,322.7,13.832560471236997,21.442709478777218,0
18-300-00101,2026-06-09,68.9,38.0,112.50000000000003,236.6,78.79,1718.8,28.3,322.7,24.43752349918536,37.882120079173085,1
18-300-00101,2026-06-10,47.5,10.72,155.40000000000003,273.7,78.79,1718.8,28.3,322.7,16.847349291891213,26.116120519023532,0
18-300-00101,2026-06-11,13.4,11.920000000000002,129.80000000000004,237.49999999999997,78.79,1718.8,28.3,322.7,4.752725905501943,7.367495051682428,0
18-300-00101,2026-06-12,14.9,16.16,75.80000000000003,223.4,78.79,1718.8,28.3,322.7,5.284747462087981,8.192214647020014,0
18-300-00101,2026-06-13,20.2,21.6,48.50000000000003,208.49999999999997,78.79,1718.8,28.3,322.7,7.164556962025316,11.106223883879482,0
18-300-00101,2026-06-14,27.0,28.64,62.10000000000003,230.89999999999998,78.79,1718.8,28.3,322.7,9.57638801854869,14.844952716076534,0
18-300-00101,2026-06-15,35.8,10.32,83.00000000000003,227.7,78.79,1718.8,28.3,322.7,12.697581150520113,19.683307675390367,0
18-300-00101,2026-06-16,12.9,18.16,75.70000000000003,171.69999999999996,78.79,1718.8,28.3,322.7,4.57538538663993,7.0925885199032335,0
18-300-00101,2026-06-17,22.7,30.480000000000004,71.40000000000003,146.89999999999998,78.79,1718.8,28.3,322.7,8.05125955633538,12.480756542775456,0
18-300-00101,2026-06-18,38.1,9.440000000000001,73.70000000000003,171.59999999999997,78.79,1718.8,28.3,322.7,13.513347537285373,20.947877721574667,0
18-300-00101,2026-06-19,11.8,45.120000000000005,72.60000000000004,168.49999999999997,78.79,1718.8,28.3,322.7,4.185236245143502,6.487794149989004,0
18-300-00101,2026-06-20,56.4,35.12,106.30000000000003,204.7,78.79,1718.8,28.3,322.7,20.00401052763504,31.009456784693203,1
18-300-00101,2026-06-21,43.9,26.72,112.10000000000002,221.59999999999997,78.79,1718.8,28.3,322.7,15.57049755608472,24.13679349021333,0
18-300-00101,2026-06-22,33.4,24.400000000000002,133.70000000000002,219.19999999999996,78.79,1718.8,28.3,322.7,11.846346659982453,18.36375632285023,0
18-300-00101,2026-06-23,30.5,14.64,107.80000000000003,236.79999999999998,78.79,1718.8,28.3,322.7,10.81777165058278,16.7692984385309,0
18-300-00101,2026-06-24,18.3,29.200000000000003,82.20000000000003,232.39999999999998,78.79,1718.8,28.3,322.7,6.4906629903496675,10.06157906311854,0
18-300-00101,2026-06-25,36.5,33.2,85.30000000000004,230.79999999999995,78.79,1718.8,28.3,322.7,12.945857876926933,20.06817681988124,0
18-300-00101,2026-06-26,41.5,46.24,96.30000000000004,260.49999999999994,78.79,1718.8,28.3,322.7,14.71926306554706,22.81724213767319,0
18-300-00101,2026-06-27,57.8,36.24,135.80000000000004,261.9,78.79,1718.8,28.3,322.7,20.500563980448675,31.77919507367495,1
18-300-00101,2026-06-28,45.3,43.6,144.60000000000002,263.29999999999995,78.79,1718.8,28.3,322.7,16.067051008898357,24.906531779195074,0
18-300-00101,2026-06-29,54.5,6.0,157.60000000000002,284.4,78.79,1718.8,28.3,322.7,19.330116555959393,29.964811963932263,1
18-300-00101,2026-06-30,7.5,13.52,107.30000000000004,261.4,78.79,1718.8,28.3,322.7,2.6601077829301913,4.123597976687926,0
18-300-00101,2026-07-01,16.9,2.16,78.90000000000003,259.99999999999994,78.79,1718.8,28.3,322.7,5.994109537536032,9.291840774136793,0
18-300-00101,2026-07-02,2.7,2.08,27.100000000000033,226.19999999999996,78.79,1718.8,28.3,322.7,0.957638801854869,1.4844952716076536,0
18-300-00101,2026-07-03,2.6,1.6,22.200000000000035,187.29999999999998,78.79,1718.8,28.3,322.7,0.9221706980824664,1.4295139652518145,0
18-300-00101,2026-07-04,2.0,16.240000000000002,7.300000000000036,131.49999999999997,78.79,1718.8,28.3,322.7,0.7093620754480511,1.0996261271167802,0
18-300-00101,2026-07-05,20.3,23.040000000000003,24.900000000000038,106.49999999999997,78.79,1718.8,28.3,322.7,7.2000250657977185,11.16120519023532,0
18-300-00101,2026-07-06,28.8,30.24,51.10000000000004,80.79999999999997,78.79,1718.8,28.3,322.7,10.214813886451937,15.834616230481636,0
18-300-00101,2026-07-07,37.8,13.680000000000001,86.90000000000003,111.09999999999997,78.79,1718.8,28.3,322.7,13.406943225968165,20.782933802507145,0
18-300-00101,2026-07-08,17.1,23.92,83.70000000000005,111.29999999999995,78.79,1718.8,28.3,322.7,6.0650457450808375,9.401803386848472,0
18-300-00101,2026-07-09,29.9,20.32,84.80000000000004,138.49999999999997,78.79,1718.8,28.3,322.7,10.604963027948363,16.439410600395863,0
18-300-00101,2026-07-10,25.4,18.56,72.40000000000003,161.29999999999998,78.79,1718.8,28.3,322.7,9.008898358190248,13.965251814383109,0
18-300-00101,2026-07-11,23.2,46.64,78.50000000000003,182.49999999999997,78.79,1718.8,28.3,322.7,8.228600075197392,12.75566307455465,0
18-300-00101,2026-07-12,58.3,117.2,106.90000000000003,220.49999999999994,78.79,1718.8,28.3,322.7,20.67790449931069,32.05410160545414,1
18-300-00101,2026-07-13,146.5,18.8,228.00000000000003,338.19999999999993,78.79,1718.8,28.3,322.7,51.96077202656974,80.54761381130416,1
18-300-00101,2026-07-14,23.5,21.680000000000003,228.30000000000004,323.9,78.79,1718.8,28.3,322.7,8.335004386514601,12.920606993622169,0
18-300-00101,2026-07-15,27.1,6.0,197.10000000000005,333.9,78.79,1718.8,28.3,322.7,9.611856122321093,14.899934022432374,0
18-300-00101,2026-07-16,7.5,38.160000000000004,58.10000000000006,311.5,78.79,1718.8,28.3,322.7,2.6601077829301913,4.123597976687926,0
18-300-00101,2026-07-17,47.7,35.12,82.30000000000007,333.79999999999995,78.79,1718.8,28.3,322.7,16.91828549943602,26.226083131735212,0
18-300-00101,2026-07-18,43.9,44.72,99.10000000000005,354.49999999999994,78.79,1718.8,28.3,322.7,15.57049755608472,24.13679349021333,0
18-300-00101,2026-07-19,55.9,13.680000000000001,147.50000000000006,352.09999999999997,78.79,1718.8,28.3,322.7,19.82667000877303,30.73455025291401,1
18-300-00101,2026-07-20,17.1,6.08,116.90000000000006,222.69999999999993,78.79,1718.8,28.3,322.7,6.0650457450808375,9.401803386848472,0
18-300-00101,2026-07-21,7.6,10.96,80.60000000000005,206.79999999999995,78.79,1718.8,28.3,322.7,2.695575886702594,4.178579283043765,0
18-300-00101,2026-07-22,13.7,10.88,38.400000000000055,193.39999999999995,78.79,1718.8,28.3,322.7,4.85913021681915,7.532438970749944,0
18-300-00101,2026-07-23,13.6,3.12,34.900000000000055,199.49999999999994,78.79,1718.8,28.3,322.7,4.823662113046748,7.477457664394106,0
18-300-00101,2026-07-24,3.9,0.32000000000000006,31.200000000000053,155.69999999999993,78.79,1718.8,28.3,322.7,1.3832560471236997,2.1442709478777218,0
18-300-00101,2026-07-25,0.4,0.32000000000000006,17.90000000000006,112.19999999999995,78.79,1718.8,28.3,322.7,0.1418724150896102,0.21992522542335607,0
18-300-00101,2026-07-26,0.4,9.28,4.700000000000057,56.699999999999946,78.79,1718.8,28.3,322.7,0.1418724150896102,0.21992522542335607,0
18-300-00101,2026-07-27,11.6,0.48,12.400000000000057,51.19999999999994,78.79,1718.8,28.3,322.7,4.114300037598696,6.377831537277325,0
18-300-00101,2026-07-28,0.6,23.200000000000003,12.600000000000056,44.19999999999994,78.79,1718.8,28.3,322.7,0.21280862263441533,0.3298878381350341,0
18-300-00101,2026-07-29,29.0,29.52,41.20000000000006,59.49999999999994,78.79,1718.8,28.3,322.7,10.285750093996741,15.944578843193314,0
18-300-00101,2026-07-30,36.9,17.52,66.50000000000006,82.79999999999994,78.79,1718.8,28.3,322.7,13.087730292016543,20.288102045304598,0
18-300-00101,2026-07-31,21.9,23.52,87.80000000000005,100.79999999999993,78.79,1718.8,28.3,322.7,7.7675147261561595,12.040906091928743,0
18-300-00101,2026-08-01,29.4,33.760000000000005,88.20000000000005,129.79999999999995,78.79,1718.8,28.3,322.7,10.427622509086351,16.16450406861667,0
18-300-00101,2026-08-02,42.2,24.560000000000002,93.50000000000006,171.59999999999994,78.79,1718.8,28.3,322.7,14.96753979195388,23.202111282164065,0
18-300-00101,2026-08-03,30.7,58.0,102.30000000000004,190.69999999999993,78.79,1718.8,28.3,322.7,10.888707858127583,16.879261051242576,0
18-300-00101,2026-08-04,72.5,37.44,145.40000000000003,262.59999999999997,78.79,1718.8,28.3,322.7,25.714375234991852,39.86144710798329,1
18-300-00101,2026-08-05,46.8,1.7600000000000002,150.00000000000006,280.4,78.79,1718.8,28.3,322.7,16.599072565484395,25.731251374532658,0
18-300-00101,2026-08-06,2.2,2.16,121.50000000000004,245.69999999999993,78.79,1718.8,28.3,322.7,0.7802982829928562,1.2095887398284584,0
18-300-00101,2026-08-07,2.7,16.0,51.70000000000004,226.49999999999994,78.79,1718.8,28.3,322.7,0.957638801854869,1.4844952716076536,0
18-300-00101,2026-08-08,20.0,22.080000000000002,24.90000000000004,217.09999999999997,78.79,1718.8,28.3,322.7,7.0936207544805105,10.996261271167803,0
18-300-00101,2026-08-09,27.6,1.52,50.30000000000004,202.49999999999994,78.79,1718.8,28.3,322.7,9.789196641183105,15.174840554211569,0
18-300-00101,2026-08-10,1.9,0.08000000000000002,49.50000000000004,173.69999999999996,78.79,1718.8,28.3,322.7,0.6738939716756485,1.0446448207609413,0
18-300-00101,2026-08-11,0.1,2.4800000000000004,29.60000000000004,101.29999999999994,78.79,1718.8,28.3,322.7,0.03546810377240255,0.05498130635583902,0
18-300-00101,2026-08-12,3.1,2.9600000000000004,5.100000000000039,57.599999999999945,78.79,1718.8,28.3,322.7,1.0995112169444792,1.7044204970310095,0
18-300-00101,2026-08-13,3.7,14.719999999999999,6.900000000000039,59.09999999999994,78.79,1718.8,28.3,322.7,1.3123198395788946,2.0343083351660436,0
18-300-00101,2026-08-14,18.4,1.8399999999999999,25.20000000000004,74.79999999999994,78.79,1718.8,28.3,322.7,6.5261310941220705,10.116560369474378,0
18-300-00101,2026-08-15,2.3,22.96,24.400000000000038,57.099999999999945,78.79,1718.8,28.3,322.7,0.8157663867652588,1.2645700461842972,0
18-300-00101,2026-08-16,28.7,16.48,49.400000000000034,58.199999999999946,78.79,1718.8,28.3,322.7,10.179345782679533,15.779634924125798,0
18-300-00101,2026-08-17,20.6,17.28,51.60000000000004,76.89999999999995,78.79,1718.8,28.3,322.7,7.3064293771149265,11.326149109302838,0
18-300-00101,2026-08-18,21.6,7.2,70.90000000000005,98.39999999999995,78.79,1718.8,28.3,322.7,7.661110414838952,11.875962172861229,0
18-300-00101,2026-08-19,9.0,1.04,51.200000000000045,104.29999999999994,78.79,1718.8,28.3,322.7,3.1921293395162302,4.948317572025512,0
18-300-00101,2026-08-20,1.3,9.520000000000001,31.90000000000004,101.89999999999993,78.79,1718.8,28.3,322.7,0.4610853490412332,0.7147569826259073,0
18-300-00101,2026-08-21,11.9,0.8,22.20000000000004,95.39999999999995,78.79,1718.8,28.3,322.7,4.220704348915905,6.5427754563448435,0
18-300-00101,2026-08-22,1.0,2.0,14.20000000000004,94.09999999999995,78.79,1718.8,28.3,322.7,0.35468103772402554,0.5498130635583901,0
18-300-00101,2026-08-23,2.5,2.32,15.40000000000004,67.89999999999995,78.79,1718.8,28.3,322.7,0.8867025943100638,1.3745326588959754,0
18-300-00101,2026-08-24,2.9,23.28,6.400000000000039,50.19999999999994,78.79,1718.8,28.3,322.7,1.028575009399674,1.5944578843193313,0
18-300-00101,2026-08-25,29.1,11.200000000000001,34.50000000000004,57.699999999999946,78.79,1718.8,28.3,322.7,10.321218197769145,15.999560149549154,0
18-300-00101,2026-08-26,14.0,3.7600000000000002,46.00000000000004,62.699999999999946,78.79,1718.8,28.3,322.7,4.965534528136358,7.6973828898174625,0
18-300-00101,2026-08-27,4.7,9.28,47.80000000000005,66.09999999999995,78.79,1718.8,28.3,322.7,1.6670008773029203,2.584121398724434,0
18-300-00101,2026-08-28,11.6,2.0,30.300000000000043,65.79999999999994,78.79,1718.8,28.3,322.7,4.114300037598696,6.377831537277325,0
18-300-00101,2026-08-29,2.5,24.32,18.800000000000043,67.29999999999994,78.79,1718.8,28.3,322.7,0.8867025943100638,1.3745326588959754,0
18-300-00101,2026-08-30,30.4,12.8,44.50000000000004,95.19999999999995,78.79,1718.8,28.3,322.7,10.782303546810375,16.71431713217506,0
18-300-00101,2026-08-31,16.0,13.840000000000002,48.90000000000004,108.29999999999995,78.79,1718.8,28.3,322.7,5.674896603584409,8.797009016934242,0
18-300-00101,2026-09-01,17.3,4.800000000000001,63.700000000000045,96.49999999999994,78.79,1718.8,28.3,322.7,6.1359819526256425,9.51176599956015,0
18-300-00101,2026-09-02,6.0,4.0,39.30000000000004,88.49999999999994,78.79,1718.8,28.3,322.7,2.1280862263441533,3.298878381350341,0
18-300-00101,2026-09-03,5.0,5.28,28.300000000000043,88.79999999999994,78.79,1718.8,28.3,322.7,1.7734051886201276,2.749065317791951,0
18-300-00101,2026-09-04,6.6,5.28,17.600000000000044,83.79999999999994,78.79,1718.8,28.3,322.7,2.3408948489785684,3.628766219485375,0
18-300-00101,2026-09-05,6.6,7.359999999999999,18.200000000000042,87.89999999999995,78.79,1718.8,28.3,322.7,2.3408948489785684,3.628766219485375,0
18-300-00101,2026-09-06,9.2,6.08,22.40000000000004,66.69999999999993,78.79,1718.8,28.3,322.7,3.2630655470610352,5.058280184737189,0
18-300-00101,2026-09-07,7.6,2.0,23.40000000000004,58.29999999999994,78.79,1718.8,28.3,322.7,2.695575886702594,4.178579283043765,0
18-300-00101,2026-09-08,2.5,1.2800000000000002,19.30000000000004,43.49999999999994,78.79,1718.8,28.3,322.7,0.8867025943100638,1.3745326588959754,0
18-300-00101,2026-09-09,1.6,0.24,11.700000000000042,39.099999999999945,78.79,1718.8,28.3,322.7,0.5674896603584408,0.8797009016934243,0
18-300-00101,2026-09-10,0.3,3.7600000000000002,4.400000000000043,34.39999999999994,78.79,1718.8,28.3,322.7,0.10640431131720766,0.16494391906751704,0
18-300-00101,2026-09-11,4.7,10.08,6.600000000000043,32.49999999999994,78.79,1718.8,28.3,322.7,1.6670008773029203,2.584121398724434,0
18-300-00101,2026-09-12,12.6,22.96,17.600000000000044,38.49999999999994,78.79,1718.8,28.3,322.7,4.468981075322722,6.927644600835716,0
18-300-00101,2026-09-13,28.7,0.0,46.00000000000004,57.99999999999994,78.79,1718.8,28.3,322.7,10.179345782679533,15.779634924125798,0
18-300-00101,2026-09-14,0.0,0.6400000000000001,41.30000000000004,50.39999999999994,78.79,1718.8,28.3,322.7,0.0,0.0,0
18-300-00101,2026-09-15,0.8,3.5200000000000005,29.500000000000043,48.69999999999994,78.79,1718.8,28.3,322.7,0.2837448301792204,0.43985045084671215,0
18-300-00101,2026-09-16,4.4,9.040000000000001,5.200000000000039,51.49999999999994,78.79,1718.8,28.3,322.7,1.5605965659857124,2.4191774796569168,0
18-300-00101,2026-09-17,11.3,17.2,16.50000000000004,62.49999999999994,78.79,1718.8,28.3,322.7,4.007895726281489,6.212887618209809,0
18-300-00101,2026-09-18,21.5,0.0,37.20000000000004,79.29999999999994,78.79,1718.8,28.3,322.7,7.625642311066549,11.820980866505389,0
18-300-00101,2026-09-19,0.0,0.0,32.80000000000004,66.69999999999995,78.79,1718.8,28.3,322.7,0.0,0.0,0
18-300-00102,2025-09-19,14.5,0.8800000000000001,14.5,14.5,45.45,1585.7,28.3,365.4,8.834230355220667,8.601767811591623,0
18-300-00102,2025-09-20,1.1,0.48,15.6,15.6,45.45,1585.7,28.3,365.4,0.6701829924650161,0.6525479029483301,0
18-300-00102,2025-09-21,0.6,11.36,16.2,16.2,45.45,1585.7,28.3,365.4,0.36555435952637244,0.35593521978999815,0
18-300-00102,2025-09-22,14.2,2.32,15.899999999999999,30.4,45.45,1585.7,28.3,365.4,8.651453175457481,8.423800201696624,0
18-300-00102,2025-09-23,2.9,1.36,17.7,33.3,45.45,1585.7,28.3,365.4,1.7668460710441332,1.7203535623183244,0
18-300-00102,2025-09-24,1.7,0.16000000000000003,18.799999999999997,35.0,45.45,1585.7,28.3,365.4,1.0357373519913886,1.0084831227383282,0
18-300-00102,2025-09-25,0.2,0.0,4.8,35.199999999999996,45.45,1585.7,28.3,365.4,0.12185145317545748,0.11864507326333273,0
18-300-00102,2025-09-26,0.0,1.04,1.9,20.7,45.45,1585.7,28.3,365.4,0.0,0.0,0
18-300-00102,2025-09-27,1.3,0.7200000000000001,1.5,20.9,45.45,1585.7,28.3,365.4,0.7920344456404735,0.7711929762116627,0
18-300-00102,2025-09-28,0.9,0.4,2.2,21.2,45.45,1585.7,28.3,365.4,0.5483315392895587,0.5339028296849972,0
18-300-00102,2025-09-29,0.5,0.4,2.7,7.5,45.45,1585.7,28.3,365.4,0.3046286329386437,0.29661268315833184,0
18-300-00102,2025-09-30,0.5,16.72,1.9,5.1,45.45,1585.7,28.3,365.4,0.3046286329386437,0.29661268315833184,0
18-300-00102,2025-10-01,20.9,10.48,21.9,24.299999999999997,45.45,1585.7,28.3,365.4,12.733476856835306,12.398410156018269,0
18-300-00102,2025-10-02,13.1,6.640000000000001,34.5,37.199999999999996,45.45,1585.7,28.3,365.4,7.981270182992465,7.771252298748293,0
18-300-00102,2025-10-03,8.3,13.600000000000001,42.3,45.5,45.45,1585.7,28.3,365.4,5.056835306781485,4.9237705404283085,0
18-300-00102,2025-10-04,17.0,30.8,38.4,61.199999999999996,45.45,1585.7,28.3,365.4,10.357373519913885,10.084831227383281,0
18-300-00102,2025-10-05,38.5,4.88,63.8,98.8,45.45,1585.7,28.3,365.4,23.456404736275562,22.83917660319155,0
18-300-00102,2025-10-06,6.1,1.6800000000000002,61.6,104.39999999999999,45.45,1585.7,28.3,365.4,3.716469321851453,3.618674734531648,0
18-300-00102,2025-10-07,2.1,0.5599999999999999,46.7,106.0,45.45,1585.7,28.3,365.4,1.2794402583423037,1.2457732692649937,0
18-300-00102,2025-10-08,0.7,1.7600000000000002,8.9,85.80000000000001,45.45,1585.7,28.3,365.4,0.42648008611410115,0.4152577564216645,0
18-300-00102,2025-10-09,2.2,0.5599999999999999,5.0,74.89999999999999,45.45,1585.7,28.3,365.4,1.3403659849300322,1.3050958058966602,0
18-300-00102,2025-10-10,0.7,1.2800000000000002,3.5999999999999996,67.3,45.45,1585.7,28.3,365.4,0.42648008611410115,0.4152577564216645,0
18-300-00102,2025-10-11,1.6,0.5599999999999999,4.5,51.9,45.45,1585.7,28.3,365.4,0.9748116254036598,0.9491605861066619,0
18-300-00102,2025-10-12,0.7,0.08000000000000002,2.9999999999999996,14.1,45.45,1585.7,28.3,365.4,0.42648008611410115,0.4152577564216645,0
18-300-00102,2025-10-13,0.1,0.0,2.4,8.1,45.45,1585.7,28.3,365.4,0.06092572658772874,0.05932253663166637,0
18-300-00102,2025-10-14,0.0,0.0,0.7999999999999995,6.0,45.45,1585.7,28.3,365.4,0.0,0.0,0
18-300-00102,2025-10-15,0.0,0.0,0.09999999999999956,5.3,45.45,1585.7,28.3,365.4,0.0,0.0,0
18-300-00102,2025-10-16,0.0,0.0,0.0,3.1,45.45,1585.7,28.3,365.4,0.0,0.0,0
18-300-00102,2025-10-17,0.0,0.16000000000000003,0.0,2.4000000000000004,45.45,1585.7,28.3,365.4,0.0,0.0,0
18-300-00102,2025-10-18,0.2,0.0,0.19999999999999957,1.0,45.45,1585.7,28.3,365.4,0.12185145317545748,0.11864507326333273,0
18-300-00102,2025-10-19,0.0,0.0,0.19999999999999957,0.30000000000000004,45.45,1585.7,28.3,365.4,0.0,0.0,0
18-300-00102,2025-10-20,0.0,0.0,0.19999999999999957,0.2,45.45,1585.7,28.3,365.4,0.0,0.0,0
18-300-00102,2025-10-21,0.0,0.0,0.0,0.2,45.45,1585.7,28.3,365.4,0.0,0.0,0
18-300-00102,2025-10-22,0.0,0.0,0.0,0.2,45.45,1585.7,28.3,365.4,0.0,0.0,0
18-300-00102,2025-10-23,0.0,5.2,0.0,0.2,45.45,1585.7,28.3,365.4,0.0,0.0,0
18-300-00102,2025-10-24,6.5,11.76,6.5,6.7,45.45,1585.7,28.3,365.4,3.960172228202368,3.8559648810583136,0
18-300-00102,2025-10-25,14.7,0.08000000000000002,21.2,21.2,45.45,1585.7,28.3,365.4,8.956081808396124,8.720412884854955,0
18-300-00102,2025-10-26,0.1,0.0,21.3,21.3,45.45,1585.7,28.3,365.4,0.06092572658772874,0.05932253663166637,0
18-300-00102,2025-10-27,0.0,0.08000000000000002,14.799999999999999,21.3,45.45,1585.7,28.3,365.4,0.0,0.0,0
18-300-00102,2025-10-28,0.1,0.32000000000000006,0.2,21.4,45.45,1585.7,28.3,365.4,0.06092572658772874,0.05932253663166637,0
18-300-00102,2025-10-29,0.4,17.36,0.5,21.8,45.45,1585.7,28.3,365.4,0.24370290635091496,0.23729014652666547,0
18-300-00102,2025-10-30,21.7,25.680000000000003,22.2,43.5,45.45,1585.7,28.3,365.4,13.220882669537136,12.872990449071601,0
18-300-00102,2025-10-31,32.1,24.080000000000002,54.2,69.1,45.45,1585.7,28.3,365.4,19.557158234660925,19.042534258764903,0
18-300-00102,2025-11-01,30.1,0.0,83.9,84.5,45.45,1585.7,28.3,365.4,18.33864370290635,17.856083526131577,0
18-300-00102,2025-11-02,0.0,0.16000000000000003,62.199999999999996,84.4,45.45,1585.7,28.3,365.4,0.0,0.0,0
18-300-00102,2025-11-03,0.2,0.0,30.3,84.60000000000001,45.45,1585.7,28.3,365.4,0.12185145317545748,0.11864507326333273,0
18-300-00102,2025-11-04,0.0,0.0,0.2,84.5,45.45,1585.7,28.3,365.4,0.0,0.0,0
18-300-00102,2025-11-05,0.0,1.2000000000000002,0.2,84.10000000000001,45.45,1585.7,28.3,365.4,0.0,0.0,0
18-300-00102,2025-11-06,1.5,0.16000000000000003,1.5,63.900000000000006,45.45,1585.7,28.3,365.4,0.9138858988159311,0.8898380494749955,0
18-300-00102,2025-11-07,0.2,0.0,1.7,32.0,45.45,1585.7,28.3,365.4,0.12185145317545748,0.11864507326333273,0
18-300-00102,2025-11-08,0.0,0.0,1.7,1.9,45.45,1585.7,28.3,365.4,0.0,0.0,0
18-300-00102,2025-11-09,0.0,0.0,0.2,1.9,45.45,1585.7,28.3,365.4,0.0,0.0,0
18-300-00102,2025-11-10,0.0,0.24,0.0,1.7,45.45,1585.7,28.3,365.4,0.0,0.0,0
18-300-00102,2025-11-11,0.3,0.0,0.3,2.0,45.45,1585.7,28.3,365.4,0.18277717976318622,0.17796760989499907,0
18-300-00102,2025-11-12,0.0,0.0,0.3,2.0,45.45,1585.7,28.3,365.4,0.0,0.0,0
18-300-00102,2025-11-13,0.0,0.08000000000000002,0.3,0.5,45.45,1585.7,28.3,365.4,0.0,0.0,0
18-300-00102,2025-11-14,0.1,0.0,0.1,0.4,45.45,1585.7,28.3,365.4,0.06092572658772874,0.05932253663166637,0
18-300-00102,2025-11-15,0.0,0.0,0.1,0.4,45.45,1585.7,28.3,365.4,0.0,0.0,0
18-300-00102,2025-11-16,0.0,0.0,0.1,0.4,45.45,1585.7,28.3,365.4,0.0,0.0,0
18-300-00102,2025-11-17,0.0,0.0,0.0,0.4,45.45,1585.7,28.3,365.4,0.0,0.0,0
18-300-00102,2025-11-18,0.0,0.0,0.0,0.1,45.45,1585.7,28.3,365.4,0.0,0.0,0
18-300-00102,2025-11-19,0.0,0.0,0.0,0.1,45.45,1585.7,28.3,365.4,0.0,0.0,0
18-300-00102,2025-11-20,0.0,0.0,0.0,0.1,45.45,1585.7,28.3,365.4,0.0,0.0,0
18-300-00102,2025-11-21,0.0,0.32000000000000006,0.0,0.0,45.45,1585.7,28.3,365.4,0.0,0.0,0
18-300-00102,2025-11-22,0.4,0.16000000000000003,0.4,0.4,45.45,1585.7,28.3,365.4,0.24370290635091496,0.23729014652666547,0
18-300-00102,2025-11-23,0.2,0.0,0.6000000000000001,0.6000000000000001,45.45,1585.7,28.3,365.4,0.12185145317545748,0.11864507326333273,0
18-300-00102,2025-11-24,0.0,0.0,0.6000000000000001,0.6000000000000001,45.45,1585.7,28.3,365.4,0.0,0.0,0
18-300-00102,2025-11-25,0.0,0.0,0.2,0.6000000000000001,45.45,1585.7,28.3,365.4,0.0,0.0,0
18-300-00102,2025-11-26,0.0,0.0,0.0,0.6000000000000001,45.45,1585.7,28.3,365.4,0.0,0.0,0
18-300-00102,2025-11-27,0.0,0.0,0.0,0.6000000000000001,45.45,1585.7,28.3,365.4,0.0,0.0,0
18-300-00102,2025-11-28,0.0,0.0,0.0,0.6000000000000001,45.45,1585.7,28.3,365.4,0.0,0.0,0
18-300-00102,2025-11-29,0.0,0.0,0.0,0.2,45.45,1585.7,28.3,365.4,0.0,0.0,0
18-300-00102,2025-11-30,0.0,0.0,0.0,0.0,45.45,1585.7,28.3,365.4,0.0,0.0,0
18-300-00102,2025-12-01,0.0,0.0,0.0,0.0,45.45,1585.7,28.3,365.4,0.0,0.0,0
18-300-00102,2025-12-02,0.0,0.0,0.0,0.0,45.45,1585.7,28.3,365.4,0.0,0.0,0
18-300-00102,2025-12-03,0.0,0.0,0.0,0.0,45.45,1585.7,28.3,365.4,0.0,0.0,0
18-300-00102,2025-12-04,0.0,0.0,0.0,0.0,45.45,1585.7,28.3,365.4,0.0,0.0,0
18-300-00102,2025-12-05,0.0,0.0,0.0,0.0,45.45,1585.7,28.3,365.4,0.0,0.0,0
18-300-00102,2025-12-06,0.0,0.0,0.0,0.0,45.45,1585.7,28.3,365.4,0.0,0.0,0
18-300-00102,2025-12-07,0.0,0.0,0.0,0.0,45.45,1585.7,28.3,365.4,0.0,0.0,0
18-300-00102,2025-12-08,0.0,0.0,0.0,0.0,45.45,1585.7,28.3,365.4,0.0,0.0,0
18-300-00102,2025-12-09,0.0,0.0,0.0,0.0,45.45,1585.7,28.3,365.4,0.0,0.0,0
18-300-00102,2025-12-10,0.0,0.0,0.0,0.0,45.45,1585.7,28.3,365.4,0.0,0.0,0
18-300-00102,2025-12-11,0.0,0.0,0.0,0.0,45.45,1585.7,28.3,365.4,0.0,0.0,0
18-300-00102,2025-12-12,0.0,0.0,0.0,0.0,45.45,1585.7,28.3,365.4,0.0,0.0,0
18-300-00102,2025-12-13,0.0,0.0,0.0,0.0,45.45,1585.7,28.3,365.4,0.0,0.0,0
18-300-00102,2025-12-14,0.0,0.0,0.0,0.0,45.45,1585.7,28.3,365.4,0.0,0.0,0
18-300-00102,2025-12-15,0.0,0.0,0.0,0.0,45.45,1585.7,28.3,365.4,0.0,0.0,0
18-300-00102,2025-12-16,0.0,0.0,0.0,0.0,45.45,1585.7,28.3,365.4,0.0,0.0,0
18-300-00102,2025-12-17,0.0,0.0,0.0,0.0,45.45,1585.7,28.3,365.4,0.0,0.0,0
18-300-00102,2025-12-18,0.0,0.0,0.0,0.0,45.45,1585.7,28.3,365.4,0.0,0.0,0
18-300-00102,2025-12-19,0.0,0.0,0.0,0.0,45.45,1585.7,28.3,365.4,0.0,0.0,0
18-300-00102,2025-12-20,0.0,0.0,0.0,0.0,45.45,1585.7,28.3,365.4,0.0,0.0,0
18-300-00102,2025-12-21,0.0,0.0,0.0,0.0,45.45,1585.7,28.3,365.4,0.0,0.0,0
18-300-00102,2025-12-22,0.0,0.0,0.0,0.0,45.45,1585.7,28.3,365.4,0.0,0.0,0
18-300-00102,2025-12-23,0.0,0.0,0.0,0.0,45.45,1585.7,28.3,365.4,0.0,0.0,0
18-300-00102,2025-12-24,0.0,0.0,0.0,0.0,45.45,1585.7,28.3,365.4,0.0,0.0,0
18-300-00102,2025-12-25,0.0,0.0,0.0,0.0,45.45,1585.7,28.3,365.4,0.0,0.0,0
18-300-00102,2025-12-26,0.0,0.0,0.0,0.0,45.45,1585.7,28.3,365.4,0.0,0.0,0
18-300-00102,2025-12-27,0.0,0.0,0.0,0.0,45.45,1585.7,28.3,365.4,0.0,0.0,0
18-300-00102,2025-12-28,0.0,0.0,0.0,0.0,45.45,1585.7,28.3,365.4,0.0,0.0,0
18-300-00102,2025-12-29,0.0,0.08000000000000002,0.0,0.0,45.45,1585.7,28.3,365.4,0.0,0.0,0
18-300-00102,2025-12-30,0.1,0.0,0.1,0.1,45.45,1585.7,28.3,365.4,0.06092572658772874,0.05932253663166637,0
18-300-00102,2025-12-31,0.0,0.0,0.1,0.1,45.45,1585.7,28.3,365.4,0.0,0.0,0
18-300-00102,2026-01-01,0.0,0.0,0.1,0.1,45.45,1585.7,28.3,365.4,0.0,0.0,0
18-300-00102,2026-01-02,0.0,0.16000000000000003,0.0,0.1,45.45,1585.7,28.3,365.4,0.0,0.0,0
18-300-00102,2026-01-03,0.2,0.0,0.2,0.30000000000000004,45.45,1585.7,28.3,365.4,0.12185145317545748,0.11864507326333273,0
18-300-00102,2026-01-04,0.0,0.0,0.2,0.30000000000000004,45.45,1585.7,28.3,365.4,0.0,0.0,0
18-300-00102,2026-01-05,0.0,0.0,0.2,0.30000000000000004,45.45,1585.7,28.3,365.4,0.0,0.0,0
18-300-00102,2026-01-06,0.0,0.0,0.0,0.2,45.45,1585.7,28.3,365.4,0.0,0.0,0
18-300-00102,2026-01-07,0.0,0.0,0.0,0.2,45.45,1585.7,28.3,365.4,0.0,0.0,0
18-300-00102,2026-01-08,0.0,0.0,0.0,0.2,45.45,1585.7,28.3,365.4,0.0,0.0,0
18-300-00102,2026-01-09,0.0,0.0,0.0,0.2,45.45,1585.7,28.3,365.4,0.0,0.0,0
18-300-00102,2026-01-10,0.0,0.0,0.0,0.0,45.45,1585.7,28.3,365.4,0.0,0.0,0
18-300-00102,2026-01-11,0.0,0.0,0.0,0.0,45.45,1585.7,28.3,365.4,0.0,0.0,0
18-300-00102,2026-01-12,0.0,0.0,0.0,0.0,45.45,1585.7,28.3,365.4,0.0,0.0,0
18-300-00102,2026-01-13,0.0,0.0,0.0,0.0,45.45,1585.7,28.3,365.4,0.0,0.0,0
18-300-00102,2026-01-14,0.0,0.0,0.0,0.0,45.45,1585.7,28.3,365.4,0.0,0.0,0
18-300-00102,2026-01-15,0.0,0.0,0.0,0.0,45.45,1585.7,28.3,365.4,0.0,0.0,0
18-300-00102,2026-01-16,0.0,0.0,0.0,0.0,45.45,1585.7,28.3,365.4,0.0,0.0,0
18-300-00102,2026-01-17,0.0,0.0,0.0,0.0,45.45,1585.7,28.3,365.4,0.0,0.0,0
18-300-00102,2026-01-18,0.0,0.0,0.0,0.0,45.45,1585.7,28.3,365.4,0.0,0.0,0
18-300-00102,2026-01-19,0.0,0.16000000000000003,0.0,0.0,45.45,1585.7,28.3,365.4,0.0,0.0,0
18-300-00102,2026-01-20,0.2,0.08000000000000002,0.2,0.2,45.45,1585.7,28.3,365.4,0.12185145317545748,0.11864507326333273,0
18-300-00102,2026-01-21,0.1,0.0,0.30000000000000004,0.30000000000000004,45.45,1585.7,28.3,365.4,0.06092572658772874,0.05932253663166637,0
18-300-00102,2026-01-22,0.0,0.0,0.30000000000000004,0.30000000000000004,45.45,1585.7,28.3,365.4,0.0,0.0,0
18-300-00102,2026-01-23,0.0,0.0,0.1,0.30000000000000004,45.45,1585.7,28.3,365.4,0.0,0.0,0
18-300-00102,2026-01-24,0.0,0.0,0.0,0.30000000000000004,45.45,1585.7,28.3,365.4,0.0,0.0,0
18-300-00102,2026-01-25,0.0,0.0,0.0,0.30000000000000004,45.45,1585.7,28.3,365.4,0.0,0.0,0
18-300-00102,2026-01-26,0.0,0.0,0.0,0.30000000000000004,45.45,1585.7,28.3,365.4,0.0,0.0,0
18-300-00102,2026-01-27,0.0,0.0,0.0,0.1,45.45,1585.7,28.3,365.4,0.0,0.0,0
18-300-00102,2026-01-28,0.0,0.0,0.0,0.0,45.45,1585.7,28.3,365.4,0.0,0.0,0
18-300-00102,2026-01-29,0.0,0.0,0.0,0.0,45.45,1585.7,28.3,365.4,0.0,0.0,0
18-300-00102,2026-01-30,0.0,0.0,0.0,0.0,45.45,1585.7,28.3,365.4,0.0,0.0,0
18-300-00102,2026-01-31,0.0,0.0,0.0,0.0,45.45,1585.7,28.3,365.4,0.0,0.0,0
18-300-00102,2026-02-01,0.0,0.0,0.0,0.0,45.45,1585.7,28.3,365.4,0.0,0.0,0
18-300-00102,2026-02-02,0.0,0.0,0.0,0.0,45.45,1585.7,28.3,365.4,0.0,0.0,0
18-300-00102,2026-02-03,0.0,0.0,0.0,0.0,45.45,1585.7,28.3,365.4,0.0,0.0,0
18-300-00102,2026-02-04,0.0,0.0,0.0,0.0,45.45,1585.7,28.3,365.4,0.0,0.0,0
18-300-00102,2026-02-05,0.0,0.0,0.0,0.0,45.45,1585.7,28.3,365.4,0.0,0.0,0
18-300-00102,2026-02-06,0.0,0.0,0.0,0.0,45.45,1585.7,28.3,365.4,0.0,0.0,0
18-300-00102,2026-02-07,0.0,0.0,0.0,0.0,45.45,1585.7,28.3,365.4,0.0,0.0,0
18-300-00102,2026-02-08,0.0,0.0,0.0,0.0,45.45,1585.7,28.3,365.4,0.0,0.0,0
18-300-00102,2026-02-09,0.0,0.0,0.0,0.0,45.45,1585.7,28.3,365.4,0.0,0.0,0
18-300-00102,2026-02-10,0.0,0.0,0.0,0.0,45.45,1585.7,28.3,365.4,0.0,0.0,0
18-300-00102,2026-02-11,0.0,0.0,0.0,0.0,45.45,1585.7,28.3,365.4,0.0,0.0,0
18-300-00102,2026-02-12,0.0,0.0,0.0,0.0,45.45,1585.7,28.3,365.4,0.0,0.0,0
18-300-00102,2026-02-13,0.0,0.0,0.0,0.0,45.45,1585.7,28.3,365.4,0.0,0.0,0
18-300-00102,2026-02-14,0.0,0.0,0.0,0.0,45.45,1585.7,28.3,365.4,0.0,0.0,0
18-300-00102,2026-02-15,0.0,0.0,0.0,0.0,45.45,1585.7,28.3,365.4,0.0,0.0,0
18-300-00102,2026-02-16,0.0,0.0,0.0,0.0,45.45,1585.7,28.3,365.4,0.0,0.0,0
18-300-00102,2026-02-17,0.0,0.0,0.0,0.0,45.45,1585.7,28.3,365.4,0.0,0.0,0
18-300-00102,2026-02-18,0.0,0.0,0.0,0.0,45.45,1585.7,28.3,365.4,0.0,0.0,0
18-300-00102,2026-02-19,0.0,0.0,0.0,0.0,45.45,1585.7,28.3,365.4,0.0,0.0,0
18-300-00102,2026-02-20,0.0,0.24,0.0,0.0,45.45,1585.7,28.3,365.4,0.0,0.0,0
18-300-00102,2026-02-21,0.3,0.0,0.3,0.3,45.45,1585.7,28.3,365.4,0.18277717976318622,0.17796760989499907,0
18-300-00102,2026-02-22,0.0,0.0,0.3,0.3,45.45,1585.7,28.3,365.4,0.0,0.0,0
18-300-00102,2026-02-23,0.0,0.48,0.3,0.3,45.45,1585.7,28.3,365.4,0.0,0.0,0
18-300-00102,2026-02-24,0.6,0.0,0.6,0.8999999999999999,45.45,1585.7,28.3,365.4,0.36555435952637244,0.35593521978999815,0
18-300-00102,2026-02-25,0.0,0.0,0.6,0.9,45.45,1585.7,28.3,365.4,0.0,0.0,0
18-300-00102,2026-02-26,0.0,0.08000000000000002,0.6,0.9,45.45,1585.7,28.3,365.4,0.0,0.0,0
18-300-00102,2026-02-27,0.1,0.08000000000000002,0.1,1.0,45.45,1585.7,28.3,365.4,0.06092572658772874,0.05932253663166637,0
18-300-00102,2026-02-28,0.1,0.4,0.2,0.8,45.45,1585.7,28.3,365.4,0.06092572658772874,0.05932253663166637,0
18-300-00102,2026-03-01,0.5,0.0,0.7,1.3,45.45,1585.7,28.3,365.4,0.3046286329386437,0.29661268315833184,0
18-300-00102,2026-03-02,0.0,0.0,0.6000000000000001,1.3,45.45,1585.7,28.3,365.4,0.0,0.0,0
18-300-00102,2026-03-03,0.0,0.0,0.49999999999999994,0.7000000000000002,45.45,1585.7,28.3,365.4,0.0,0.0,0
18-300-00102,2026-03-04,0.0,0.0,0.0,0.7000000000000002,45.45,1585.7,28.3,365.4,0.0,0.0,0
18-300-00102,2026-03-05,0.0,0.0,0.0,0.7000000000000002,45.45,1585.7,28.3,365.4,0.0,0.0,0
18-300-00102,2026-03-06,0.0,0.0,0.0,0.6000000000000001,45.45,1585.7,28.3,365.4,0.0,0.0,0
18-300-00102,2026-03-07,0.0,0.0,0.0,0.5,45.45,1585.7,28.3,365.4,0.0,0.0,0
18-300-00102,2026-03-08,0.0,9.68,0.0,0.0,45.45,1585.7,28.3,365.4,0.0,0.0,0
18-300-00102,2026-03-09,12.1,6.4,12.1,12.1,45.45,1585.7,28.3,365.4,7.372012917115177,7.17802693243163,0
18-300-00102,2026-03-10,8.0,0.16000000000000003,20.1,20.1,45.45,1585.7,28.3,365.4,4.874058127018299,4.745802930533309,0
18-300-00102,2026-03-11,0.2,6.48,20.3,20.3,45.45,1585.7,28.3,365.4,0.12185145317545748,0.11864507326333273,0
18-300-00102,2026-03-12,8.1,72.08,16.299999999999997,28.4,45.45,1585.7,28.3,365.4,4.9349838536060275,4.8051254671649755,0
18-300-00102,2026-03-13,90.1,36.56,98.39999999999999,118.5,45.45,1585.7,28.3,365.4,54.89407965554359,53.44960550513139,1
18-300-00102,2026-03-14,45.7,4.08,143.89999999999998,164.2,45.45,1585.7,28.3,365.4,27.843057050592037,27.11039924067153,0
18-300-00102,2026-03-15,5.1,21.680000000000003,140.9,169.3,45.45,1585.7,28.3,365.4,3.1072120559741654,3.0254493682149843,0
18-300-00102,2026-03-16,27.1,12.240000000000002,77.9,184.3,45.45,1585.7,28.3,365.4,16.510871905274488,16.076407427181586,0
18-300-00102,2026-03-17,15.3,29.200000000000003,47.5,191.60000000000002,45.45,1585.7,28.3,365.4,9.321636167922497,9.076348104644953,0
18-300-00102,2026-03-18,36.5,11.36,78.9,227.89999999999998,45.45,1585.7,28.3,365.4,22.23789020452099,21.65272587055822,0
18-300-00102,2026-03-19,14.2,12.08,66.0,234.0,45.45,1585.7,28.3,365.4,8.651453175457481,8.423800201696624,0
18-300-00102,2026-03-20,15.1,7.28,65.8,159.0,45.45,1585.7,28.3,365.4,9.19978471474704,8.957703031381621,0
18-300-00102,2026-03-21,9.1,0.0,38.4,122.4,45.45,1585.7,28.3,365.4,5.544241119483314,5.398350833481639,0
18-300-00102,2026-03-22,0.0,0.5599999999999999,24.2,117.30000000000001,45.45,1585.7,28.3,365.4,0.0,0.0,0
18-300-00102,2026-03-23,0.7,8.8,9.799999999999999,90.89999999999999,45.45,1585.7,28.3,365.4,0.42648008611410115,0.4152577564216645,0
18-300-00102,2026-03-24,11.0,1.1199999999999999,11.7,86.6,45.45,1585.7,28.3,365.4,6.701829924650161,6.5254790294833,0
18-300-00102,2026-03-25,1.4,0.08000000000000002,13.1,51.5,45.45,1585.7,28.3,365.4,0.8529601722282023,0.830515512843329,0
18-300-00102,2026-03-26,0.1,0.0,12.5,37.39999999999999,45.45,1585.7,28.3,365.4,0.06092572658772874,0.05932253663166637,0
18-300-00102,2026-03-27,0.0,13.440000000000001,1.5,22.3,45.45,1585.7,28.3,365.4,0.0,0.0,0
18-300-00102,2026-03-28,16.8,0.5599999999999999,16.900000000000002,30.0,45.45,1585.7,28.3,365.4,10.23552206673843,9.96618615411995,0
18-300-00102,2026-03-29,0.7,0.96,17.5,30.7,45.45,1585.7,28.3,365.4,0.42648008611410115,0.4152577564216645,0
18-300-00102,2026-03-30,1.2,3.7600000000000002,18.7,31.2,45.45,1585.7,28.3,365.4,0.7311087190527449,0.7118704395799963,0
18-300-00102,2026-03-31,4.7,9.28,6.6,24.9,45.45,1585.7,28.3,365.4,2.863509149623251,2.788159221688319,0
18-300-00102,2026-04-01,11.6,0.96,17.5,35.1,45.45,1585.7,28.3,365.4,7.067384284176533,6.8814142492732975,0
18-300-00102,2026-04-02,1.2,1.4400000000000002,17.5,36.2,45.45,1585.7,28.3,365.4,0.7311087190527449,0.7118704395799963,0
18-300-00102,2026-04-03,1.8,0.8800000000000001,14.599999999999998,38.0,45.45,1585.7,28.3,365.4,1.0966630785791174,1.0678056593699945,0
18-300-00102,2026-04-04,1.1,0.0,4.099999999999998,22.3,45.45,1585.7,28.3,365.4,0.6701829924650161,0.6525479029483301,0
18-300-00102,2026-04-05,0.0,0.0,2.899999999999998,21.6,45.45,1585.7,28.3,365.4,0.0,0.0,0
18-300-00102,2026-04-06,0.0,5.36,1.0999999999999983,20.400000000000002,45.45,1585.7,28.3,365.4,0.0,0.0,0
18-300-00102,2026-04-07,6.7,7.28,6.699999999999998,22.4,45.45,1585.7,28.3,365.4,4.082023681377826,3.974609954321646,0
18-300-00102,2026-04-08,9.1,22.96,15.799999999999997,19.9,45.45,1585.7,28.3,365.4,5.544241119483314,5.398350833481639,0
18-300-00102,2026-04-09,28.7,1.6,44.5,47.400000000000006,45.45,1585.7,28.3,365.4,17.48568353067815,17.025568013288247,0
18-300-00102,2026-04-10,2.0,0.0,39.8,47.60000000000001,45.45,1585.7,28.3,365.4,1.2185145317545747,1.1864507326333273,0
18-300-00102,2026-04-11,0.0,0.8,30.7,46.5,45.45,1585.7,28.3,365.4,0.0,0.0,0
18-300-00102,2026-04-12,1.0,0.0,3.0,47.5,45.45,1585.7,28.3,365.4,0.6092572658772873,0.5932253663166637,0
18-300-00102,2026-04-13,0.0,0.6400000000000001,1.0,47.5,45.45,1585.7,28.3,365.4,0.0,0.0,0
18-300-00102,2026-04-14,0.8,6.4,1.8,41.6,45.45,1585.7,28.3,365.4,0.4874058127018299,0.47458029305333094,0
18-300-00102,2026-04-15,8.0,1.6,8.8,40.5,45.45,1585.7,28.3,365.4,4.874058127018299,4.745802930533309,0
18-300-00102,2026-04-16,2.0,0.8,10.8,13.800000000000004,45.45,1585.7,28.3,365.4,1.2185145317545747,1.1864507326333273,0
18-300-00102,2026-04-17,1.0,15.12,11.0,12.800000000000004,45.45,1585.7,28.3,365.4,0.6092572658772873,0.5932253663166637,0
18-300-00102,2026-04-18,18.9,29.200000000000003,21.9,31.700000000000003,45.45,1585.7,28.3,365.4,11.514962325080731,11.211959423384942,0
18-300-00102,2026-04-19,36.5,8.959999999999999,56.4,67.2,45.45,1585.7,28.3,365.4,22.23789020452099,21.65272587055822,0
18-300-00102,2026-04-20,11.2,20.16,66.6,78.4,45.45,1585.7,28.3,365.4,6.8236813778256185,6.644124102746632,0
18-300-00102,2026-04-21,25.2,1.04,72.9,102.80000000000001,45.45,1585.7,28.3,365.4,15.35328310010764,14.949279231179924,0
18-300-00102,2026-04-22,1.3,2.2399999999999998,37.699999999999996,96.10000000000001,45.45,1585.7,28.3,365.4,0.7920344456404735,0.7711929762116627,0
18-300-00102,2026-04-23,2.8,4.4799999999999995,29.299999999999997,96.9,45.45,1585.7,28.3,365.4,1.7059203444564046,1.661031025686658,0
18-300-00102,2026-04-24,5.6,5.04,9.7,101.5,45.45,1585.7,28.3,365.4,3.4118406889128092,3.322062051373316,0
18-300-00102,2026-04-25,6.3,15.52,14.7,88.89999999999999,45.45,1585.7,28.3,365.4,3.83832077502691,3.737319807794981,0
18-300-00102,2026-04-26,19.4,3.3600000000000003,31.299999999999997,71.8,45.45,1585.7,28.3,365.4,11.819590958019374,11.508572106543273,0
18-300-00102,2026-04-27,4.2,6.56,29.899999999999995,64.8,45.45,1585.7,28.3,365.4,2.5588805166846074,2.4915465385299873,0
18-300-00102,2026-04-28,8.2,12.4,31.799999999999997,47.8,45.45,1585.7,28.3,365.4,4.995909580193755,4.8644480037966416,0
18-300-00102,2026-04-29,15.5,5.120000000000001,27.9,62.0,45.45,1585.7,28.3,365.4,9.443487621097955,9.194993177908286,0
18-300-00102,2026-04-30,6.4,8.4,30.1,65.6,45.45,1585.7,28.3,365.4,3.8992465016146394,3.7966423444266475,0
18-300-00102,2026-05-01,10.5,7.6000000000000005,32.4,70.5,45.45,1585.7,28.3,365.4,6.397201291711518,6.228866346324968,0
18-300-00102,2026-05-02,9.5,2.32,26.4,73.7,45.45,1585.7,28.3,365.4,5.78794402583423,5.635640980008304,0
18-300-00102,2026-05-03,2.9,4.24,22.900000000000002,57.199999999999996,45.45,1585.7,28.3,365.4,1.7668460710441332,1.7203535623183244,0
18-300-00102,2026-05-04,5.3,4.88,17.7,58.3,45.45,1585.7,28.3,365.4,3.2290635091496234,3.144094441478317,0
18-300-00102,2026-05-05,6.1,2.8000000000000003,14.299999999999999,56.2,45.45,1585.7,28.3,365.4,3.716469321851453,3.618674734531648,0
18-300-00102,2026-05-06,3.5,0.48,14.899999999999999,44.2,45.45,1585.7,28.3,365.4,2.1324004305705055,2.076288782108323,0
18-300-00102,2026-05-07,0.6,3.7600000000000002,10.2,38.4,45.45,1585.7,28.3,365.4,0.36555435952637244,0.35593521978999815,0
18-300-00102,2026-05-08,4.7,0.0,8.8,32.6,45.45,1585.7,28.3,365.4,2.863509149623251,2.788159221688319,0
18-300-00102,2026-05-09,0.0,5.760000000000001,5.3,23.1,45.45,1585.7,28.3,365.4,0.0,0.0,0
18-300-00102,2026-05-10,7.2,14.0,11.9,27.4,45.45,1585.7,28.3,365.4,4.3866523143164695,4.271222637479978,0
18-300-00102,2026-05-11,17.5,0.8,24.7,39.6,45.45,1585.7,28.3,365.4,10.662002152852528,10.381443910541613,0
18-300-00102,2026-05-12,1.0,23.6,25.7,34.5,45.45,1585.7,28.3,365.4,0.6092572658772873,0.5932253663166637,0
18-300-00102,2026-05-13,29.5,8.8,48.0,60.5,45.45,1585.7,28.3,365.4,17.97308934337998,17.500148306341575,0
18-300-00102,2026-05-14,11.0,9.200000000000001,41.5,70.9,45.45,1585.7,28.3,365.4,6.701829924650161,6.5254790294833,0
18-300-00102,2026-05-15,11.5,20.96,52.0,77.69999999999999,45.45,1585.7,28.3,365.4,7.006458557588805,6.822091712641631,0
18-300-00102,2026-05-16,26.2,22.080000000000002,48.7,103.89999999999999,45.45,1585.7,28.3,365.4,15.96254036598493,15.542504597496587,0
18-300-00102,2026-05-17,27.6,10.88,65.3,124.3,45.45,1585.7,28.3,365.4,16.815500538213133,16.373020110339915,0
18-300-00102,2026-05-18,13.6,0.24,67.4,120.4,45.45,1585.7,28.3,365.4,8.285898815931109,8.067864981906625,0
18-300-00102,2026-05-19,0.3,2.16,41.5,119.7,45.45,1585.7,28.3,365.4,0.18277717976318622,0.17796760989499907,0
18-300-00102,2026-05-20,2.7,19.12,16.6,92.89999999999999,45.45,1585.7,28.3,365.4,1.644994617868676,1.601708489054992,0
18-300-00102,2026-05-21,23.9,7.440000000000001,26.9,105.80000000000001,45.45,1585.7,28.3,365.4,14.561248654467168,14.17808625496826,0
18-300-00102,2026-05-22,9.3,22.880000000000003,35.9,103.60000000000001,45.45,1585.7,28.3,365.4,5.666092572658774,5.516995906744972,0
18-300-00102,2026-05-23,28.6,72.32000000000001,61.800000000000004,106.0,45.45,1585.7,28.3,365.4,17.424757804090422,16.96624547665658,0
18-300-00102,2026-05-24,90.4,32.4,128.3,168.8,45.45,1585.7,28.3,365.4,55.076856835306785,53.627573115026394,1
18-300-00102,2026-05-25,40.5,6.720000000000001,159.5,195.7,45.45,1585.7,28.3,365.4,24.67491926803014,24.025627335824876,0
18-300-00102,2026-05-26,8.4,1.4400000000000002,139.3,203.79999999999998,45.45,1585.7,28.3,365.4,5.117761033369215,4.983093077059975,0
18-300-00102,2026-05-27,1.8,18.16,50.7,202.9,45.45,1585.7,28.3,365.4,1.0966630785791174,1.0678056593699945,0
18-300-00102,2026-05-28,22.7,0.0,32.9,201.7,45.45,1585.7,28.3,365.4,13.830139935414422,13.466215815388264,0
18-300-00102,2026-05-29,0.0,3.84,24.5,192.4,45.45,1585.7,28.3,365.4,0.0,0.0,0
18-300-00102,2026-05-30,4.8,0.16000000000000003,27.5,168.6,45.45,1585.7,28.3,365.4,2.9244348762109795,2.847481758319985,0
18-300-00102,2026-05-31,0.2,0.32000000000000006,5.0,78.39999999999999,45.45,1585.7,28.3,365.4,0.12185145317545748,0.11864507326333273,0
18-300-00102,2026-06-01,0.4,3.44,5.3999999999999995,38.3,45.45,1585.7,28.3,365.4,0.24370290635091496,0.23729014652666547,0
18-300-00102,2026-06-02,4.3,17.040000000000003,4.8999999999999995,34.2,45.45,1585.7,28.3,365.4,2.6198062432723357,2.5508690751616534,0
18-300-00102,2026-06-03,21.3,34.32,26.0,53.699999999999996,45.45,1585.7,28.3,365.4,12.977179763186223,12.635700302544937,0
18-300-00102,2026-06-04,42.9,22.480000000000004,68.5,73.9,45.45,1585.7,28.3,365.4,26.137136706135628,25.44936821498487,0
18-300-00102,2026-06-05,28.1,16.56,92.30000000000001,102.0,45.45,1585.7,28.3,365.4,17.120129171151774,16.66963279349825,0
18-300-00102,2026-06-06,20.7,3.5200000000000005,91.69999999999999,117.9,45.45,1585.7,28.3,365.4,12.611625403659847,12.279765082754937,0
18-300-00102,2026-06-07,4.4,82.56,53.2,122.1,45.45,1585.7,28.3,365.4,2.6807319698600645,2.6101916117933204,0
18-300-00102,2026-06-08,103.2,33.6,128.3,224.89999999999998,45.45,1585.7,28.3,365.4,62.87534983853605,61.22085780387969,1
18-300-00102,2026-06-09,42.0,25.040000000000003,149.6,262.6,45.45,1585.7,28.3,365.4,25.588805166846072,24.91546538529987,0
18-300-00102,2026-06-10,31.3,11.440000000000001,176.5,272.6,45.45,1585.7,28.3,365.4,19.069752421959095,18.56795396571157,0
18-300-00102,2026-06-11,14.3,7.920000000000001,87.6,244.0,45.45,1585.7,28.3,365.4,8.712378902045211,8.48312273832829,0
18-300-00102,2026-06-12,9.9,10.32,55.5,225.8,45.45,1585.7,28.3,365.4,6.031646932185145,5.87293112653497,0
18-300-00102,2026-06-13,12.9,19.28,37.1,218.0,45.45,1585.7,28.3,365.4,7.859418729817007,7.652607225484961,0
18-300-00102,2026-06-14,24.1,28.24,46.900000000000006,237.70000000000002,45.45,1585.7,28.3,365.4,14.683100107642627,14.296731328231594,0
18-300-00102,2026-06-15,35.3,6.32,72.30000000000001,169.79999999999998,45.45,1585.7,28.3,365.4,21.50678148546824,20.940855430978225,0
18-300-00102,2026-06-16,7.9,13.840000000000002,67.3,135.7,45.45,1585.7,28.3,365.4,4.813132400430571,4.686480393901643,0
18-300-00102,2026-06-17,17.3,23.92,60.50000000000001,121.7,45.45,1585.7,28.3,365.4,10.540150699677072,10.26279883727828,0
18-300-00102,2026-06-18,29.9,5.2,55.10000000000001,137.3,45.45,1585.7,28.3,365.4,18.21679224973089,17.737438452868243,0
18-300-00102,2026-06-19,6.5,19.6,53.70000000000001,133.9,45.45,1585.7,28.3,365.4,3.960172228202368,3.8559648810583136,0
18-300-00102,2026-06-20,24.5,46.800000000000004,60.900000000000006,145.5,45.45,1585.7,28.3,365.4,14.92680301399354,14.534021474758259,0
18-300-00102,2026-06-21,58.5,27.6,89.5,179.9,45.45,1585.7,28.3,365.4,35.64155005382131,34.70368392952482,1
18-300-00102,2026-06-22,34.5,35.760000000000005,117.5,179.10000000000002,45.45,1585.7,28.3,365.4,21.019375672766415,20.466275137924896,0
18-300-00102,2026-06-23,44.7,22.64,137.70000000000002,215.9,45.45,1585.7,28.3,365.4,27.23379978471475,26.517173874354867,0
18-300-00102,2026-06-24,28.3,10.0,107.50000000000001,226.9,45.45,1585.7,28.3,365.4,17.241980624327233,16.788277866761582,0
18-300-00102,2026-06-25,12.5,26.400000000000002,85.50000000000001,209.5,45.45,1585.7,28.3,365.4,7.615715823466092,7.415317078958295,0
18-300-00102,2026-06-26,33.0,14.8,73.80000000000001,236.0,45.45,1585.7,28.3,365.4,20.10548977395048,19.5764370884499,0
18-300-00102,2026-06-27,18.5,21.040000000000003,64.00000000000001,230.0,45.45,1585.7,28.3,365.4,11.271259418729818,10.974669276858277,0
18-300-00102,2026-06-28,26.3,49.68000000000001,77.80000000000001,197.8,45.45,1585.7,28.3,365.4,16.023466092572658,15.601827134128254,0
18-300-00102,2026-06-29,62.1,6.32,106.90000000000002,225.4,45.45,1585.7,28.3,365.4,37.834876210979544,36.83929524826481,1
18-300-00102,2026-06-30,7.9,9.28,96.30000000000003,188.60000000000002,45.45,1585.7,28.3,365.4,4.813132400430571,4.686480393901643,0
18-300-00102,2026-07-01,11.6,4.64,81.60000000000002,171.9,45.45,1585.7,28.3,365.4,7.067384284176533,6.8814142492732975,0
18-300-00102,2026-07-02,5.8,2.08,25.300000000000015,165.20000000000002,45.45,1585.7,28.3,365.4,3.5336921420882663,3.4407071246366487,0
18-300-00102,2026-07-03,2.6,2.64,20.00000000000001,134.8,45.45,1585.7,28.3,365.4,1.584068891280947,1.5423859524233254,0
18-300-00102,2026-07-04,3.3,14.719999999999999,11.700000000000014,119.60000000000001,45.45,1585.7,28.3,365.4,2.0105489773950485,1.9576437088449898,0
18-300-00102,2026-07-05,18.4,44.56,24.30000000000001,111.7,45.45,1585.7,28.3,365.4,11.210333692142088,10.91534674022661,0
18-300-00102,2026-07-06,55.7,13.680000000000001,77.4,105.3,45.45,1585.7,28.3,365.4,33.93562970936491,33.04265290383817,1
18-300-00102,2026-07-07,17.1,11.200000000000001,91.20000000000002,114.5,45.45,1585.7,28.3,365.4,10.418299246501615,10.144153764014948,0
18-300-00102,2026-07-08,14.0,20.400000000000002,86.80000000000001,116.9,45.45,1585.7,28.3,365.4,8.529601722282022,8.305155128433292,0
18-300-00102,2026-07-09,25.5,10.56,56.600000000000016,136.6,45.45,1585.7,28.3,365.4,15.536060279870828,15.127246841074923,0
18-300-00102,2026-07-10,13.2,32.160000000000004,52.70000000000002,147.20000000000002,45.45,1585.7,28.3,365.4,8.042195909580194,7.830574835379959,0
18-300-00102,2026-07-11,40.2,46.160000000000004,78.90000000000002,184.1,45.45,1585.7,28.3,365.4,24.492142088266952,23.84765972592988,0
18-300-00102,2026-07-12,57.7,83.68,111.10000000000002,223.39999999999998,45.45,1585.7,28.3,365.4,35.15414424111948,34.22910363647149,1
18-300-00102,2026-07-13,104.6,21.44,202.5,272.3,45.45,1585.7,28.3,365.4,63.728310010764254,62.051373316723016,1
18-300-00102,2026-07-14,26.8,16.48,189.10000000000002,282.0,45.45,1585.7,28.3,365.4,16.328094725511303,15.898439817286585,0
18-300-00102,2026-07-15,20.6,8.4,152.0,288.6,45.45,1585.7,28.3,365.4,12.55069967707212,12.220442546123271,0
18-300-00102,2026-07-16,10.5,36.080000000000005,57.90000000000002,273.6,45.45,1585.7,28.3,365.4,6.397201291711518,6.228866346324968,0
18-300-00102,2026-07-17,45.1,14.080000000000002,76.20000000000002,305.5,45.45,1585.7,28.3,365.4,27.477502691065663,26.75446402088153,0
18-300-00102,2026-07-18,17.6,43.28,73.20000000000002,282.9,45.45,1585.7,28.3,365.4,10.722927879440258,10.440766447173282,0
18-300-00102,2026-07-19,54.1,14.4,116.80000000000001,279.29999999999995,45.45,1585.7,28.3,365.4,32.96081808396124,32.0934923177315,1
18-300-00102,2026-07-20,18.0,7.840000000000001,89.70000000000002,192.70000000000002,45.45,1585.7,28.3,365.4,10.966630785791173,10.678056593699946,0
18-300-00102,2026-07-21,9.8,12.240000000000002,81.90000000000002,175.70000000000002,45.45,1585.7,28.3,365.4,5.970721205597417,5.813608589903304,0
18-300-00102,2026-07-22,15.3,7.5200000000000005,43.100000000000016,170.4,45.45,1585.7,28.3,365.4,9.321636167922497,9.076348104644953,0
18-300-00102,2026-07-23,9.4,1.1199999999999999,34.500000000000014,169.3,45.45,1585.7,28.3,365.4,5.727018299246502,5.576318443376638,0
18-300-00102,2026-07-24,1.4,0.32000000000000006,26.100000000000016,125.60000000000001,45.45,1585.7,28.3,365.4,0.8529601722282023,0.830515512843329,0
18-300-00102,2026-07-25,0.4,0.8800000000000001,11.200000000000015,108.39999999999999,45.45,1585.7,28.3,365.4,0.24370290635091496,0.23729014652666547,0
18-300-00102,2026-07-26,1.1,7.440000000000001,2.900000000000014,55.4,45.45,1585.7,28.3,365.4,0.6701829924650161,0.6525479029483301,0
18-300-00102,2026-07-27,9.3,0.32000000000000006,10.800000000000015,46.7,45.45,1585.7,28.3,365.4,5.666092572658774,5.516995906744972,0
18-300-00102,2026-07-28,0.4,27.680000000000003,10.800000000000015,37.300000000000004,45.45,1585.7,28.3,365.4,0.24370290635091496,0.23729014652666547,0
18-300-00102,2026-07-29,34.6,18.72,44.30000000000002,56.6,45.45,1585.7,28.3,365.4,21.080301399354145,20.52559767455656,0
18-300-00102,2026-07-30,23.4,15.840000000000002,58.40000000000001,70.6,45.45,1585.7,28.3,365.4,14.256620021528525,13.881473571809929,0
18-300-00102,2026-07-31,19.8,10.72,77.80000000000001,89.0,45.45,1585.7,28.3,365.4,12.06329386437029,11.74586225306994,0
18-300-00102,2026-08-01,13.4,19.52,56.600000000000016,102.0,45.45,1585.7,28.3,365.4,8.164047362755651,7.949219908643292,0
18-300-00102,2026-08-02,24.4,18.240000000000002,57.600000000000016,125.3,45.45,1585.7,28.3,365.4,14.865877287405812,14.474698938126592,0
18-300-00102,2026-08-03,22.8,36.56,60.60000000000001,138.8,45.45,1585.7,28.3,365.4,13.891065662002152,13.52553835201993,0
18-300-00102,2026-08-04,45.7,36.080000000000005,92.9,184.1,45.45,1585.7,28.3,365.4,27.843057050592037,27.11039924067153,0
18-300-00102,2026-08-05,45.1,0.8800000000000001,113.60000000000001,194.6,45.45,1585.7,28.3,365.4,27.477502691065663,26.75446402088153,0
18-300-00102,2026-08-06,1.1,3.04,91.9,172.29999999999998,45.45,1585.7,28.3,365.4,0.6701829924650161,0.6525479029483301,0
18-300-00102,2026-08-07,3.8,9.040000000000001,50.00000000000001,156.3,45.45,1585.7,28.3,365.4,2.315177610333692,2.2542563920033216,0
18-300-00102,2026-08-08,11.3,21.200000000000003,16.20000000000001,154.20000000000002,45.45,1585.7,28.3,365.4,6.884607104413348,6.703446639378299,0
18-300-00102,2026-08-09,26.5,1.2800000000000002,41.60000000000001,156.3,45.45,1585.7,28.3,365.4,16.145317545748117,15.720472207391586,0
18-300-00102,2026-08-10,1.6,0.08000000000000002,39.40000000000001,135.1,45.45,1585.7,28.3,365.4,0.9748116254036598,0.9491605861066619,0
18-300-00102,2026-08-11,0.1,0.96,28.200000000000006,89.5,45.45,1585.7,28.3,365.4,0.06092572658772874,0.05932253663166637,0
18-300-00102,2026-08-12,1.2,0.5599999999999999,2.9000000000000075,45.6,45.45,1585.7,28.3,365.4,0.7311087190527449,0.7118704395799963,0
18-300-00102,2026-08-13,0.7,4.0,2.000000000000007,45.2,45.45,1585.7,28.3,365.4,0.42648008611410115,0.4152577564216645,0
18-300-00102,2026-08-14,5.0,1.4400000000000002,6.9000000000000075,46.400000000000006,45.45,1585.7,28.3,365.4,3.046286329386437,2.9661268315833182,0
18-300-00102,2026-08-15,1.8,13.440000000000001,7.500000000000007,36.9,45.45,1585.7,28.3,365.4,1.0966630785791174,1.0678056593699945,0
18-300-00102,2026-08-16,16.8,33.2,23.60000000000001,27.2,45.45,1585.7,28.3,365.4,10.23552206673843,9.96618615411995,0
18-300-00102,2026-08-17,41.5,14.4,60.10000000000001,67.1,45.45,1585.7,28.3,365.4,25.284176533907427,24.61885270214154,0
18-300-00102,2026-08-18,18.0,2.64,76.30000000000001,85.0,45.45,1585.7,28.3,365.4,10.966630785791173,10.678056593699946,0
18-300-00102,2026-08-19,3.3,5.04,62.800000000000004,87.1,45.45,1585.7,28.3,365.4,2.0105489773950485,1.9576437088449898,0
18-300-00102,2026-08-20,6.3,15.280000000000001,27.60000000000001,92.69999999999999,45.45,1585.7,28.3,365.4,3.83832077502691,3.737319807794981,0
18-300-00102,2026-08-21,19.1,1.6,28.70000000000001,106.8,45.45,1585.7,28.3,365.4,11.63681377825619,11.330604496648276,0
18-300-00102,2026-08-22,2.0,1.52,27.40000000000001,107.0,45.45,1585.7,28.3,365.4,1.2185145317545747,1.1864507326333273,0
18-300-00102,2026-08-23,1.9,1.6800000000000002,23.000000000000007,92.10000000000001,45.45,1585.7,28.3,365.4,1.157588805166846,1.1271281960016608,0
18-300-00102,2026-08-24,2.1,15.040000000000001,6.000000000000007,52.7,45.45,1585.7,28.3,365.4,1.2794402583423037,1.2457732692649937,0
18-300-00102,2026-08-25,18.8,9.28,22.800000000000008,53.5,45.45,1585.7,28.3,365.4,11.454036598493005,11.152636886753276,0
18-300-00102,2026-08-26,11.6,1.2000000000000002,32.50000000000001,61.800000000000004,45.45,1585.7,28.3,365.4,7.067384284176533,6.8814142492732975,0
18-300-00102,2026-08-27,1.5,11.200000000000001,31.900000000000006,57.0,45.45,1585.7,28.3,365.4,0.9138858988159311,0.8898380494749955,0
18-300-00102,2026-08-28,14.0,7.120000000000001,27.10000000000001,51.9,45.45,1585.7,28.3,365.4,8.529601722282022,8.305155128433292,0
18-300-00102,2026-08-29,8.9,44.96000000000001,24.400000000000006,58.8,45.45,1585.7,28.3,365.4,5.422389666307858,5.279705760218307,0
18-300-00102,2026-08-30,56.2,22.64,79.10000000000001,113.1,45.45,1585.7,28.3,365.4,34.24025834230355,33.3392655869965,1
18-300-00102,2026-08-31,28.3,9.200000000000001,93.4,139.3,45.45,1585.7,28.3,365.4,17.241980624327233,16.788277866761582,0
18-300-00102,2026-09-01,11.5,5.04,96.0,132.0,45.45,1585.7,28.3,365.4,7.006458557588805,6.822091712641631,0
18-300-00102,2026-09-02,6.3,11.440000000000001,46.10000000000001,126.7,45.45,1585.7,28.3,365.4,3.83832077502691,3.737319807794981,0
18-300-00102,2026-09-03,14.3,5.04,32.10000000000001,139.5,45.45,1585.7,28.3,365.4,8.712378902045211,8.48312273832829,0
18-300-00102,2026-09-04,6.3,4.4,26.90000000000001,131.8,45.45,1585.7,28.3,365.4,3.83832077502691,3.737319807794981,0
18-300-00102,2026-09-05,5.5,3.9200000000000004,26.10000000000001,128.4,45.45,1585.7,28.3,365.4,3.3509149623250805,3.26273951474165,0
18-300-00102,2026-09-06,4.9,6.24,16.700000000000006,77.1,45.45,1585.7,28.3,365.4,2.9853606027987083,2.906804294951652,0
18-300-00102,2026-09-07,7.8,1.36,18.200000000000006,56.599999999999994,45.45,1585.7,28.3,365.4,4.752206673842841,4.627157857269976,0
18-300-00102,2026-09-08,1.7,0.96,14.400000000000006,46.8,45.45,1585.7,28.3,365.4,1.0357373519913886,1.0084831227383282,0
18-300-00102,2026-09-09,1.2,0.6400000000000001,10.700000000000008,41.699999999999996,45.45,1585.7,28.3,365.4,0.7311087190527449,0.7118704395799963,0
18-300-00102,2026-09-10,0.8,3.6,3.7000000000000073,28.199999999999992,45.45,1585.7,28.3,365.4,0.4874058127018299,0.47458029305333094,0
18-300-00102,2026-09-11,4.5,8.16,6.500000000000007,26.39999999999999,45.45,1585.7,28.3,365.4,2.7416576964477932,2.6695141484249865,0
18-300-00102,2026-09-12,10.2,21.36,15.500000000000007,31.09999999999999,45.45,1585.7,28.3,365.4,6.214424111948331,6.050898736429969,0
18-300-00102,2026-09-13,26.7,0.0,41.400000000000006,52.89999999999999,45.45,1585.7,28.3,365.4,16.267168998923573,15.839117280654918,0
18-300-00102,2026-09-14,0.0,1.04,36.900000000000006,45.099999999999994,45.45,1585.7,28.3,365.4,0.0,0.0,0
18-300-00102,2026-09-15,1.3,5.760000000000001,28.000000000000007,44.69999999999999,45.45,1585.7,28.3,365.4,0.7920344456404735,0.7711929762116627,0
18-300-00102,2026-09-16,7.2,8.64,8.500000000000007,50.69999999999999,45.45,1585.7,28.3,365.4,4.3866523143164695,4.271222637479978,0
18-300-00102,2026-09-17,10.8,14.56,19.300000000000008,60.69999999999999,45.45,1585.7,28.3,365.4,6.579978471474704,6.406833956219968,0
18-300-00102,2026-09-18,18.2,0.0,36.2,74.39999999999999,45.45,1585.7,28.3,365.4,11.088482238966629,10.796701666963278,0
18-300-00102,2026-09-19,0.0,0.0,29.000000000000007,64.19999999999999,45.45,1585.7,28.3,365.4,0.0,0.0,0
18-300-00103,2025-09-19,14.7,1.1199999999999999,14.7,14.7,52.88,853.6,28.3,673.4,7.721046770601336,15.415268456375838,0
18-300-00103,2025-09-20,1.4,0.16000000000000003,16.099999999999998,16.099999999999998,52.88,853.6,28.3,673.4,0.7353377876763176,1.4681208053691275,0
18-300-00103,2025-09-21,0.2,7.2,16.3,16.3,52.88,853.6,28.3,673.4,0.1050482553823311,0.20973154362416108,0
18-300-00103,2025-09-22,9.0,2.5600000000000005,10.6,25.299999999999997,52.88,853.6,28.3,673.4,4.7271714922049,9.437919463087248,0
18-300-00103,2025-09-23,3.2,1.4400000000000002,12.399999999999999,28.5,52.88,853.6,28.3,673.4,1.6807720861172977,3.3557046979865772,0
18-300-00103,2025-09-24,1.8,0.0,14.0,30.3,52.88,853.6,28.3,673.4,0.94543429844098,1.8875838926174497,0
18-300-00103,2025-09-25,0.0,0.0,5.0,30.3,52.88,853.6,28.3,673.4,0.0,0.0,0
18-300-00103,2025-09-26,0.0,0.96,1.8,15.6,52.88,853.6,28.3,673.4,0.0,0.0,0
18-300-00103,2025-09-27,1.2,0.8,1.2,15.399999999999999,52.88,853.6,28.3,673.4,0.6302895322939867,1.2583892617449663,0
18-300-00103,2025-09-28,1.0,0.5599999999999999,2.2,16.2,52.88,853.6,28.3,673.4,0.5252412769116556,1.0486577181208054,0
18-300-00103,2025-09-29,0.7,0.0,2.9,7.9,52.88,853.6,28.3,673.4,0.3676688938381588,0.7340604026845637,0
18-300-00103,2025-09-30,0.0,25.44,1.7,4.7,52.88,853.6,28.3,673.4,0.0,0.0,0
18-300-00103,2025-10-01,31.8,3.04,32.5,34.7,52.88,853.6,28.3,673.4,16.702672605790646,33.34731543624161,0
18-300-00103,2025-10-02,3.8,7.28,35.6,38.5,52.88,853.6,28.3,673.4,1.9959168522642907,3.9848993288590604,0
18-300-00103,2025-10-03,9.1,11.440000000000001,44.7,47.599999999999994,52.88,853.6,28.3,673.4,4.7796956198960645,9.542785234899329,0
18-300-00103,2025-10-04,14.3,27.6,27.2,60.699999999999996,52.88,853.6,28.3,673.4,7.510950259836675,14.995805369127517,0
18-300-00103,2025-10-05,34.5,2.08,57.9,94.19999999999999,52.88,853.6,28.3,673.4,18.120824053452115,36.178691275167786,0
18-300-00103,2025-10-06,2.6,1.6,51.4,96.1,52.88,853.6,28.3,673.4,1.3656273199703042,2.726510067114094,0
18-300-00103,2025-10-07,2.0,1.52,39.1,98.1,52.88,853.6,28.3,673.4,1.0504825538233111,2.097315436241611,0
18-300-00103,2025-10-08,1.9,2.2399999999999998,6.5,68.19999999999999,52.88,853.6,28.3,673.4,0.9979584261321454,1.9924496644295302,0
18-300-00103,2025-10-09,2.8,1.6,6.699999999999999,67.2,52.88,853.6,28.3,673.4,1.4706755753526353,2.936241610738255,0
18-300-00103,2025-10-10,2.0,2.4800000000000004,6.699999999999999,60.1,52.88,853.6,28.3,673.4,1.0504825538233111,2.097315436241611,0
18-300-00103,2025-10-11,3.1,0.24,7.8999999999999995,48.9,52.88,853.6,28.3,673.4,1.6282479584261322,3.2508389261744965,0
18-300-00103,2025-10-12,0.3,0.8,5.3999999999999995,14.7,52.88,853.6,28.3,673.4,0.15757238307349666,0.3145973154362416,0
18-300-00103,2025-10-13,1.0,0.0,4.4,13.1,52.88,853.6,28.3,673.4,0.5252412769116556,1.0486577181208054,0
18-300-00103,2025-10-14,0.0,0.0,1.3,11.1,52.88,853.6,28.3,673.4,0.0,0.0,0
18-300-00103,2025-10-15,0.0,0.0,1.0,9.2,52.88,853.6,28.3,673.4,0.0,0.0,0
18-300-00103,2025-10-16,0.0,0.08000000000000002,0.0,6.4,52.88,853.6,28.3,673.4,0.0,0.0,0
18-300-00103,2025-10-17,0.1,0.24,0.1,4.5,52.88,853.6,28.3,673.4,0.05252412769116555,0.10486577181208054,0
18-300-00103,2025-10-18,0.3,0.0,0.4,1.7000000000000002,52.88,853.6,28.3,673.4,0.15757238307349666,0.3145973154362416,0
18-300-00103,2025-10-19,0.0,0.0,0.39999999999999997,1.4,52.88,853.6,28.3,673.4,0.0,0.0,0
18-300-00103,2025-10-20,0.0,0.0,0.29999999999999993,0.4,52.88,853.6,28.3,673.4,0.0,0.0,0
18-300-00103,2025-10-21,0.0,0.0,0.0,0.4,52.88,853.6,28.3,673.4,0.0,0.0,0
18-300-00103,2025-10-22,0.0,0.0,0.0,0.4,52.88,853.6,28.3,673.4,0.0,0.0,0
18-300-00103,2025-10-23,0.0,3.7600000000000002,0.0,0.4,52.88,853.6,28.3,673.4,0.0,0.0,0
18-300-00103,2025-10-24,4.7,6.720000000000001,4.7,5.0,52.88,853.6,28.3,673.4,2.4686340014847814,4.928691275167785,0
18-300-00103,2025-10-25,8.4,0.4,13.100000000000001,13.100000000000001,52.88,853.6,28.3,673.4,4.412026726057907,8.808724832214766,0
18-300-00103,2025-10-26,0.5,0.24,13.6,13.6,52.88,853.6,28.3,673.4,0.2626206384558278,0.5243288590604027,0
18-300-00103,2025-10-27,0.3,0.0,9.2,13.9,52.88,853.6,28.3,673.4,0.15757238307349666,0.3145973154362416,0
18-300-00103,2025-10-28,0.0,0.32000000000000006,0.8,13.9,52.88,853.6,28.3,673.4,0.0,0.0,0
18-300-00103,2025-10-29,0.4,5.120000000000001,0.7,14.299999999999999,52.88,853.6,28.3,673.4,0.2100965107646622,0.41946308724832215,0
18-300-00103,2025-10-30,6.4,20.880000000000003,6.800000000000001,20.7,52.88,853.6,28.3,673.4,3.3615441722345953,6.7114093959731544,0
18-300-00103,2025-10-31,26.1,19.200000000000003,32.900000000000006,42.1,52.88,853.6,28.3,673.4,13.70879732739421,27.36996644295302,0
18-300-00103,2025-11-01,24.0,0.0,56.5,57.7,52.88,853.6,28.3,673.4,12.605790645879733,25.16778523489933,0
18-300-00103,2025-11-02,0.0,0.0,50.099999999999994,57.2,52.88,853.6,28.3,673.4,0.0,0.0,0
18-300-00103,2025-11-03,0.0,0.0,24.0,56.9,52.88,853.6,28.3,673.4,0.0,0.0,0
18-300-00103,2025-11-04,0.0,0.0,0.0,56.9,52.88,853.6,28.3,673.4,0.0,0.0,0
18-300-00103,2025-11-05,0.0,1.4400000000000002,0.0,56.5,52.88,853.6,28.3,673.4,0.0,0.0,0
18-300-00103,2025-11-06,1.8,1.04,1.8,51.9,52.88,853.6,28.3,673.4,0.94543429844098,1.8875838926174497,0
18-300-00103,2025-11-07,1.3,0.0,3.1,27.099999999999998,52.88,853.6,28.3,673.4,0.6828136599851521,1.363255033557047,0
18-300-00103,2025-11-08,0.0,0.0,3.1,3.0999999999999965,52.88,853.6,28.3,673.4,0.0,0.0,0
18-300-00103,2025-11-09,0.0,0.24,1.3,3.0999999999999965,52.88,853.6,28.3,673.4,0.0,0.0,0
18-300-00103,2025-11-10,0.3,1.4400000000000002,0.3,3.3999999999999964,52.88,853.6,28.3,673.4,0.15757238307349666,0.3145973154362416,0
18-300-00103,2025-11-11,1.8,0.0,2.1,5.199999999999997,52.88,853.6,28.3,673.4,0.94543429844098,1.8875838926174497,0
18-300-00103,2025-11-12,0.0,0.08000000000000002,2.1,5.199999999999997,52.88,853.6,28.3,673.4,0.0,0.0,0
18-300-00103,2025-11-13,0.1,0.08000000000000002,1.9000000000000001,3.499999999999997,52.88,853.6,28.3,673.4,0.05252412769116555,0.10486577181208054,0
18-300-00103,2025-11-14,0.1,0.0,0.2,2.2999999999999967,52.88,853.6,28.3,673.4,0.05252412769116555,0.10486577181208054,0
18-300-00103,2025-11-15,0.0,0.0,0.2,2.2999999999999967,52.88,853.6,28.3,673.4,0.0,0.0,0
18-300-00103,2025-11-16,0.0,0.0,0.1,2.2999999999999967,52.88,853.6,28.3,673.4,0.0,0.0,0
18-300-00103,2025-11-17,0.0,0.0,0.0,1.9999999999999964,52.88,853.6,28.3,673.4,0.0,0.0,0
18-300-00103,2025-11-18,0.0,0.0,0.0,0.19999999999999646,52.88,853.6,28.3,673.4,0.0,0.0,0
18-300-00103,2025-11-19,0.0,0.0,0.0,0.19999999999999646,52.88,853.6,28.3,673.4,0.0,0.0,0
18-300-00103,2025-11-20,0.0,0.0,0.0,0.09999999999999645,52.88,853.6,28.3,673.4,0.0,0.0,0
18-300-00103,2025-11-21,0.0,1.4400000000000002,0.0,0.0,52.88,853.6,28.3,673.4,0.0,0.0,0
18-300-00103,2025-11-22,1.8,0.24,1.8,1.7999999999999965,52.88,853.6,28.3,673.4,0.94543429844098,1.8875838926174497,0
18-300-00103,2025-11-23,0.3,0.0,2.1,2.0999999999999965,52.88,853.6,28.3,673.4,0.15757238307349666,0.3145973154362416,0
18-300-00103,2025-11-24,0.0,0.0,2.1,2.0999999999999965,52.88,853.6,28.3,673.4,0.0,0.0,0
18-300-00103,2025-11-25,0.0,0.0,0.3,2.0999999999999965,52.88,853.6,28.3,673.4,0.0,0.0,0
18-300-00103,2025-11-26,0.0,0.0,0.0,2.0999999999999965,52.88,853.6,28.3,673.4,0.0,0.0,0
18-300-00103,2025-11-27,0.0,0.0,0.0,2.0999999999999965,52.88,853.6,28.3,673.4,0.0,0.0,0
18-300-00103,2025-11-28,0.0,0.0,0.0,2.0999999999999965,52.88,853.6,28.3,673.4,0.0,0.0,0
18-300-00103,2025-11-29,0.0,0.0,0.0,0.29999999999999644,52.88,853.6,28.3,673.4,0.0,0.0,0
18-300-00103,2025-11-30,0.0,0.24,0.0,0.0,52.88,853.6,28.3,673.4,0.0,0.0,0
18-300-00103,2025-12-01,0.3,0.0,0.3,0.29999999999999644,52.88,853.6,28.3,673.4,0.15757238307349666,0.3145973154362416,0
18-300-00103,2025-12-02,0.0,0.0,0.3,0.29999999999999644,52.88,853.6,28.3,673.4,0.0,0.0,0
18-300-00103,2025-12-03,0.0,0.0,0.3,0.29999999999999644,52.88,853.6,28.3,673.4,0.0,0.0,0
18-300-00103,2025-12-04,0.0,0.0,0.0,0.29999999999999644,52.88,853.6,28.3,673.4,0.0,0.0,0
18-300-00103,2025-12-05,0.0,0.0,0.0,0.29999999999999644,52.88,853.6,28.3,673.4,0.0,0.0,0
18-300-00103,2025-12-06,0.0,0.0,0.0,0.29999999999999644,52.88,853.6,28.3,673.4,0.0,0.0,0
18-300-00103,2025-12-07,0.0,0.0,0.0,0.29999999999999644,52.88,853.6,28.3,673.4,0.0,0.0,0
18-300-00103,2025-12-08,0.0,0.0,0.0,0.0,52.88,853.6,28.3,673.4,0.0,0.0,0
18-300-00103,2025-12-09,0.0,0.0,0.0,0.0,52.88,853.6,28.3,673.4,0.0,0.0,0
18-300-00103,2025-12-10,0.0,0.0,0.0,0.0,52.88,853.6,28.3,673.4,0.0,0.0,0
18-300-00103,2025-12-11,0.0,0.0,0.0,0.0,52.88,853.6,28.3,673.4,0.0,0.0,0
18-300-00103,2025-12-12,0.0,0.0,0.0,0.0,52.88,853.6,28.3,673.4,0.0,0.0,0
18-300-00103,2025-12-13,0.0,0.0,0.0,0.0,52.88,853.6,28.3,673.4,0.0,0.0,0
18-300-00103,2025-12-14,0.0,0.0,0.0,0.0,52.88,853.6,28.3,673.4,0.0,0.0,0
18-300-00103,2025-12-15,0.0,0.0,0.0,0.0,52.88,853.6,28.3,673.4,0.0,0.0,0
18-300-00103,2025-12-16,0.0,0.0,0.0,0.0,52.88,853.6,28.3,673.4,0.0,0.0,0
18-300-00103,2025-12-17,0.0,0.0,0.0,0.0,52.88,853.6,28.3,673.4,0.0,0.0,0
18-300-00103,2025-12-18,0.0,0.0,0.0,0.0,52.88,853.6,28.3,673.4,0.0,0.0,0
18-300-00103,2025-12-19,0.0,0.0,0.0,0.0,52.88,853.6,28.3,673.4,0.0,0.0,0
18-300-00103,2025-12-20,0.0,0.0,0.0,0.0,52.88,853.6,28.3,673.4,0.0,0.0,0
18-300-00103,2025-12-21,0.0,0.0,0.0,0.0,52.88,853.6,28.3,673.4,0.0,0.0,0
18-300-00103,2025-12-22,0.0,0.0,0.0,0.0,52.88,853.6,28.3,673.4,0.0,0.0,0
18-300-00103,2025-12-23,0.0,0.48,0.0,0.0,52.88,853.6,28.3,673.4,0.0,0.0,0
18-300-00103,2025-12-24,0.6,0.0,0.6,0.5999999999999964,52.88,853.6,28.3,673.4,0.3151447661469933,0.6291946308724832,0
18-300-00103,2025-12-25,0.0,0.0,0.6,0.5999999999999964,52.88,853.6,28.3,673.4,0.0,0.0,0
18-300-00103,2025-12-26,0.0,0.0,0.6,0.5999999999999964,52.88,853.6,28.3,673.4,0.0,0.0,0
18-300-00103,2025-12-27,0.0,0.0,0.0,0.5999999999999964,52.88,853.6,28.3,673.4,0.0,0.0,0
18-300-00103,2025-12-28,0.0,0.0,0.0,0.5999999999999964,52.88,853.6,28.3,673.4,0.0,0.0,0
18-300-00103,2025-12-29,0.0,0.08000000000000002,0.0,0.5999999999999964,52.88,853.6,28.3,673.4,0.0,0.0,0
18-300-00103,2025-12-30,0.1,0.0,0.1,0.6999999999999964,52.88,853.6,28.3,673.4,0.05252412769116555,0.10486577181208054,0
18-300-00103,2025-12-31,0.0,0.0,0.1,0.09999999999999645,52.88,853.6,28.3,673.4,0.0,0.0,0
18-300-00103,2026-01-01,0.0,0.0,0.1,0.09999999999999645,52.88,853.6,28.3,673.4,0.0,0.0,0
18-300-00103,2026-01-02,0.0,0.48,0.0,0.09999999999999645,52.88,853.6,28.3,673.4,0.0,0.0,0
18-300-00103,2026-01-03,0.6,0.0,0.6,0.6999999999999964,52.88,853.6,28.3,673.4,0.3151447661469933,0.6291946308724832,0
18-300-00103,2026-01-04,0.0,0.0,0.6,0.6999999999999964,52.88,853.6,28.3,673.4,0.0,0.0,0
18-300-00103,2026-01-05,0.0,0.0,0.6,0.6999999999999964,52.88,853.6,28.3,673.4,0.0,0.0,0
18-300-00103,2026-01-06,0.0,0.0,0.0,0.5999999999999964,52.88,853.6,28.3,673.4,0.0,0.0,0
18-300-00103,2026-01-07,0.0,0.0,0.0,0.5999999999999964,52.88,853.6,28.3,673.4,0.0,0.0,0
18-300-00103,2026-01-08,0.0,0.0,0.0,0.5999999999999964,52.88,853.6,28.3,673.4,0.0,0.0,0
18-300-00103,2026-01-09,0.0,0.0,0.0,0.5999999999999964,52.88,853.6,28.3,673.4,0.0,0.0,0
18-300-00103,2026-01-10,0.0,0.0,0.0,0.0,52.88,853.6,28.3,673.4,0.0,0.0,0
18-300-00103,2026-01-11,0.0,0.0,0.0,0.0,52.88,853.6,28.3,673.4,0.0,0.0,0
18-300-00103,2026-01-12,0.0,0.0,0.0,0.0,52.88,853.6,28.3,673.4,0.0,0.0,0
18-300-00103,2026-01-13,0.0,0.0,0.0,0.0,52.88,853.6,28.3,673.4,0.0,0.0,0
18-300-00103,2026-01-14,0.0,0.0,0.0,0.0,52.88,853.6,28.3,673.4,0.0,0.0,0
18-300-00103,2026-01-15,0.0,0.0,0.0,0.0,52.88,853.6,28.3,673.4,0.0,0.0,0
18-300-00103,2026-01-16,0.0,0.0,0.0,0.0,52.88,853.6,28.3,673.4,0.0,0.0,0
18-300-00103,2026-01-17,0.0,0.0,0.0,0.0,52.88,853.6,28.3,673.4,0.0,0.0,0
18-300-00103,2026-01-18,0.0,0.0,0.0,0.0,52.88,853.6,28.3,673.4,0.0,0.0,0
18-300-00103,2026-01-19,0.0,0.0,0.0,0.0,52.88,853.6,28.3,673.4,0.0,0.0,0
18-300-00103,2026-01-20,0.0,0.08000000000000002,0.0,0.0,52.88,853.6,28.3,673.4,0.0,0.0,0
18-300-00103,2026-01-21,0.1,0.0,0.1,0.09999999999999645,52.88,853.6,28.3,673.4,0.05252412769116555,0.10486577181208054,0
18-300-00103,2026-01-22,0.0,0.0,0.1,0.09999999999999645,52.88,853.6,28.3,673.4,0.0,0.0,0
18-300-00103,2026-01-23,0.0,0.0,0.1,0.09999999999999645,52.88,853.6,28.3,673.4,0.0,0.0,0
18-300-00103,2026-01-24,0.0,0.0,0.0,0.09999999999999645,52.88,853.6,28.3,673.4,0.0,0.0,0
18-300-00103,2026-01-25,0.0,0.0,0.0,0.09999999999999645,52.88,853.6,28.3,673.4,0.0,0.0,0
18-300-00103,2026-01-26,0.0,0.0,0.0,0.09999999999999645,52.88,853.6,28.3,673.4,0.0,0.0,0
18-300-00103,2026-01-27,0.0,0.0,0.0,0.09999999999999645,52.88,853.6,28.3,673.4,0.0,0.0,0
18-300-00103,2026-01-28,0.0,0.8,0.0,0.0,52.88,853.6,28.3,673.4,0.0,0.0,0
18-300-00103,2026-01-29,1.0,0.0,1.0,0.9999999999999964,52.88,853.6,28.3,673.4,0.5252412769116556,1.0486577181208054,0
18-300-00103,2026-01-30,0.0,0.0,1.0,0.9999999999999964,52.88,853.6,28.3,673.4,0.0,0.0,0
18-300-00103,2026-01-31,0.0,0.0,1.0,0.9999999999999964,52.88,853.6,28.3,673.4,0.0,0.0,0
18-300-00103,2026-02-01,0.0,0.0,0.0,0.9999999999999964,52.88,853.6,28.3,673.4,0.0,0.0,0
18-300-00103,2026-02-02,0.0,0.0,0.0,0.9999999999999964,52.88,853.6,28.3,673.4,0.0,0.0,0
18-300-00103,2026-02-03,0.0,0.08000000000000002,0.0,0.9999999999999964,52.88,853.6,28.3,673.4,0.0,0.0,0
18-300-00103,2026-02-04,0.1,0.0,0.1,1.0999999999999965,52.88,853.6,28.3,673.4,0.05252412769116555,0.10486577181208054,0
18-300-00103,2026-02-05,0.0,0.0,0.1,0.09999999999999645,52.88,853.6,28.3,673.4,0.0,0.0,0
18-300-00103,2026-02-06,0.0,0.0,0.1,0.09999999999999645,52.88,853.6,28.3,673.4,0.0,0.0,0
18-300-00103,2026-02-07,0.0,0.0,0.0,0.09999999999999645,52.88,853.6,28.3,673.4,0.0,0.0,0
18-300-00103,2026-02-08,0.0,0.0,0.0,0.09999999999999645,52.88,853.6,28.3,673.4,0.0,0.0,0
18-300-00103,2026-02-09,0.0,0.0,0.0,0.09999999999999645,52.88,853.6,28.3,673.4,0.0,0.0,0
18-300-00103,2026-02-10,0.0,0.0,0.0,0.09999999999999645,52.88,853.6,28.3,673.4,0.0,0.0,0
18-300-00103,2026-02-11,0.0,0.0,0.0,0.0,52.88,853.6,28.3,673.4,0.0,0.0,0
18-300-00103,2026-02-12,0.0,0.0,0.0,0.0,52.88,853.6,28.3,673.4,0.0,0.0,0
18-300-00103,2026-02-13,0.0,0.0,0.0,0.0,52.88,853.6,28.3,673.4,0.0,0.0,0
18-300-00103,2026-02-14,0.0,0.0,0.0,0.0,52.88,853.6,28.3,673.4,0.0,0.0,0
18-300-00103,2026-02-15,0.0,0.0,0.0,0.0,52.88,853.6,28.3,673.4,0.0,0.0,0
18-300-00103,2026-02-16,0.0,0.0,0.0,0.0,52.88,853.6,28.3,673.4,0.0,0.0,0
18-300-00103,2026-02-17,0.0,0.0,0.0,0.0,52.88,853.6,28.3,673.4,0.0,0.0,0
18-300-00103,2026-02-18,0.0,0.0,0.0,0.0,52.88,853.6,28.3,673.4,0.0,0.0,0
18-300-00103,2026-02-19,0.0,0.0,0.0,0.0,52.88,853.6,28.3,673.4,0.0,0.0,0
18-300-00103,2026-02-20,0.0,0.0,0.0,0.0,52.88,853.6,28.3,673.4,0.0,0.0,0
18-300-00103,2026-02-21,0.0,0.0,0.0,0.0,52.88,853.6,28.3,673.4,0.0,0.0,0
18-300-00103,2026-02-22,0.0,0.0,0.0,0.0,52.88,853.6,28.3,673.4,0.0,0.0,0
18-300-00103,2026-02-23,0.0,0.0,0.0,0.0,52.88,853.6,28.3,673.4,0.0,0.0,0
18-300-00103,2026-02-24,0.0,0.8800000000000001,0.0,0.0,52.88,853.6,28.3,673.4,0.0,0.0,0
18-300-00103,2026-02-25,1.1,0.08000000000000002,1.1,1.0999999999999965,52.88,853.6,28.3,673.4,0.5777654046028211,1.153523489932886,0
18-300-00103,2026-02-26,0.1,0.24,1.2000000000000002,1.1999999999999966,52.88,853.6,28.3,673.4,0.05252412769116555,0.10486577181208054,0
18-300-00103,2026-02-27,0.3,0.0,1.5,1.4999999999999964,52.88,853.6,28.3,673.4,0.15757238307349666,0.3145973154362416,0
18-300-00103,2026-02-28,0.0,0.7200000000000001,0.4,1.4999999999999964,52.88,853.6,28.3,673.4,0.0,0.0,0
18-300-00103,2026-03-01,0.9,0.08000000000000002,1.2000000000000002,2.399999999999997,52.88,853.6,28.3,673.4,0.47271714922049,0.9437919463087249,0
18-300-00103,2026-03-02,0.1,0.0,1.0,2.4999999999999964,52.88,853.6,28.3,673.4,0.05252412769116555,0.10486577181208054,0
18-300-00103,2026-03-03,0.0,0.0,1.0,2.4999999999999964,52.88,853.6,28.3,673.4,0.0,0.0,0
18-300-00103,2026-03-04,0.0,0.0,0.1,1.3999999999999966,52.88,853.6,28.3,673.4,0.0,0.0,0
18-300-00103,2026-03-05,0.0,0.0,0.0,1.2999999999999965,52.88,853.6,28.3,673.4,0.0,0.0,0
18-300-00103,2026-03-06,0.0,0.0,0.0,0.9999999999999964,52.88,853.6,28.3,673.4,0.0,0.0,0
18-300-00103,2026-03-07,0.0,0.0,0.0,0.9999999999999964,52.88,853.6,28.3,673.4,0.0,0.0,0
18-300-00103,2026-03-08,0.0,11.68,0.0,0.09999999999999645,52.88,853.6,28.3,673.4,0.0,0.0,0
18-300-00103,2026-03-09,14.6,0.16000000000000003,14.6,14.599999999999996,52.88,853.6,28.3,673.4,7.668522642910171,15.310402684563758,0
18-300-00103,2026-03-10,0.2,0.24,14.799999999999999,14.799999999999995,52.88,853.6,28.3,673.4,0.1050482553823311,0.20973154362416108,0
18-300-00103,2026-03-11,0.3,5.5200000000000005,15.1,15.099999999999996,52.88,853.6,28.3,673.4,0.15757238307349666,0.3145973154362416,0
18-300-00103,2026-03-12,6.9,48.0,7.4,21.999999999999996,52.88,853.6,28.3,673.4,3.624164810690423,7.235738255033557,0
18-300-00103,2026-03-13,60.0,55.2,67.2,82.0,52.88,853.6,28.3,673.4,31.51447661469933,62.919463087248324,1
18-300-00103,2026-03-14,69.0,8.72,135.9,151.0,52.88,853.6,28.3,673.4,36.24164810690423,72.35738255033557,1
18-300-00103,2026-03-15,10.9,11.68,139.9,161.9,52.88,853.6,28.3,673.4,5.725129918337045,11.430369127516778,0
18-300-00103,2026-03-16,14.6,5.920000000000001,94.5,161.9,52.88,853.6,28.3,673.4,7.668522642910171,15.310402684563758,0
18-300-00103,2026-03-17,7.4,29.92,32.9,169.1,52.88,853.6,28.3,673.4,3.886785449146251,7.76006711409396,0
18-300-00103,2026-03-18,37.4,7.920000000000001,59.4,206.2,52.88,853.6,28.3,673.4,19.64402375649592,39.21979865771812,0
18-300-00103,2026-03-19,9.9,19.76,54.699999999999996,209.2,52.88,853.6,28.3,673.4,5.19988864142539,10.381711409395974,0
18-300-00103,2026-03-20,24.7,8.0,72.0,173.9,52.88,853.6,28.3,673.4,12.97345953971789,25.901845637583893,0
18-300-00103,2026-03-21,10.0,0.0,44.6,114.9,52.88,853.6,28.3,673.4,5.252412769116555,10.486577181208053,0
18-300-00103,2026-03-22,0.0,0.32000000000000006,34.7,104.0,52.88,853.6,28.3,673.4,0.0,0.0,0
18-300-00103,2026-03-23,0.4,17.44,10.4,89.8,52.88,853.6,28.3,673.4,0.2100965107646622,0.41946308724832215,0
18-300-00103,2026-03-24,21.8,2.16,22.200000000000003,104.19999999999999,52.88,853.6,28.3,673.4,11.45025983667409,22.860738255033556,0
18-300-00103,2026-03-25,2.7,0.24,24.9,69.5,52.88,853.6,28.3,673.4,1.41815144766147,2.8313758389261747,0
18-300-00103,2026-03-26,0.3,0.0,24.8,59.900000000000006,52.88,853.6,28.3,673.4,0.15757238307349666,0.3145973154362416,0
18-300-00103,2026-03-27,0.0,10.0,3.0,35.2,52.88,853.6,28.3,673.4,0.0,0.0,0
18-300-00103,2026-03-28,12.5,0.08000000000000002,12.8,37.7,52.88,853.6,28.3,673.4,6.565515961395694,13.108221476510067,0
18-300-00103,2026-03-29,0.1,0.48,12.6,37.8,52.88,853.6,28.3,673.4,0.05252412769116555,0.10486577181208054,0
18-300-00103,2026-03-30,0.6,2.8800000000000003,13.2,38.0,52.88,853.6,28.3,673.4,0.3151447661469933,0.6291946308724832,0
18-300-00103,2026-03-31,3.6,11.040000000000001,4.3,19.8,52.88,853.6,28.3,673.4,1.89086859688196,3.7751677852348995,0
18-300-00103,2026-04-01,13.8,1.8399999999999999,18.0,30.900000000000002,52.88,853.6,28.3,673.4,7.248329621380846,14.471476510067115,0
18-300-00103,2026-04-02,2.3,1.8399999999999999,19.7,32.9,52.88,853.6,28.3,673.4,1.2080549368968077,2.411912751677852,0
18-300-00103,2026-04-03,2.3,4.720000000000001,18.4,35.2,52.88,853.6,28.3,673.4,1.2080549368968077,2.411912751677852,0
18-300-00103,2026-04-04,5.9,0.6400000000000001,10.5,28.6,52.88,853.6,28.3,673.4,3.098923533778768,6.187080536912752,0
18-300-00103,2026-04-05,0.8,0.0,9.0,29.3,52.88,853.6,28.3,673.4,0.4201930215293244,0.8389261744966443,0
18-300-00103,2026-04-06,0.0,6.720000000000001,6.7,28.700000000000003,52.88,853.6,28.3,673.4,0.0,0.0,0
18-300-00103,2026-04-07,8.4,6.96,9.2,33.5,52.88,853.6,28.3,673.4,4.412026726057907,8.808724832214766,0
18-300-00103,2026-04-08,8.7,19.680000000000003,17.1,28.4,52.88,853.6,28.3,673.4,4.569599109131403,9.123322147651006,0
18-300-00103,2026-04-09,24.6,4.16,41.7,50.7,52.88,853.6,28.3,673.4,12.920935412026727,25.796979865771814,0
18-300-00103,2026-04-10,5.2,0.0,38.50000000000001,53.6,52.88,853.6,28.3,673.4,2.7312546399406084,5.453020134228188,0
18-300-00103,2026-04-11,0.0,1.4400000000000002,29.8,47.7,52.88,853.6,28.3,673.4,0.0,0.0,0
18-300-00103,2026-04-12,1.8,0.0,7.0,48.7,52.88,853.6,28.3,673.4,0.94543429844098,1.8875838926174497,0
18-300-00103,2026-04-13,0.0,0.0,1.8,48.7,52.88,853.6,28.3,673.4,0.0,0.0,0
18-300-00103,2026-04-14,0.0,4.800000000000001,1.8,40.300000000000004,52.88,853.6,28.3,673.4,0.0,0.0,0
18-300-00103,2026-04-15,6.0,0.6400000000000001,6.0,37.599999999999994,52.88,853.6,28.3,673.4,3.151447661469933,6.291946308724833,0
18-300-00103,2026-04-16,0.8,0.6400000000000001,6.8,13.799999999999997,52.88,853.6,28.3,673.4,0.4201930215293244,0.8389261744966443,0
18-300-00103,2026-04-17,0.8,26.480000000000004,7.6,9.399999999999997,52.88,853.6,28.3,673.4,0.4201930215293244,0.8389261744966443,0
18-300-00103,2026-04-18,33.1,24.96,34.7,42.5,52.88,853.6,28.3,673.4,17.385486265775796,34.71057046979866,0
18-300-00103,2026-04-19,31.2,13.280000000000001,65.10000000000001,71.89999999999999,52.88,853.6,28.3,673.4,16.387527839643653,32.718120805369125,0
18-300-00103,2026-04-20,16.6,24.64,80.9,88.5,52.88,853.6,28.3,673.4,8.719005196733482,17.40771812080537,0
18-300-00103,2026-04-21,30.8,7.76,78.6,119.3,52.88,853.6,28.3,673.4,16.17743132887899,32.29865771812081,0
18-300-00103,2026-04-22,9.7,0.6400000000000001,57.099999999999994,123.0,52.88,853.6,28.3,673.4,5.0948403860430584,10.171979865771812,0
18-300-00103,2026-04-23,0.8,2.08,41.300000000000004,123.0,52.88,853.6,28.3,673.4,0.4201930215293244,0.8389261744966443,0
18-300-00103,2026-04-24,2.6,4.16,13.1,124.79999999999998,52.88,853.6,28.3,673.4,1.3656273199703042,2.726510067114094,0
18-300-00103,2026-04-25,5.2,10.8,8.600000000000001,96.89999999999999,52.88,853.6,28.3,673.4,2.7312546399406084,5.453020134228188,0
18-300-00103,2026-04-26,13.5,4.16,21.3,79.19999999999999,52.88,853.6,28.3,673.4,7.09075723830735,14.156879194630873,0
18-300-00103,2026-04-27,5.2,9.440000000000001,23.9,67.8,52.88,853.6,28.3,673.4,2.7312546399406084,5.453020134228188,0
18-300-00103,2026-04-28,11.8,12.64,30.5,48.8,52.88,853.6,28.3,673.4,6.197847067557536,12.374161073825505,0
18-300-00103,2026-04-29,15.8,6.96,32.8,54.89999999999999,52.88,853.6,28.3,673.4,8.298812175204159,16.568791946308725,0
18-300-00103,2026-04-30,8.7,11.440000000000001,36.3,62.8,52.88,853.6,28.3,673.4,4.569599109131403,9.123322147651006,0
18-300-00103,2026-05-01,14.3,8.4,38.8,74.5,52.88,853.6,28.3,673.4,7.510950259836675,14.995805369127517,0
18-300-00103,2026-05-02,10.5,4.32,33.5,79.79999999999998,52.88,853.6,28.3,673.4,5.515033407572384,11.010906040268456,0
18-300-00103,2026-05-03,5.4,0.32000000000000006,30.200000000000003,71.69999999999999,52.88,853.6,28.3,673.4,2.83630289532294,5.6627516778523495,0
18-300-00103,2026-05-04,0.4,2.64,16.3,66.89999999999999,52.88,853.6,28.3,673.4,0.2100965107646622,0.41946308724832215,0
18-300-00103,2026-05-05,3.3,2.08,9.1,58.39999999999999,52.88,853.6,28.3,673.4,1.733296213808463,3.4605704697986575,0
18-300-00103,2026-05-06,2.6,0.6400000000000001,6.3,45.199999999999996,52.88,853.6,28.3,673.4,1.3656273199703042,2.726510067114094,0
18-300-00103,2026-05-07,0.8,5.44,6.699999999999999,37.3,52.88,853.6,28.3,673.4,0.4201930215293244,0.8389261744966443,0
18-300-00103,2026-05-08,6.8,0.24,10.2,29.799999999999994,52.88,853.6,28.3,673.4,3.5716406829992575,7.130872483221476,0
18-300-00103,2026-05-09,0.3,7.840000000000001,7.9,19.599999999999994,52.88,853.6,28.3,673.4,0.15757238307349666,0.3145973154362416,0
18-300-00103,2026-05-10,9.8,22.240000000000002,16.9,23.999999999999993,52.88,853.6,28.3,673.4,5.1473645137342245,10.276845637583893,0
18-300-00103,2026-05-11,27.8,2.9600000000000004,37.900000000000006,51.39999999999999,52.88,853.6,28.3,673.4,14.601707498144023,29.15268456375839,0
18-300-00103,2026-05-12,3.7,21.040000000000003,41.300000000000004,51.79999999999999,52.88,853.6,28.3,673.4,1.9433927245731255,3.88003355704698,0
18-300-00103,2026-05-13,26.3,5.36,57.8,75.5,52.88,853.6,28.3,673.4,13.81384558277654,27.57969798657718,0
18-300-00103,2026-05-14,6.7,14.719999999999999,36.7,81.4,52.88,853.6,28.3,673.4,3.5191165553080923,7.026006711409396,0
18-300-00103,2026-05-15,18.4,27.92,51.4,92.99999999999999,52.88,853.6,28.3,673.4,9.664439495174461,19.295302013422816,0
18-300-00103,2026-05-16,34.9,32.0,60.0,127.6,52.88,853.6,28.3,673.4,18.330920564216775,36.5981543624161,0
18-300-00103,2026-05-17,40.0,12.56,93.3,157.79999999999998,52.88,853.6,28.3,673.4,21.00965107646622,41.946308724832214,0
18-300-00103,2026-05-18,15.7,0.0,90.60000000000001,145.7,52.88,853.6,28.3,673.4,8.24628804751299,16.463926174496642,0
18-300-00103,2026-05-19,0.0,1.6800000000000002,55.7,142.0,52.88,853.6,28.3,673.4,0.0,0.0,0
18-300-00103,2026-05-20,2.1,21.28,17.8,117.8,52.88,853.6,28.3,673.4,1.1030066815144768,2.2021812080536916,0
18-300-00103,2026-05-21,26.6,9.520000000000001,28.700000000000003,137.7,52.88,853.6,28.3,673.4,13.971417965850039,27.894295302013425,0
18-300-00103,2026-05-22,11.9,36.64,40.6,131.2,52.88,853.6,28.3,673.4,6.250371195248701,12.479026845637584,0
18-300-00103,2026-05-23,45.8,74.32000000000001,84.3,142.1,52.88,853.6,28.3,673.4,24.056050482553818,48.02852348993288,0
18-300-00103,2026-05-24,92.9,28.0,150.6,195.0,52.88,853.6,28.3,673.4,48.7949146250928,97.42030201342283,1
18-300-00103,2026-05-25,35.0,8.32,173.7,214.3,52.88,853.6,28.3,673.4,18.383444691907943,36.70302013422819,0
18-300-00103,2026-05-26,10.4,3.2,138.3,224.70000000000002,52.88,853.6,28.3,673.4,5.462509279881217,10.906040268456376,0
18-300-00103,2026-05-27,4.0,8.72,49.4,226.6,52.88,853.6,28.3,673.4,2.1009651076466223,4.194630872483222,0
18-300-00103,2026-05-28,10.9,0.0,25.3,210.9,52.88,853.6,28.3,673.4,5.725129918337045,11.430369127516778,0
18-300-00103,2026-05-29,0.0,2.8000000000000003,14.9,199.0,52.88,853.6,28.3,673.4,0.0,0.0,0
18-300-00103,2026-05-30,3.5,2.4000000000000004,14.4,156.70000000000002,52.88,853.6,28.3,673.4,1.8383444691907942,3.670302013422819,0
18-300-00103,2026-05-31,3.0,0.4,6.5,66.8,52.88,853.6,28.3,673.4,1.5757238307349666,3.1459731543624163,0
18-300-00103,2026-06-01,0.5,4.4,7.0,32.3,52.88,853.6,28.3,673.4,0.2626206384558278,0.5243288590604027,0
18-300-00103,2026-06-02,5.5,11.76,9.0,27.400000000000002,52.88,853.6,28.3,673.4,2.8888270230141053,5.76761744966443,0
18-300-00103,2026-06-03,14.7,32.800000000000004,20.7,38.099999999999994,52.88,853.6,28.3,673.4,7.721046770601336,15.415268456375838,0
18-300-00103,2026-06-04,41.0,26.64,61.2,68.19999999999999,52.88,853.6,28.3,673.4,21.534892353377874,42.99496644295302,0
18-300-00103,2026-06-05,33.3,18.400000000000002,89.0,101.5,52.88,853.6,28.3,673.4,17.49053452115813,34.92030201342281,0
18-300-00103,2026-06-06,23.0,4.16,97.3,121.0,52.88,853.6,28.3,673.4,12.080549368968077,24.119127516778523,0
18-300-00103,2026-06-07,5.2,67.60000000000001,61.5,123.19999999999999,52.88,853.6,28.3,673.4,2.7312546399406084,5.453020134228188,0
18-300-00103,2026-06-08,84.5,55.120000000000005,112.7,207.2,52.88,853.6,28.3,673.4,44.38288789903489,88.61157718120805,1
18-300-00103,2026-06-09,68.9,44.96000000000001,158.60000000000002,270.6,52.88,853.6,28.3,673.4,36.189123979213065,72.2525167785235,1
18-300-00103,2026-06-10,56.2,7.440000000000001,209.60000000000002,312.1,52.88,853.6,28.3,673.4,29.51855976243504,58.93456375838927,1
18-300-00103,2026-06-11,9.3,7.76,134.4,280.40000000000003,52.88,853.6,28.3,673.4,4.884743875278398,9.752516778523491,0
18-300-00103,2026-06-12,9.7,12.32,75.2,256.8,52.88,853.6,28.3,673.4,5.0948403860430584,10.171979865771812,0
18-300-00103,2026-06-13,15.4,21.44,34.4,249.2,52.88,853.6,28.3,673.4,8.088715664439494,16.149328859060404,0
18-300-00103,2026-06-14,26.8,27.6,51.900000000000006,270.8,52.88,853.6,28.3,673.4,14.07646622123237,28.104026845637584,0
18-300-00103,2026-06-15,34.5,6.4,76.7,220.8,52.88,853.6,28.3,673.4,18.120824053452115,36.178691275167786,0
18-300-00103,2026-06-16,8.0,11.68,69.30000000000001,159.89999999999998,52.88,853.6,28.3,673.4,4.2019302152932445,8.389261744966444,0
18-300-00103,2026-06-17,14.6,18.240000000000002,57.10000000000001,118.29999999999998,52.88,853.6,28.3,673.4,7.668522642910171,15.310402684563758,0
18-300-00103,2026-06-18,22.8,10.8,45.400000000000006,131.79999999999998,52.88,853.6,28.3,673.4,11.975501113585747,23.909395973154364,0
18-300-00103,2026-06-19,13.5,23.200000000000003,50.900000000000006,135.6,52.88,853.6,28.3,673.4,7.09075723830735,14.156879194630873,0
18-300-00103,2026-06-20,29.0,45.68000000000001,65.30000000000001,149.2,52.88,853.6,28.3,673.4,15.231997030438011,30.411073825503355,0
18-300-00103,2026-06-21,57.1,27.760000000000005,99.60000000000001,179.5,52.88,853.6,28.3,673.4,29.99127691165553,59.87835570469799,1
18-300-00103,2026-06-22,34.7,35.12,120.80000000000001,179.7,52.88,853.6,28.3,673.4,18.225872308834447,36.38842281879195,0
18-300-00103,2026-06-23,43.9,20.400000000000002,135.70000000000002,215.6,52.88,853.6,28.3,673.4,23.058092056421675,46.03607382550335,0
18-300-00103,2026-06-24,25.5,8.24,104.10000000000002,226.5,52.88,853.6,28.3,673.4,13.393652561247215,26.74077181208054,0
18-300-00103,2026-06-25,10.3,26.400000000000002,79.7,213.99999999999997,52.88,853.6,28.3,673.4,5.4099851521900515,10.801174496644297,0
18-300-00103,2026-06-26,33.0,24.240000000000002,68.80000000000001,233.5,52.88,853.6,28.3,673.4,17.332962138084632,34.605704697986575,0
18-300-00103,2026-06-27,30.3,26.64,73.60000000000001,234.79999999999998,52.88,853.6,28.3,673.4,15.914810690423161,31.774328859060404,0
18-300-00103,2026-06-28,33.3,44.480000000000004,96.60000000000001,211.0,52.88,853.6,28.3,673.4,17.49053452115813,34.92030201342281,0
18-300-00103,2026-06-29,55.6,2.32,119.20000000000002,231.9,52.88,853.6,28.3,673.4,29.203414996288046,58.30536912751678,1
18-300-00103,2026-06-30,2.9,15.600000000000001,91.80000000000001,190.9,52.88,853.6,28.3,673.4,1.523199703043801,3.0411073825503356,0
18-300-00103,2026-07-01,19.5,7.920000000000001,78.00000000000001,184.89999999999998,52.88,853.6,28.3,673.4,10.242204899777283,20.448825503355703,0
18-300-00103,2026-07-02,9.9,1.36,32.30000000000001,184.49999999999997,52.88,853.6,28.3,673.4,5.19988864142539,10.381711409395974,0
18-300-00103,2026-07-03,1.7,1.04,31.100000000000016,153.2,52.88,853.6,28.3,673.4,0.8929101707498144,1.782718120805369,0
18-300-00103,2026-07-04,1.3,21.28,12.900000000000015,124.19999999999999,52.88,853.6,28.3,673.4,0.6828136599851521,1.363255033557047,0
18-300-00103,2026-07-05,26.6,26.32,29.600000000000016,117.49999999999999,52.88,853.6,28.3,673.4,13.971417965850039,27.894295302013425,0
18-300-00103,2026-07-06,32.9,26.8,60.80000000000001,94.79999999999998,52.88,853.6,28.3,673.4,17.280438010393464,34.500838926174495,0
18-300-00103,2026-07-07,33.5,11.120000000000001,93.00000000000003,125.39999999999998,52.88,853.6,28.3,673.4,17.59558277654046,35.13003355704698,0
18-300-00103,2026-07-08,13.9,18.16,80.30000000000001,119.79999999999998,52.88,853.6,28.3,673.4,7.300853749072012,14.576342281879194,0
18-300-00103,2026-07-09,22.7,5.920000000000001,70.10000000000002,132.6,52.88,853.6,28.3,673.4,11.922976985894579,23.80453020134228,0
18-300-00103,2026-07-10,7.4,18.48,44.00000000000002,138.3,52.88,853.6,28.3,673.4,3.886785449146251,7.76006711409396,0
18-300-00103,2026-07-11,23.1,36.32,53.200000000000024,160.1,52.88,853.6,28.3,673.4,12.133073496659243,24.223993288590606,0
18-300-00103,2026-07-12,45.4,64.56,75.90000000000002,178.89999999999998,52.88,853.6,28.3,673.4,23.845953971789157,47.60906040268456,0
18-300-00103,2026-07-13,80.7,19.680000000000003,149.20000000000002,226.7,52.88,853.6,28.3,673.4,42.3869710467706,84.62667785234899,1
18-300-00103,2026-07-14,24.6,11.76,150.70000000000002,217.79999999999998,52.88,853.6,28.3,673.4,12.920935412026727,25.796979865771814,0
18-300-00103,2026-07-15,14.7,8.24,120.00000000000001,218.6,52.88,853.6,28.3,673.4,7.721046770601336,15.415268456375838,0
18-300-00103,2026-07-16,10.3,22.96,49.60000000000003,206.2,52.88,853.6,28.3,673.4,5.4099851521900515,10.801174496644297,0
18-300-00103,2026-07-17,28.7,17.52,53.70000000000003,227.5,52.88,853.6,28.3,673.4,15.074424647364514,30.096476510067113,0
18-300-00103,2026-07-18,21.9,50.24,60.90000000000002,226.29999999999998,52.88,853.6,28.3,673.4,11.502783964365255,22.965604026845636,0
18-300-00103,2026-07-19,62.8,17.36,113.40000000000002,243.7,52.88,853.6,28.3,673.4,32.98515219005196,65.85570469798657,1
18-300-00103,2026-07-20,21.7,5.04,106.40000000000002,184.7,52.88,853.6,28.3,673.4,11.397735708982925,22.755872483221477,0
18-300-00103,2026-07-21,6.3,6.720000000000001,90.80000000000003,166.39999999999998,52.88,853.6,28.3,673.4,3.3090200445434297,6.606543624161073,0
18-300-00103,2026-07-22,8.4,7.68,36.40000000000003,160.1,52.88,853.6,28.3,673.4,4.412026726057907,8.808724832214766,0
18-300-00103,2026-07-23,9.6,1.2000000000000002,24.300000000000026,159.39999999999998,52.88,853.6,28.3,673.4,5.042316258351893,10.06711409395973,0
18-300-00103,2026-07-24,1.5,0.32000000000000006,19.50000000000003,132.2,52.88,853.6,28.3,673.4,0.7878619153674833,1.5729865771812082,0
18-300-00103,2026-07-25,0.4,1.52,11.500000000000028,110.69999999999997,52.88,853.6,28.3,673.4,0.2100965107646622,0.41946308724832215,0
18-300-00103,2026-07-26,1.9,11.600000000000001,3.8000000000000282,49.79999999999998,52.88,853.6,28.3,673.4,0.9979584261321454,1.9924496644295302,0
18-300-00103,2026-07-27,14.5,1.1199999999999999,16.80000000000003,42.59999999999998,52.88,853.6,28.3,673.4,7.6159985152190055,15.205536912751677,0
18-300-00103,2026-07-28,1.4,42.32,17.80000000000003,37.69999999999999,52.88,853.6,28.3,673.4,0.7353377876763176,1.4681208053691275,0
18-300-00103,2026-07-29,52.9,21.44,68.80000000000003,82.19999999999999,52.88,853.6,28.3,673.4,27.785263548626574,55.473993288590606,1
18-300-00103,2026-07-30,26.8,19.6,81.10000000000002,99.39999999999999,52.88,853.6,28.3,673.4,14.07646622123237,28.104026845637584,0
18-300-00103,2026-07-31,24.5,14.64,104.20000000000002,122.39999999999999,52.88,853.6,28.3,673.4,12.86841128433556,25.69211409395973,0
18-300-00103,2026-08-01,18.3,14.56,69.60000000000002,140.29999999999998,52.88,853.6,28.3,673.4,9.611915367483295,19.19043624161074,0
18-300-00103,2026-08-02,18.2,10.08,61.00000000000003,156.59999999999997,52.88,853.6,28.3,673.4,9.559391239792129,19.085570469798657,0
18-300-00103,2026-08-03,12.6,33.2,49.10000000000003,154.7,52.88,853.6,28.3,673.4,6.618040089086859,13.213087248322147,0
18-300-00103,2026-08-04,41.5,78.0,72.30000000000003,194.79999999999995,52.88,853.6,28.3,673.4,21.797512991833706,43.519295302013425,0
18-300-00103,2026-08-05,97.5,1.8399999999999999,151.60000000000002,239.39999999999998,52.88,853.6,28.3,673.4,51.21102449888641,102.24412751677852,1
18-300-00103,2026-08-06,2.3,1.4400000000000002,141.30000000000004,214.89999999999998,52.88,853.6,28.3,673.4,1.2080549368968077,2.411912751677852,0
18-300-00103,2026-08-07,1.8,11.280000000000001,101.60000000000002,192.2,52.88,853.6,28.3,673.4,0.94543429844098,1.8875838926174497,0
18-300-00103,2026-08-08,14.1,28.24,18.200000000000028,187.99999999999997,52.88,853.6,28.3,673.4,7.405902004454342,14.786073825503355,0
18-300-00103,2026-08-09,35.3,0.6400000000000001,51.200000000000024,205.09999999999997,52.88,853.6,28.3,673.4,18.541017074981436,37.01761744966443,0
18-300-00103,2026-08-10,0.8,0.0,50.200000000000024,193.29999999999998,52.88,853.6,28.3,673.4,0.4201930215293244,0.8389261744966443,0
18-300-00103,2026-08-11,0.0,1.36,36.10000000000002,151.79999999999998,52.88,853.6,28.3,673.4,0.0,0.0,0
18-300-00103,2026-08-12,1.7,0.8,2.5000000000000284,55.999999999999986,52.88,853.6,28.3,673.4,0.8929101707498144,1.782718120805369,0
18-300-00103,2026-08-13,1.0,5.44,2.7000000000000286,54.69999999999999,52.88,853.6,28.3,673.4,0.5252412769116556,1.0486577181208054,0
18-300-00103,2026-08-14,6.8,1.1199999999999999,9.500000000000028,59.69999999999998,52.88,853.6,28.3,673.4,3.5716406829992575,7.130872483221476,0
18-300-00103,2026-08-15,1.4,16.64,9.200000000000028,46.999999999999986,52.88,853.6,28.3,673.4,0.7353377876763176,1.4681208053691275,0
18-300-00103,2026-08-16,20.8,30.24,29.00000000000003,32.499999999999986,52.88,853.6,28.3,673.4,10.925018559762433,21.812080536912752,0
18-300-00103,2026-08-17,37.8,19.680000000000003,60.00000000000003,69.49999999999999,52.88,853.6,28.3,673.4,19.85412026726058,39.63926174496644,0
18-300-00103,2026-08-18,24.6,2.9600000000000004,83.20000000000003,94.1,52.88,853.6,28.3,673.4,12.920935412026727,25.796979865771814,0
18-300-00103,2026-08-19,3.7,5.5200000000000005,66.10000000000004,96.09999999999998,52.88,853.6,28.3,673.4,1.9433927245731255,3.88003355704698,0
18-300-00103,2026-08-20,6.9,12.240000000000002,35.20000000000004,101.99999999999999,52.88,853.6,28.3,673.4,3.624164810690423,7.235738255033557,0
18-300-00103,2026-08-21,15.3,0.6400000000000001,25.900000000000038,110.49999999999999,52.88,853.6,28.3,673.4,8.03619153674833,16.044463087248324,0
18-300-00103,2026-08-22,0.8,1.4400000000000002,23.00000000000004,109.89999999999998,52.88,853.6,28.3,673.4,0.4201930215293244,0.8389261744966443,0
18-300-00103,2026-08-23,1.8,2.16,17.900000000000038,90.89999999999999,52.88,853.6,28.3,673.4,0.94543429844098,1.8875838926174497,0
18-300-00103,2026-08-24,2.7,13.52,5.300000000000036,55.79999999999999,52.88,853.6,28.3,673.4,1.41815144766147,2.8313758389261747,0
18-300-00103,2026-08-25,16.9,14.0,21.400000000000034,48.09999999999999,52.88,853.6,28.3,673.4,8.876577579806979,17.722315436241608,0
18-300-00103,2026-08-26,17.5,2.8800000000000003,37.10000000000004,61.899999999999984,52.88,853.6,28.3,673.4,9.191722345953972,18.351510067114095,0
18-300-00103,2026-08-27,3.6,7.840000000000001,38.00000000000003,58.59999999999999,52.88,853.6,28.3,673.4,1.89086859688196,3.7751677852348995,0
18-300-00103,2026-08-28,9.8,5.920000000000001,30.900000000000034,53.09999999999998,52.88,853.6,28.3,673.4,5.1473645137342245,10.276845637583893,0
18-300-00103,2026-08-29,7.4,39.36000000000001,20.800000000000036,59.69999999999999,52.88,853.6,28.3,673.4,3.886785449146251,7.76006711409396,0
18-300-00103,2026-08-30,49.2,24.560000000000002,66.40000000000003,107.1,52.88,853.6,28.3,673.4,25.841870824053455,51.59395973154363,0
18-300-00103,2026-08-31,30.7,11.280000000000001,87.30000000000004,135.1,52.88,853.6,28.3,673.4,16.124907201187824,32.19379194630872,0
18-300-00103,2026-09-01,14.1,7.28,94.00000000000003,132.29999999999998,52.88,853.6,28.3,673.4,7.405902004454342,14.786073825503355,0
18-300-00103,2026-09-02,9.1,2.72,53.90000000000003,123.89999999999998,52.88,853.6,28.3,673.4,4.7796956198960645,9.542785234899329,0
18-300-00103,2026-09-03,3.4,2.2399999999999998,26.600000000000026,123.69999999999999,52.88,853.6,28.3,673.4,1.7858203414996288,3.565436241610738,0
18-300-00103,2026-09-04,2.8,6.720000000000001,15.300000000000027,116.69999999999999,52.88,853.6,28.3,673.4,1.4706755753526353,2.936241610738255,0
18-300-00103,2026-09-05,8.4,4.960000000000001,14.600000000000028,117.69999999999999,52.88,853.6,28.3,673.4,4.412026726057907,8.808724832214766,0
18-300-00103,2026-09-06,6.2,5.5200000000000005,17.400000000000027,74.69999999999999,52.88,853.6,28.3,673.4,3.2564959168522645,6.501677852348993,0
18-300-00103,2026-09-07,6.9,2.32,21.50000000000003,50.899999999999984,52.88,853.6,28.3,673.4,3.624164810690423,7.235738255033557,0
18-300-00103,2026-09-08,2.9,1.1199999999999999,16.00000000000003,39.69999999999999,52.88,853.6,28.3,673.4,1.523199703043801,3.0411073825503356,0
18-300-00103,2026-09-09,1.4,0.6400000000000001,11.20000000000003,31.999999999999986,52.88,853.6,28.3,673.4,0.7353377876763176,1.4681208053691275,0
18-300-00103,2026-09-10,0.8,3.12,5.100000000000028,29.399999999999988,52.88,853.6,28.3,673.4,0.4201930215293244,0.8389261744966443,0
18-300-00103,2026-09-11,3.9,9.120000000000001,6.100000000000028,30.499999999999986,52.88,853.6,28.3,673.4,2.0484409799554566,4.089765100671141,0
18-300-00103,2026-09-12,11.4,22.64,16.10000000000003,33.499999999999986,52.88,853.6,28.3,673.4,5.987750556792873,11.954697986577182,0
18-300-00103,2026-09-13,28.3,0.8,43.60000000000003,55.59999999999999,52.88,853.6,28.3,673.4,14.86432813659985,29.677013422818792,0
18-300-00103,2026-09-14,1.0,1.2000000000000002,40.70000000000003,49.69999999999999,52.88,853.6,28.3,673.4,0.5252412769116556,1.0486577181208054,0
18-300-00103,2026-09-15,1.5,10.8,30.80000000000003,48.29999999999999,52.88,853.6,28.3,673.4,0.7878619153674833,1.5729865771812082,0
18-300-00103,2026-09-16,13.5,10.08,16.00000000000003,60.39999999999999,52.88,853.6,28.3,673.4,7.09075723830735,14.156879194630873,0
18-300-00103,2026-09-17,12.6,15.12,27.60000000000003,72.19999999999999,52.88,853.6,28.3,673.4,6.618040089086859,13.213087248322147,0
18-300-00103,2026-09-18,18.9,0.0,45.00000000000003,87.19999999999999,52.88,853.6,28.3,673.4,9.92706013363029,19.81963087248322,0
18-300-00103,2026-09-19,0.0,0.0,31.50000000000003,75.79999999999998,52.88,853.6,28.3,673.4,0.0,0.0,0
18-300-00104,2025-09-19,14.9,2.08,14.9,14.9,105.5,1570.4,28.3,343.6,3.959342723004695,8.920019157088122,0
18-300-00104,2025-09-20,2.6,0.6400000000000001,17.5,17.5,105.5,1570.4,28.3,343.6,0.6908920187793427,1.5565134099616857,0
18-300-00104,2025-09-21,0.8,5.04,18.3,18.3,105.5,1570.4,28.3,343.6,0.21258215962441315,0.4789272030651341,0
18-300-00104,2025-09-22,6.3,2.4000000000000004,9.7,24.6,105.5,1570.4,28.3,343.6,1.6740845070422534,3.7715517241379306,0
18-300-00104,2025-09-23,3.0,0.6400000000000001,10.100000000000001,27.6,105.5,1570.4,28.3,343.6,0.7971830985915493,1.7959770114942528,0
18-300-00104,2025-09-24,0.8,0.0,10.1,28.400000000000002,105.5,1570.4,28.3,343.6,0.21258215962441315,0.4789272030651341,0
18-300-00104,2025-09-25,0.0,0.0,3.8,28.400000000000002,105.5,1570.4,28.3,343.6,0.0,0.0,0
18-300-00104,2025-09-26,0.0,1.36,0.8,13.5,105.5,1570.4,28.3,343.6,0.0,0.0,0
18-300-00104,2025-09-27,1.7,0.08000000000000002,1.7,12.600000000000001,105.5,1570.4,28.3,343.6,0.45173708920187794,1.01772030651341,0
18-300-00104,2025-09-28,0.1,0.32000000000000006,1.8,11.9,105.5,1570.4,28.3,343.6,0.026572769953051644,0.05986590038314176,0
18-300-00104,2025-09-29,0.4,0.7200000000000001,2.2,6.0,105.5,1570.4,28.3,343.6,0.10629107981220658,0.23946360153256704,0
18-300-00104,2025-09-30,0.9,36.4,1.4,3.9,105.5,1570.4,28.3,343.6,0.23915492957746481,0.5387931034482758,0
18-300-00104,2025-10-01,45.5,11.840000000000002,46.8,48.6,105.5,1570.4,28.3,343.6,12.0906103286385,27.2389846743295,0
18-300-00104,2025-10-02,14.8,14.0,61.2,63.400000000000006,105.5,1570.4,28.3,343.6,3.9327699530516433,8.860153256704981,0
18-300-00104,2025-10-03,17.5,23.680000000000003,77.8,80.9,105.5,1570.4,28.3,343.6,4.650234741784038,10.476532567049809,0
18-300-00104,2025-10-04,29.6,50.64,61.900000000000006,108.8,105.5,1570.4,28.3,343.6,7.865539906103287,17.720306513409962,0
18-300-00104,2025-10-05,63.3,0.7200000000000001,110.4,172.0,105.5,1570.4,28.3,343.6,16.82056338028169,37.89511494252873,1
18-300-00104,2025-10-06,0.9,0.48,93.80000000000001,172.5,105.5,1570.4,28.3,343.6,0.23915492957746481,0.5387931034482758,0
18-300-00104,2025-10-07,0.6,2.4000000000000004,64.8,172.2,105.5,1570.4,28.3,343.6,0.15943661971830986,0.35919540229885055,0
18-300-00104,2025-10-08,3.0,4.4799999999999995,4.5,129.7,105.5,1570.4,28.3,343.6,0.7971830985915493,1.7959770114942528,0
18-300-00104,2025-10-09,5.6,1.6,9.2,120.49999999999999,105.5,1570.4,28.3,343.6,1.488075117370892,3.352490421455938,0
18-300-00104,2025-10-10,2.0,3.9200000000000004,10.6,104.99999999999999,105.5,1570.4,28.3,343.6,0.5314553990610329,1.1973180076628351,0
18-300-00104,2025-10-11,4.9,1.4400000000000002,12.5,80.3,105.5,1570.4,28.3,343.6,1.3020657276995307,2.9334291187739465,0
18-300-00104,2025-10-12,1.8,0.08000000000000002,8.700000000000001,18.8,105.5,1570.4,28.3,343.6,0.47830985915492963,1.0775862068965516,0
18-300-00104,2025-10-13,0.1,0.08000000000000002,6.800000000000001,18.0,105.5,1570.4,28.3,343.6,0.026572769953051644,0.05986590038314176,0
18-300-00104,2025-10-14,0.1,0.0,2.0,17.5,105.5,1570.4,28.3,343.6,0.026572769953051644,0.05986590038314176,0
18-300-00104,2025-10-15,0.0,0.0,0.2,14.5,105.5,1570.4,28.3,343.6,0.0,0.0,0
18-300-00104,2025-10-16,0.0,0.0,0.1,8.9,105.5,1570.4,28.3,343.6,0.0,0.0,0
18-300-00104,2025-10-17,0.0,0.0,0.0,6.9,105.5,1570.4,28.3,343.6,0.0,0.0,0
18-300-00104,2025-10-18,0.0,0.0,0.0,2.0,105.5,1570.4,28.3,343.6,0.0,0.0,0
18-300-00104,2025-10-19,0.0,0.0,0.0,0.2,105.5,1570.4,28.3,343.6,0.0,0.0,0
18-300-00104,2025-10-20,0.0,0.0,0.0,0.1,105.5,1570.4,28.3,343.6,0.0,0.0,0
18-300-00104,2025-10-21,0.0,0.0,0.0,0.0,105.5,1570.4,28.3,343.6,0.0,0.0,0
18-300-00104,2025-10-22,0.0,0.0,0.0,0.0,105.5,1570.4,28.3,343.6,0.0,0.0,0
18-300-00104,2025-10-23,0.0,0.32000000000000006,0.0,0.0,105.5,1570.4,28.3,343.6,0.0,0.0,0
18-300-00104,2025-10-24,0.4,10.32,0.4,0.4,105.5,1570.4,28.3,343.6,0.10629107981220658,0.23946360153256704,0
18-300-00104,2025-10-25,12.9,0.5599999999999999,13.3,13.3,105.5,1570.4,28.3,343.6,3.427887323943662,7.722701149425287,0
18-300-00104,2025-10-26,0.7,0.0,14.0,14.0,105.5,1570.4,28.3,343.6,0.1860093896713615,0.41906130268199226,0
18-300-00104,2025-10-27,0.0,0.0,13.6,14.0,105.5,1570.4,28.3,343.6,0.0,0.0,0
18-300-00104,2025-10-28,0.0,0.0,0.7,14.0,105.5,1570.4,28.3,343.6,0.0,0.0,0
18-300-00104,2025-10-29,0.0,5.28,0.0,14.0,105.5,1570.4,28.3,343.6,0.0,0.0,0
18-300-00104,2025-10-30,6.6,23.200000000000003,6.6,20.6,105.5,1570.4,28.3,343.6,1.7538028169014084,3.951149425287356,0
18-300-00104,2025-10-31,29.0,24.560000000000002,35.6,49.2,105.5,1570.4,28.3,343.6,7.706103286384977,17.36111111111111,0
18-300-00104,2025-11-01,30.7,0.0,66.3,67.0,105.5,1570.4,28.3,343.6,8.157840375586854,18.378831417624518,0
18-300-00104,2025-11-02,0.0,0.08000000000000002,59.7,66.3,105.5,1570.4,28.3,343.6,0.0,0.0,0
18-300-00104,2025-11-03,0.1,0.0,30.8,66.39999999999999,105.5,1570.4,28.3,343.6,0.026572769953051644,0.05986590038314176,0
18-300-00104,2025-11-04,0.0,0.0,0.1,66.39999999999999,105.5,1570.4,28.3,343.6,0.0,0.0,0
18-300-00104,2025-11-05,0.0,0.08000000000000002,0.1,66.39999999999999,105.5,1570.4,28.3,343.6,0.0,0.0,0
18-300-00104,2025-11-06,0.1,0.24,0.1,59.9,105.5,1570.4,28.3,343.6,0.026572769953051644,0.05986590038314176,0
18-300-00104,2025-11-07,0.3,0.0,0.4,31.2,105.5,1570.4,28.3,343.6,0.07971830985915493,0.17959770114942528,0
18-300-00104,2025-11-08,0.0,0.0,0.39999999999999997,0.5,105.5,1570.4,28.3,343.6,0.0,0.0,0
18-300-00104,2025-11-09,0.0,0.0,0.29999999999999993,0.5,105.5,1570.4,28.3,343.6,0.0,0.0,0
18-300-00104,2025-11-10,0.0,0.16000000000000003,0.0,0.4,105.5,1570.4,28.3,343.6,0.0,0.0,0
18-300-00104,2025-11-11,0.2,0.0,0.2,0.6000000000000001,105.5,1570.4,28.3,343.6,0.05314553990610329,0.11973180076628352,0
18-300-00104,2025-11-12,0.0,0.08000000000000002,0.2,0.6000000000000001,105.5,1570.4,28.3,343.6,0.0,0.0,0
18-300-00104,2025-11-13,0.1,0.24,0.30000000000000004,0.6,105.5,1570.4,28.3,343.6,0.026572769953051644,0.05986590038314176,0
18-300-00104,2025-11-14,0.3,0.0,0.39999999999999997,0.6,105.5,1570.4,28.3,343.6,0.07971830985915493,0.17959770114942528,0
18-300-00104,2025-11-15,0.0,0.0,0.39999999999999997,0.6,105.5,1570.4,28.3,343.6,0.0,0.0,0
18-300-00104,2025-11-16,0.0,0.0,0.29999999999999993,0.6,105.5,1570.4,28.3,343.6,0.0,0.0,0
18-300-00104,2025-11-17,0.0,0.0,0.0,0.6,105.5,1570.4,28.3,343.6,0.0,0.0,0
18-300-00104,2025-11-18,0.0,0.0,0.0,0.39999999999999997,105.5,1570.4,28.3,343.6,0.0,0.0,0
18-300-00104,2025-11-19,0.0,0.0,0.0,0.39999999999999997,105.5,1570.4,28.3,343.6,0.0,0.0,0
18-300-00104,2025-11-20,0.0,0.0,0.0,0.29999999999999993,105.5,1570.4,28.3,343.6,0.0,0.0,0
18-300-00104,2025-11-21,0.0,3.7600000000000002,0.0,0.0,105.5,1570.4,28.3,343.6,0.0,0.0,0
18-300-00104,2025-11-22,4.7,0.4,4.7,4.7,105.5,1570.4,28.3,343.6,1.2489201877934275,2.8136973180076628,0
18-300-00104,2025-11-23,0.5,0.0,5.2,5.2,105.5,1570.4,28.3,343.6,0.13286384976525822,0.2993295019157088,0
18-300-00104,2025-11-24,0.0,0.0,5.2,5.2,105.5,1570.4,28.3,343.6,0.0,0.0,0
18-300-00104,2025-11-25,0.0,0.0,0.5,5.2,105.5,1570.4,28.3,343.6,0.0,0.0,0
18-300-00104,2025-11-26,0.0,0.0,0.0,5.2,105.5,1570.4,28.3,343.6,0.0,0.0,0
18-300-00104,2025-11-27,0.0,0.0,0.0,5.2,105.5,1570.4,28.3,343.6,0.0,0.0,0
18-300-00104,2025-11-28,0.0,0.0,0.0,5.2,105.5,1570.4,28.3,343.6,0.0,0.0,0
18-300-00104,2025-11-29,0.0,0.0,0.0,0.5,105.5,1570.4,28.3,343.6,0.0,0.0,0
18-300-00104,2025-11-30,0.0,0.0,0.0,0.0,105.5,1570.4,28.3,343.6,0.0,0.0,0
18-300-00104,2025-12-01,0.0,0.0,0.0,0.0,105.5,1570.4,28.3,343.6,0.0,0.0,0
18-300-00104,2025-12-02,0.0,0.0,0.0,0.0,105.5,1570.4,28.3,343.6,0.0,0.0,0
18-300-00104,2025-12-03,0.0,0.0,0.0,0.0,105.5,1570.4,28.3,343.6,0.0,0.0,0
18-300-00104,2025-12-04,0.0,0.0,0.0,0.0,105.5,1570.4,28.3,343.6,0.0,0.0,0
18-300-00104,2025-12-05,0.0,0.0,0.0,0.0,105.5,1570.4,28.3,343.6,0.0,0.0,0
18-300-00104,2025-12-06,0.0,0.0,0.0,0.0,105.5,1570.4,28.3,343.6,0.0,0.0,0
18-300-00104,2025-12-07,0.0,0.0,0.0,0.0,105.5,1570.4,28.3,343.6,0.0,0.0,0
18-300-00104,2025-12-08,0.0,0.0,0.0,0.0,105.5,1570.4,28.3,343.6,0.0,0.0,0
18-300-00104,2025-12-09,0.0,0.0,0.0,0.0,105.5,1570.4,28.3,343.6,0.0,0.0,0
18-300-00104,2025-12-10,0.0,0.0,0.0,0.0,105.5,1570.4,28.3,343.6,0.0,0.0,0
18-300-00104,2025-12-11,0.0,0.0,0.0,0.0,105.5,1570.4,28.3,343.6,0.0,0.0,0
18-300-00104,2025-12-12,0.0,0.0,0.0,0.0,105.5,1570.4,28.3,343.6,0.0,0.0,0
18-300-00104,2025-12-13,0.0,0.0,0.0,0.0,105.5,1570.4,28.3,343.6,0.0,0.0,0
18-300-00104,2025-12-14,0.0,0.0,0.0,0.0,105.5,1570.4,28.3,343.6,0.0,0.0,0
18-300-00104,2025-12-15,0.0,0.0,0.0,0.0,105.5,1570.4,28.3,343.6,0.0,0.0,0
18-300-00104,2025-12-16,0.0,0.0,0.0,0.0,105.5,1570.4,28.3,343.6,0.0,0.0,0
18-300-00104,2025-12-17,0.0,0.0,0.0,0.0,105.5,1570.4,28.3,343.6,0.0,0.0,0
18-300-00104,2025-12-18,0.0,0.0,0.0,0.0,105.5,1570.4,28.3,343.6,0.0,0.0,0
18-300-00104,2025-12-19,0.0,0.0,0.0,0.0,105.5,1570.4,28.3,343.6,0.0,0.0,0
18-300-00104,2025-12-20,0.0,0.0,0.0,0.0,105.5,1570.4,28.3,343.6,0.0,0.0,0
18-300-00104,2025-12-21,0.0,0.0,0.0,0.0,105.5,1570.4,28.3,343.6,0.0,0.0,0
18-300-00104,2025-12-22,0.0,0.0,0.0,0.0,105.5,1570.4,28.3,343.6,0.0,0.0,0
18-300-00104,2025-12-23,0.0,1.6,0.0,0.0,105.5,1570.4,28.3,343.6,0.0,0.0,0
18-300-00104,2025-12-24,2.0,0.0,2.0,2.0,105.5,1570.4,28.3,343.6,0.5314553990610329,1.1973180076628351,0
18-300-00104,2025-12-25,0.0,0.0,2.0,2.0,105.5,1570.4,28.3,343.6,0.0,0.0,0
18-300-00104,2025-12-26,0.0,0.16000000000000003,2.0,2.0,105.5,1570.4,28.3,343.6,0.0,0.0,0
18-300-00104,2025-12-27,0.2,0.16000000000000003,0.2,2.2,105.5,1570.4,28.3,343.6,0.05314553990610329,0.11973180076628352,0
18-300-00104,2025-12-28,0.2,0.0,0.4,2.4,105.5,1570.4,28.3,343.6,0.05314553990610329,0.11973180076628352,0
18-300-00104,2025-12-29,0.0,0.0,0.4,2.4,105.5,1570.4,28.3,343.6,0.0,0.0,0
18-300-00104,2025-12-30,0.0,0.0,0.2,2.4,105.5,1570.4,28.3,343.6,0.0,0.0,0
18-300-00104,2025-12-31,0.0,0.0,0.0,0.4,105.5,1570.4,28.3,343.6,0.0,0.0,0
18-300-00104,2026-01-01,0.0,0.0,0.0,0.4,105.5,1570.4,28.3,343.6,0.0,0.0,0
18-300-00104,2026-01-02,0.0,0.4,0.0,0.4,105.5,1570.4,28.3,343.6,0.0,0.0,0
18-300-00104,2026-01-03,0.5,0.0,0.5,0.7,105.5,1570.4,28.3,343.6,0.13286384976525822,0.2993295019157088,0
18-300-00104,2026-01-04,0.0,0.0,0.5,0.5,105.5,1570.4,28.3,343.6,0.0,0.0,0
18-300-00104,2026-01-05,0.0,0.0,0.5,0.5,105.5,1570.4,28.3,343.6,0.0,0.0,0
18-300-00104,2026-01-06,0.0,0.0,0.0,0.5,105.5,1570.4,28.3,343.6,0.0,0.0,0
18-300-00104,2026-01-07,0.0,0.0,0.0,0.5,105.5,1570.4,28.3,343.6,0.0,0.0,0
18-300-00104,2026-01-08,0.0,0.0,0.0,0.5,105.5,1570.4,28.3,343.6,0.0,0.0,0
18-300-00104,2026-01-09,0.0,0.0,0.0,0.5,105.5,1570.4,28.3,343.6,0.0,0.0,0
18-300-00104,2026-01-10,0.0,0.0,0.0,0.0,105.5,1570.4,28.3,343.6,0.0,0.0,0
18-300-00104,2026-01-11,0.0,0.0,0.0,0.0,105.5,1570.4,28.3,343.6,0.0,0.0,0
18-300-00104,2026-01-12,0.0,0.0,0.0,0.0,105.5,1570.4,28.3,343.6,0.0,0.0,0
18-300-00104,2026-01-13,0.0,0.0,0.0,0.0,105.5,1570.4,28.3,343.6,0.0,0.0,0
18-300-00104,2026-01-14,0.0,0.0,0.0,0.0,105.5,1570.4,28.3,343.6,0.0,0.0,0
18-300-00104,2026-01-15,0.0,0.0,0.0,0.0,105.5,1570.4,28.3,343.6,0.0,0.0,0
18-300-00104,2026-01-16,0.0,0.0,0.0,0.0,105.5,1570.4,28.3,343.6,0.0,0.0,0
18-300-00104,2026-01-17,0.0,0.0,0.0,0.0,105.5,1570.4,28.3,343.6,0.0,0.0,0
18-300-00104,2026-01-18,0.0,0.0,0.0,0.0,105.5,1570.4,28.3,343.6,0.0,0.0,0
18-300-00104,2026-01-19,0.0,0.24,0.0,0.0,105.5,1570.4,28.3,343.6,0.0,0.0,0
18-300-00104,2026-01-20,0.3,0.0,0.3,0.3,105.5,1570.4,28.3,343.6,0.07971830985915493,0.17959770114942528,0
18-300-00104,2026-01-21,0.0,0.0,0.3,0.3,105.5,1570.4,28.3,343.6,0.0,0.0,0
18-300-00104,2026-01-22,0.0,0.0,0.3,0.3,105.5,1570.4,28.3,343.6,0.0,0.0,0
18-300-00104,2026-01-23,0.0,0.0,0.0,0.3,105.5,1570.4,28.3,343.6,0.0,0.0,0
18-300-00104,2026-01-24,0.0,0.0,0.0,0.3,105.5,1570.4,28.3,343.6,0.0,0.0,0
18-300-00104,2026-01-25,0.0,0.0,0.0,0.3,105.5,1570.4,28.3,343.6,0.0,0.0,0
18-300-00104,2026-01-26,0.0,0.0,0.0,0.3,105.5,1570.4,28.3,343.6,0.0,0.0,0
18-300-00104,2026-01-27,0.0,0.0,0.0,0.0,105.5,1570.4,28.3,343.6,0.0,0.0,0
18-300-00104,2026-01-28,0.0,0.16000000000000003,0.0,0.0,105.5,1570.4,28.3,343.6,0.0,0.0,0
18-300-00104,2026-01-29,0.2,0.0,0.2,0.2,105.5,1570.4,28.3,343.6,0.05314553990610329,0.11973180076628352,0
18-300-00104,2026-01-30,0.0,0.0,0.2,0.2,105.5,1570.4,28.3,343.6,0.0,0.0,0
18-300-00104,2026-01-31,0.0,0.0,0.2,0.2,105.5,1570.4,28.3,343.6,0.0,0.0,0
18-300-00104,2026-02-01,0.0,0.0,0.0,0.2,105.5,1570.4,28.3,343.6,0.0,0.0,0
18-300-00104,2026-02-02,0.0,0.0,0.0,0.2,105.5,1570.4,28.3,343.6,0.0,0.0,0
18-300-00104,2026-02-03,0.0,0.08000000000000002,0.0,0.2,105.5,1570.4,28.3,343.6,0.0,0.0,0
18-300-00104,2026-02-04,0.1,0.0,0.1,0.30000000000000004,105.5,1570.4,28.3,343.6,0.026572769953051644,0.05986590038314176,0
18-300-00104,2026-02-05,0.0,0.0,0.1,0.1,105.5,1570.4,28.3,343.6,0.0,0.0,0
18-300-00104,2026-02-06,0.0,0.0,0.1,0.1,105.5,1570.4,28.3,343.6,0.0,0.0,0
18-300-00104,2026-02-07,0.0,0.16000000000000003,0.0,0.1,105.5,1570.4,28.3,343.6,0.0,0.0,0
18-300-00104,2026-02-08,0.2,0.0,0.2,0.30000000000000004,105.5,1570.4,28.3,343.6,0.05314553990610329,0.11973180076628352,0
18-300-00104,2026-02-09,0.0,0.0,0.2,0.30000000000000004,105.5,1570.4,28.3,343.6,0.0,0.0,0
18-300-00104,2026-02-10,0.0,0.0,0.2,0.30000000000000004,105.5,1570.4,28.3,343.6,0.0,0.0,0
18-300-00104,2026-02-11,0.0,0.0,0.0,0.2,105.5,1570.4,28.3,343.6,0.0,0.0,0
18-300-00104,2026-02-12,0.0,0.0,0.0,0.2,105.5,1570.4,28.3,343.6,0.0,0.0,0
18-300-00104,2026-02-13,0.0,0.0,0.0,0.2,105.5,1570.4,28.3,343.6,0.0,0.0,0
18-300-00104,2026-02-14,0.0,0.0,0.0,0.2,105.5,1570.4,28.3,343.6,0.0,0.0,0
18-300-00104,2026-02-15,0.0,0.0,0.0,0.0,105.5,1570.4,28.3,343.6,0.0,0.0,0
18-300-00104,2026-02-16,0.0,0.0,0.0,0.0,105.5,1570.4,28.3,343.6,0.0,0.0,0
18-300-00104,2026-02-17,0.0,0.0,0.0,0.0,105.5,1570.4,28.3,343.6,0.0,0.0,0
18-300-00104,2026-02-18,0.0,0.0,0.0,0.0,105.5,1570.4,28.3,343.6,0.0,0.0,0
18-300-00104,2026-02-19,0.0,0.0,0.0,0.0,105.5,1570.4,28.3,343.6,0.0,0.0,0
18-300-00104,2026-02-20,0.0,0.16000000000000003,0.0,0.0,105.5,1570.4,28.3,343.6,0.0,0.0,0
18-300-00104,2026-02-21,0.2,0.0,0.2,0.2,105.5,1570.4,28.3,343.6,0.05314553990610329,0.11973180076628352,0
18-300-00104,2026-02-22,0.0,0.0,0.2,0.2,105.5,1570.4,28.3,343.6,0.0,0.0,0
18-300-00104,2026-02-23,0.0,0.32000000000000006,0.2,0.2,105.5,1570.4,28.3,343.6,0.0,0.0,0
18-300-00104,2026-02-24,0.4,0.32000000000000006,0.4,0.6000000000000001,105.5,1570.4,28.3,343.6,0.10629107981220658,0.23946360153256704,0
18-300-00104,2026-02-25,0.4,0.0,0.8,1.0,105.5,1570.4,28.3,343.6,0.10629107981220658,0.23946360153256704,0
18-300-00104,2026-02-26,0.0,0.24,0.8,1.0,105.5,1570.4,28.3,343.6,0.0,0.0,0
18-300-00104,2026-02-27,0.3,1.2800000000000002,0.7,1.3,105.5,1570.4,28.3,343.6,0.07971830985915493,0.17959770114942528,0
18-300-00104,2026-02-28,1.6,2.32,1.9,2.7,105.5,1570.4,28.3,343.6,0.4251643192488263,0.9578544061302682,0
18-300-00104,2026-03-01,2.9,1.1199999999999999,4.8,5.6,105.5,1570.4,28.3,343.6,0.7706103286384975,1.736111111111111,0
18-300-00104,2026-03-02,1.4,0.0,5.9,7.0,105.5,1570.4,28.3,343.6,0.372018779342723,0.8381226053639845,0
18-300-00104,2026-03-03,0.0,0.0,4.299999999999999,6.6,105.5,1570.4,28.3,343.6,0.0,0.0,0
18-300-00104,2026-03-04,0.0,0.0,1.4,6.2,105.5,1570.4,28.3,343.6,0.0,0.0,0
18-300-00104,2026-03-05,0.0,0.0,0.0,6.2,105.5,1570.4,28.3,343.6,0.0,0.0,0
18-300-00104,2026-03-06,0.0,0.0,0.0,5.9,105.5,1570.4,28.3,343.6,0.0,0.0,0
18-300-00104,2026-03-07,0.0,0.0,0.0,4.3,105.5,1570.4,28.3,343.6,0.0,0.0,0
18-300-00104,2026-03-08,0.0,0.24,0.0,1.4,105.5,1570.4,28.3,343.6,0.0,0.0,0
18-300-00104,2026-03-09,0.3,0.0,0.3,0.3,105.5,1570.4,28.3,343.6,0.07971830985915493,0.17959770114942528,0
18-300-00104,2026-03-10,0.0,0.16000000000000003,0.3,0.3,105.5,1570.4,28.3,343.6,0.0,0.0,0
18-300-00104,2026-03-11,0.2,12.72,0.5,0.5,105.5,1570.4,28.3,343.6,0.05314553990610329,0.11973180076628352,0
18-300-00104,2026-03-12,15.9,48.160000000000004,16.1,16.4,105.5,1570.4,28.3,343.6,4.225070422535212,9.51867816091954,0
18-300-00104,2026-03-13,60.2,29.28,76.30000000000001,76.6,105.5,1570.4,28.3,343.6,15.99680751173709,36.03927203065134,1
18-300-00104,2026-03-14,36.6,8.4,112.7,113.2,105.5,1570.4,28.3,343.6,9.725633802816901,21.910919540229884,0
18-300-00104,2026-03-15,10.5,11.440000000000001,107.30000000000001,123.7,105.5,1570.4,28.3,343.6,2.790140845070423,6.285919540229885,0
18-300-00104,2026-03-16,14.3,4.4799999999999995,61.400000000000006,137.70000000000002,105.5,1570.4,28.3,343.6,3.7999061032863857,8.560823754789272,0
18-300-00104,2026-03-17,5.6,21.92,30.4,143.3,105.5,1570.4,28.3,343.6,1.488075117370892,3.352490421455938,0
18-300-00104,2026-03-18,27.4,9.520000000000001,47.3,170.5,105.5,1570.4,28.3,343.6,7.28093896713615,16.40325670498084,0
18-300-00104,2026-03-19,11.9,15.840000000000002,44.9,166.5,105.5,1570.4,28.3,343.6,3.162159624413146,7.12404214559387,0
18-300-00104,2026-03-20,19.8,12.96,59.1,126.1,105.5,1570.4,28.3,343.6,5.261408450704225,11.85344827586207,0
18-300-00104,2026-03-21,16.2,0.8,47.900000000000006,105.7,105.5,1570.4,28.3,343.6,4.304788732394366,9.698275862068964,0
18-300-00104,2026-03-22,1.0,0.32000000000000006,37.0,96.2,105.5,1570.4,28.3,343.6,0.26572769953051645,0.5986590038314176,0
18-300-00104,2026-03-23,0.4,14.64,17.599999999999998,82.3,105.5,1570.4,28.3,343.6,0.10629107981220658,0.23946360153256704,0
18-300-00104,2026-03-24,18.3,2.5600000000000005,19.7,95.0,105.5,1570.4,28.3,343.6,4.862816901408451,10.955459770114942,0
18-300-00104,2026-03-25,3.2,0.7200000000000001,21.9,70.8,105.5,1570.4,28.3,343.6,0.8503286384976526,1.9157088122605364,0
18-300-00104,2026-03-26,0.9,8.72,22.400000000000002,59.800000000000004,105.5,1570.4,28.3,343.6,0.23915492957746481,0.5387931034482758,0
18-300-00104,2026-03-27,10.9,21.76,15.0,50.9,105.5,1570.4,28.3,343.6,2.8964319248826293,6.525383141762452,0
18-300-00104,2026-03-28,27.2,0.0,39.0,61.900000000000006,105.5,1570.4,28.3,343.6,7.227793427230047,16.28352490421456,0
18-300-00104,2026-03-29,0.0,1.04,38.1,60.900000000000006,105.5,1570.4,28.3,343.6,0.0,0.0,0
18-300-00104,2026-03-30,1.3,7.28,28.5,61.8,105.5,1570.4,28.3,343.6,0.34544600938967135,0.7782567049808429,0
18-300-00104,2026-03-31,9.1,9.920000000000002,10.4,52.6,105.5,1570.4,28.3,343.6,2.418122065727699,5.4477969348659,0
18-300-00104,2026-04-01,12.4,2.0,22.8,61.8,105.5,1570.4,28.3,343.6,3.2950234741784037,7.423371647509578,0
18-300-00104,2026-04-02,2.5,10.88,24.0,63.4,105.5,1570.4,28.3,343.6,0.6643192488262911,1.4966475095785439,0
18-300-00104,2026-04-03,13.6,10.08,28.5,66.1,105.5,1570.4,28.3,343.6,3.6138967136150235,8.14176245210728,0
18-300-00104,2026-04-04,12.6,0.7200000000000001,28.700000000000003,51.5,105.5,1570.4,28.3,343.6,3.348169014084507,7.543103448275861,0
18-300-00104,2026-04-05,0.9,0.0,27.1,52.4,105.5,1570.4,28.3,343.6,0.23915492957746481,0.5387931034482758,0
18-300-00104,2026-04-06,0.0,8.48,13.5,51.1,105.5,1570.4,28.3,343.6,0.0,0.0,0
18-300-00104,2026-04-07,10.6,6.56,11.5,52.599999999999994,105.5,1570.4,28.3,343.6,2.8167136150234744,6.345785440613026,0
18-300-00104,2026-04-08,8.2,19.040000000000003,18.799999999999997,48.4,105.5,1570.4,28.3,343.6,2.1789671361502343,4.909003831417624,0
18-300-00104,2026-04-09,23.8,3.3600000000000003,42.6,69.7,105.5,1570.4,28.3,343.6,6.324319248826292,14.24808429118774,0
18-300-00104,2026-04-10,4.2,0.0,36.2,60.3,105.5,1570.4,28.3,343.6,1.1160563380281692,2.514367816091954,0
18-300-00104,2026-04-11,0.0,1.1199999999999999,28.000000000000004,47.7,105.5,1570.4,28.3,343.6,0.0,0.0,0
18-300-00104,2026-04-12,1.4,0.5599999999999999,5.6,48.199999999999996,105.5,1570.4,28.3,343.6,0.372018779342723,0.8381226053639845,0
18-300-00104,2026-04-13,0.7,0.48,2.0999999999999996,48.9,105.5,1570.4,28.3,343.6,0.1860093896713615,0.41906130268199226,0
18-300-00104,2026-04-14,0.6,3.9200000000000004,2.6999999999999997,38.9,105.5,1570.4,28.3,343.6,0.15943661971830986,0.35919540229885055,0
18-300-00104,2026-04-15,4.9,0.8800000000000001,6.2,35.6,105.5,1570.4,28.3,343.6,1.3020657276995307,2.9334291187739465,0
18-300-00104,2026-04-16,1.1,0.08000000000000002,6.6,12.9,105.5,1570.4,28.3,343.6,0.2923004694835681,0.6585249042145594,0
18-300-00104,2026-04-17,0.1,9.76,6.1000000000000005,8.799999999999999,105.5,1570.4,28.3,343.6,0.026572769953051644,0.05986590038314176,0
18-300-00104,2026-04-18,12.2,11.920000000000002,13.399999999999999,21.0,105.5,1570.4,28.3,343.6,3.2418779342723005,7.303639846743294,0
18-300-00104,2026-04-19,14.9,7.5200000000000005,27.2,34.5,105.5,1570.4,28.3,343.6,3.959342723004695,8.920019157088122,0
18-300-00104,2026-04-20,9.4,18.96,36.5,43.2,105.5,1570.4,28.3,343.6,2.497840375586855,5.6273946360153255,0
18-300-00104,2026-04-21,23.7,13.76,48.0,66.3,105.5,1570.4,28.3,343.6,6.29774647887324,14.188218390804597,0
18-300-00104,2026-04-22,17.2,0.96,50.3,78.6,105.5,1570.4,28.3,343.6,4.570516431924882,10.296934865900383,0
18-300-00104,2026-04-23,1.2,3.7600000000000002,42.099999999999994,78.7,105.5,1570.4,28.3,343.6,0.3188732394366197,0.7183908045977011,0
18-300-00104,2026-04-24,4.7,6.4,23.1,83.3,105.5,1570.4,28.3,343.6,1.2489201877934275,2.8136973180076628,0
18-300-00104,2026-04-25,8.0,12.56,13.9,79.10000000000001,105.5,1570.4,28.3,343.6,2.1258215962441316,4.7892720306513406,0
18-300-00104,2026-04-26,15.7,7.5200000000000005,28.4,79.89999999999999,105.5,1570.4,28.3,343.6,4.171924882629108,9.398946360153255,0
18-300-00104,2026-04-27,9.4,5.760000000000001,33.099999999999994,79.9,105.5,1570.4,28.3,343.6,2.497840375586855,5.6273946360153255,0
18-300-00104,2026-04-28,7.2,35.12,32.3,63.400000000000006,105.5,1570.4,28.3,343.6,1.9132394366197185,4.310344827586206,0
18-300-00104,2026-04-29,43.9,12.08,60.5,90.1,105.5,1570.4,28.3,343.6,11.66544600938967,26.28113026819923,0
18-300-00104,2026-04-30,15.1,5.28,66.19999999999999,104.0,105.5,1570.4,28.3,343.6,4.012488262910798,9.039750957854405,0
18-300-00104,2026-05-01,6.6,14.480000000000002,65.6,105.89999999999999,105.5,1570.4,28.3,343.6,1.7538028169014084,3.951149425287356,0
18-300-00104,2026-05-02,18.1,0.96,39.8,116.0,105.5,1570.4,28.3,343.6,4.809671361502348,10.835727969348659,0
18-300-00104,2026-05-03,1.2,0.16000000000000003,25.9,101.50000000000001,105.5,1570.4,28.3,343.6,0.3188732394366197,0.7183908045977011,0
18-300-00104,2026-05-04,0.2,6.4,19.5,92.3,105.5,1570.4,28.3,343.6,0.05314553990610329,0.11973180076628352,0
18-300-00104,2026-05-05,8.0,4.64,9.4,93.1,105.5,1570.4,28.3,343.6,2.1258215962441316,4.7892720306513406,0
18-300-00104,2026-05-06,5.8,0.4,14.0,55.0,105.5,1570.4,28.3,343.6,1.541220657276995,3.472222222222222,0
18-300-00104,2026-05-07,0.5,0.0,14.3,40.4,105.5,1570.4,28.3,343.6,0.13286384976525822,0.2993295019157088,0
18-300-00104,2026-05-08,0.0,0.0,6.3,33.8,105.5,1570.4,28.3,343.6,0.0,0.0,0
18-300-00104,2026-05-09,0.0,12.48,0.5,15.7,105.5,1570.4,28.3,343.6,0.0,0.0,0
18-300-00104,2026-05-10,15.6,15.280000000000001,15.6,30.1,105.5,1570.4,28.3,343.6,4.145352112676057,9.339080459770114,0
18-300-00104,2026-05-11,19.1,2.0,34.7,49.0,105.5,1570.4,28.3,343.6,5.075399061032865,11.434386973180077,0
18-300-00104,2026-05-12,2.5,20.8,37.2,43.5,105.5,1570.4,28.3,343.6,0.6643192488262911,1.4966475095785439,0
18-300-00104,2026-05-13,26.0,6.48,47.6,63.7,105.5,1570.4,28.3,343.6,6.908920187793428,15.565134099616857,0
18-300-00104,2026-05-14,8.1,19.44,36.6,71.3,105.5,1570.4,28.3,343.6,2.152394366197183,4.849137931034482,0
18-300-00104,2026-05-15,24.3,21.76,58.4,95.6,105.5,1570.4,28.3,343.6,6.45718309859155,14.547413793103448,0
18-300-00104,2026-05-16,27.2,43.28,59.599999999999994,122.8,105.5,1570.4,28.3,343.6,7.227793427230047,16.28352490421456,0
18-300-00104,2026-05-17,54.1,7.040000000000001,105.6,161.3,105.5,1570.4,28.3,343.6,14.375868544600939,32.38745210727969,1
18-300-00104,2026-05-18,8.8,0.0,90.10000000000001,151.00000000000003,105.5,1570.4,28.3,343.6,2.3384037558685447,5.268199233716476,0
18-300-00104,2026-05-19,0.0,1.52,62.900000000000006,148.50000000000003,105.5,1570.4,28.3,343.6,0.0,0.0,0
18-300-00104,2026-05-20,1.9,27.760000000000005,10.700000000000008,124.4,105.5,1570.4,28.3,343.6,0.5048826291079812,1.1374521072796933,0
18-300-00104,2026-05-21,34.7,16.0,36.60000000000001,151.0,105.5,1570.4,28.3,343.6,9.220751173708921,20.77346743295019,0
18-300-00104,2026-05-22,20.0,25.52,56.60000000000001,146.7,105.5,1570.4,28.3,343.6,5.314553990610329,11.973180076628351,0
18-300-00104,2026-05-23,31.9,28.400000000000002,86.60000000000001,151.4,105.5,1570.4,28.3,343.6,8.476713615023474,19.09722222222222,0
18-300-00104,2026-05-24,35.5,16.16,87.4,132.8,105.5,1570.4,28.3,343.6,9.433333333333334,21.252394636015325,0
18-300-00104,2026-05-25,20.2,8.24,87.60000000000001,144.20000000000002,105.5,1570.4,28.3,343.6,5.367699530516432,12.092911877394634,0
18-300-00104,2026-05-26,10.3,2.32,66.0,154.5,105.5,1570.4,28.3,343.6,2.7369953051643194,6.166187739463601,0
18-300-00104,2026-05-27,2.9,9.68,33.400000000000006,155.5,105.5,1570.4,28.3,343.6,0.7706103286384975,1.736111111111111,0
18-300-00104,2026-05-28,12.1,0.0,25.300000000000008,132.9,105.5,1570.4,28.3,343.6,3.2153051643192487,7.243773946360153,0
18-300-00104,2026-05-29,0.0,1.92,15.000000000000007,112.9,105.5,1570.4,28.3,343.6,0.0,0.0,0
18-300-00104,2026-05-30,2.4,3.12,14.500000000000007,83.39999999999999,105.5,1570.4,28.3,343.6,0.6377464788732394,1.4367816091954022,0
18-300-00104,2026-05-31,3.9,0.4,6.300000000000007,51.8,105.5,1570.4,28.3,343.6,1.0363380281690142,2.3347701149425286,0
18-300-00104,2026-06-01,0.5,0.96,6.800000000000007,32.1,105.5,1570.4,28.3,343.6,0.13286384976525822,0.2993295019157088,0
18-300-00104,2026-06-02,1.2,11.36,5.600000000000008,23.0,105.5,1570.4,28.3,343.6,0.3188732394366197,0.7183908045977011,0
18-300-00104,2026-06-03,14.2,23.36,15.900000000000006,34.3,105.5,1570.4,28.3,343.6,3.7733333333333334,8.50095785440613,0
18-300-00104,2026-06-04,29.2,25.92,44.60000000000001,51.4,105.5,1570.4,28.3,343.6,7.75924882629108,17.480842911877392,0
18-300-00104,2026-06-05,32.4,28.0,75.8,83.8,105.5,1570.4,28.3,343.6,8.609577464788732,19.39655172413793,0
18-300-00104,2026-06-06,35.0,2.64,96.6,116.39999999999999,105.5,1570.4,28.3,343.6,9.300469483568076,20.953065134099617,0
18-300-00104,2026-06-07,3.3,53.68,70.7,115.8,105.5,1570.4,28.3,343.6,0.8769014084507042,1.975574712643678,0
18-300-00104,2026-06-08,67.1,54.400000000000006,105.4,182.39999999999998,105.5,1570.4,28.3,343.6,17.83032863849765,40.17001915708811,1
18-300-00104,2026-06-09,68.0,37.04,138.4,249.2,105.5,1570.4,28.3,343.6,18.069483568075118,40.7088122605364,1
18-300-00104,2026-06-10,46.3,5.920000000000001,181.39999999999998,281.29999999999995,105.5,1570.4,28.3,343.6,12.30319248826291,27.717911877394634,0
18-300-00104,2026-06-11,7.4,11.600000000000001,121.70000000000002,259.5,105.5,1570.4,28.3,343.6,1.9663849765258217,4.430076628352491,0
18-300-00104,2026-06-12,14.5,17.52,68.20000000000002,241.6,105.5,1570.4,28.3,343.6,3.8530516431924884,8.680555555555555,0
18-300-00104,2026-06-13,21.9,14.16,43.80000000000001,228.5,105.5,1570.4,28.3,343.6,5.81943661971831,13.110632183908045,0
18-300-00104,2026-06-14,17.7,35.6,54.10000000000001,242.89999999999998,105.5,1570.4,28.3,343.6,4.703380281690141,10.59626436781609,0
18-300-00104,2026-06-15,44.5,12.72,84.10000000000001,220.3,105.5,1570.4,28.3,343.6,11.824882629107982,26.640325670498083,0
18-300-00104,2026-06-16,15.9,9.440000000000001,78.10000000000001,168.20000000000002,105.5,1570.4,28.3,343.6,4.225070422535212,9.51867816091954,0
18-300-00104,2026-06-17,11.8,23.12,72.2,133.7,105.5,1570.4,28.3,343.6,3.135586854460094,7.064176245210728,0
18-300-00104,2026-06-18,28.9,15.600000000000001,56.60000000000001,155.2,105.5,1570.4,28.3,343.6,7.6795305164319245,17.301245210727966,0
18-300-00104,2026-06-19,19.5,48.88,60.20000000000001,160.2,105.5,1570.4,28.3,343.6,5.18169014084507,11.673850574712644,0
18-300-00104,2026-06-20,61.1,34.32,109.5,199.40000000000003,105.5,1570.4,28.3,343.6,16.235962441314555,36.57806513409962,1
18-300-00104,2026-06-21,42.9,21.680000000000003,123.5,224.6,105.5,1570.4,28.3,343.6,11.399718309859153,25.682471264367813,0
18-300-00104,2026-06-22,27.1,29.28,131.1,207.2,105.5,1570.4,28.3,343.6,7.201220657276996,16.22365900383142,0
18-300-00104,2026-06-23,36.6,12.4,106.60000000000001,227.9,105.5,1570.4,28.3,343.6,9.725633802816901,21.910919540229884,0
18-300-00104,2026-06-24,15.5,6.96,79.20000000000002,231.60000000000002,105.5,1570.4,28.3,343.6,4.118779342723005,9.279214559386972,0
18-300-00104,2026-06-25,8.7,21.200000000000003,60.80000000000001,211.4,105.5,1570.4,28.3,343.6,2.311830985915493,5.208333333333332,0
18-300-00104,2026-06-26,26.5,48.160000000000004,50.7,218.4,105.5,1570.4,28.3,343.6,7.041784037558686,15.864463601532567,0
18-300-00104,2026-06-27,60.2,29.84,95.4,217.5,105.5,1570.4,28.3,343.6,15.99680751173709,36.03927203065134,1
18-300-00104,2026-06-28,37.3,53.6,124.0,211.9,105.5,1570.4,28.3,343.6,9.911643192488262,22.329980842911873,0
18-300-00104,2026-06-29,67.0,8.16,164.5,251.8,105.5,1570.4,28.3,343.6,17.803755868544602,40.110153256704976,1
18-300-00104,2026-06-30,10.2,6.0,114.5,225.39999999999998,105.5,1570.4,28.3,343.6,2.710422535211267,6.106321839080459,0
18-300-00104,2026-07-01,7.5,9.120000000000001,84.7,217.39999999999998,105.5,1570.4,28.3,343.6,1.9929577464788732,4.489942528735632,0
18-300-00104,2026-07-02,11.4,2.72,29.1,220.1,105.5,1570.4,28.3,343.6,3.0292957746478875,6.82471264367816,0
18-300-00104,2026-07-03,3.4,1.7600000000000002,22.3,197.0,105.5,1570.4,28.3,343.6,0.9034741784037559,2.03544061302682,0
18-300-00104,2026-07-04,2.2,3.6799999999999997,17.0,139.0,105.5,1570.4,28.3,343.6,0.5846009389671362,1.317049808429119,0
18-300-00104,2026-07-05,4.6,15.200000000000001,10.2,106.3,105.5,1570.4,28.3,343.6,1.2223474178403757,2.7538314176245207,0
18-300-00104,2026-07-06,19.0,48.800000000000004,25.799999999999997,58.3,105.5,1570.4,28.3,343.6,5.048826291079813,11.374521072796934,0
18-300-00104,2026-07-07,61.0,22.0,84.6,109.1,105.5,1570.4,28.3,343.6,16.209389671361503,36.51819923371647,1
18-300-00104,2026-07-08,27.5,18.64,107.5,129.1,105.5,1570.4,28.3,343.6,7.307511737089202,16.463122605363985,0
18-300-00104,2026-07-09,23.3,13.280000000000001,111.8,141.0,105.5,1570.4,28.3,343.6,6.191455399061033,13.94875478927203,0
18-300-00104,2026-07-10,16.6,21.200000000000003,67.39999999999999,154.2,105.5,1570.4,28.3,343.6,4.411079812206573,9.937739463601533,0
18-300-00104,2026-07-11,26.5,53.6,66.39999999999999,178.5,105.5,1570.4,28.3,343.6,7.041784037558686,15.864463601532567,0
18-300-00104,2026-07-12,67.0,63.36000000000001,110.1,240.89999999999998,105.5,1570.4,28.3,343.6,17.803755868544602,40.110153256704976,1
18-300-00104,2026-07-13,79.2,35.2,172.7,301.1,105.5,1570.4,28.3,343.6,21.0456338028169,47.41379310344828,1
18-300-00104,2026-07-14,44.0,13.680000000000001,190.2,284.1,105.5,1570.4,28.3,343.6,11.692018779342723,26.340996168582375,0
18-300-00104,2026-07-15,17.1,9.520000000000001,140.29999999999998,273.7,105.5,1570.4,28.3,343.6,4.543943661971832,10.237068965517242,0
18-300-00104,2026-07-16,11.9,39.36000000000001,72.99999999999999,262.3,105.5,1570.4,28.3,343.6,3.162159624413146,7.12404214559387,0
18-300-00104,2026-07-17,49.2,30.8,78.19999999999999,294.90000000000003,105.5,1570.4,28.3,343.6,13.07380281690141,29.45402298850575,0
18-300-00104,2026-07-18,38.5,48.400000000000006,99.6,306.90000000000003,105.5,1570.4,28.3,343.6,10.230516431924881,23.048371647509576,0
18-300-00104,2026-07-19,60.5,12.64,148.2,300.40000000000003,105.5,1570.4,28.3,343.6,16.076525821596245,36.218869731800766,1
18-300-00104,2026-07-20,15.8,9.28,114.8,237.0,105.5,1570.4,28.3,343.6,4.1984976525821605,9.458812260536398,0
18-300-00104,2026-07-21,11.6,8.88,87.89999999999998,204.6,105.5,1570.4,28.3,343.6,3.08244131455399,6.944444444444444,0
18-300-00104,2026-07-22,11.1,5.36,38.499999999999986,198.60000000000002,105.5,1570.4,28.3,343.6,2.9495774647887325,6.645114942528735,0
18-300-00104,2026-07-23,6.7,2.2399999999999998,29.399999999999984,193.4,105.5,1570.4,28.3,343.6,1.7803755868544602,4.011015325670498,0
18-300-00104,2026-07-24,2.8,0.32000000000000006,20.599999999999984,147.0,105.5,1570.4,28.3,343.6,0.744037558685446,1.676245210727969,0
18-300-00104,2026-07-25,0.4,1.6800000000000002,9.899999999999986,108.9,105.5,1570.4,28.3,343.6,0.10629107981220658,0.23946360153256704,0
18-300-00104,2026-07-26,2.1,7.5200000000000005,5.299999999999986,50.5,105.5,1570.4,28.3,343.6,0.5580281690140846,1.257183908045977,0
18-300-00104,2026-07-27,9.4,3.04,11.899999999999986,44.1,105.5,1570.4,28.3,343.6,2.497840375586855,5.6273946360153255,0
18-300-00104,2026-07-28,3.8,38.64,15.299999999999986,36.300000000000004,105.5,1570.4,28.3,343.6,1.0097652582159624,2.2749042145593865,0
18-300-00104,2026-07-29,48.3,34.080000000000005,61.499999999999986,73.5,105.5,1570.4,28.3,343.6,12.834647887323943,28.915229885057467,0
18-300-00104,2026-07-30,42.6,20.880000000000003,94.69999999999999,109.4,105.5,1570.4,28.3,343.6,11.320000000000002,25.50287356321839,0
18-300-00104,2026-07-31,26.1,23.28,117.0,132.7,105.5,1570.4,28.3,343.6,6.93549295774648,15.625,0
18-300-00104,2026-08-01,29.1,33.52,97.79999999999998,161.4,105.5,1570.4,28.3,343.6,7.732676056338029,17.42097701149425,0
18-300-00104,2026-08-02,41.9,28.160000000000004,97.1,201.2,105.5,1570.4,28.3,343.6,11.133990610328638,25.083812260536398,0
18-300-00104,2026-08-03,35.2,49.120000000000005,106.19999999999999,227.0,105.5,1570.4,28.3,343.6,9.353615023474179,21.072796934865902,0
18-300-00104,2026-08-04,61.4,159.68,138.5,284.6,105.5,1570.4,28.3,343.6,16.31568075117371,36.757662835249036,1
18-300-00104,2026-08-05,199.6,0.8800000000000001,296.19999999999993,435.9,105.5,1570.4,28.3,343.6,53.039248826291086,119.49233716475095,1
18-300-00104,2026-08-06,1.1,3.04,262.09999999999997,394.4,105.5,1570.4,28.3,343.6,0.2923004694835681,0.6585249042145594,0
18-300-00104,2026-08-07,3.8,20.080000000000002,204.49999999999997,372.1,105.5,1570.4,28.3,343.6,1.0097652582159624,2.2749042145593865,0
18-300-00104,2026-08-08,25.1,35.68,29.99999999999997,368.1,105.5,1570.4,28.3,343.6,6.669765258215963,15.026340996168582,0
18-300-00104,2026-08-09,44.6,1.1199999999999999,73.49999999999997,370.8,105.5,1570.4,28.3,343.6,11.851455399061033,26.700191570881227,0
18-300-00104,2026-08-10,1.4,0.24,71.09999999999998,337.00000000000006,105.5,1570.4,28.3,343.6,0.372018779342723,0.8381226053639845,0
18-300-00104,2026-08-11,0.3,1.2000000000000002,46.299999999999976,275.9,105.5,1570.4,28.3,343.6,0.07971830985915493,0.17959770114942528,0
18-300-00104,2026-08-12,1.5,3.5200000000000005,3.1999999999999718,77.8,105.5,1570.4,28.3,343.6,0.39859154929577467,0.8979885057471264,0
18-300-00104,2026-08-13,4.4,2.32,6.199999999999973,81.10000000000001,105.5,1570.4,28.3,343.6,1.1692018779342723,2.634099616858238,0
18-300-00104,2026-08-14,2.9,2.0,8.799999999999972,80.2,105.5,1570.4,28.3,343.6,0.7706103286384975,1.736111111111111,0
18-300-00104,2026-08-15,2.5,18.0,9.799999999999972,57.6,105.5,1570.4,28.3,343.6,0.6643192488262911,1.4966475095785439,0
18-300-00104,2026-08-16,22.5,15.280000000000001,27.89999999999997,35.5,105.5,1570.4,28.3,343.6,5.97887323943662,13.469827586206895,0
18-300-00104,2026-08-17,19.1,21.92,44.09999999999997,53.2,105.5,1570.4,28.3,343.6,5.075399061032865,11.434386973180077,0
18-300-00104,2026-08-18,27.4,8.0,68.99999999999997,80.3,105.5,1570.4,28.3,343.6,7.28093896713615,16.40325670498084,0
18-300-00104,2026-08-19,10.0,1.92,56.49999999999997,88.8,105.5,1570.4,28.3,343.6,2.6572769953051645,5.9865900383141755,0
18-300-00104,2026-08-20,2.4,3.6,39.79999999999997,86.80000000000001,105.5,1570.4,28.3,343.6,0.6377464788732394,1.4367816091954022,0
18-300-00104,2026-08-21,4.5,1.8399999999999999,16.89999999999997,88.4,105.5,1570.4,28.3,343.6,1.1957746478873241,2.693965517241379,0
18-300-00104,2026-08-22,2.3,5.04,9.19999999999997,88.2,105.5,1570.4,28.3,343.6,0.6111737089201879,1.3769157088122603,0
18-300-00104,2026-08-23,6.3,7.6000000000000005,13.099999999999971,72.0,105.5,1570.4,28.3,343.6,1.6740845070422534,3.7715517241379306,0
18-300-00104,2026-08-24,9.5,18.8,18.099999999999973,62.4,105.5,1570.4,28.3,343.6,2.5244131455399064,5.687260536398467,0
18-300-00104,2026-08-25,23.5,16.96,39.29999999999997,58.5,105.5,1570.4,28.3,343.6,6.244600938967137,14.068486590038313,0
18-300-00104,2026-08-26,21.2,3.7600000000000002,54.199999999999974,69.7,105.5,1570.4,28.3,343.6,5.633427230046949,12.691570881226053,0
18-300-00104,2026-08-27,4.7,3.3600000000000003,49.39999999999998,72.0,105.5,1570.4,28.3,343.6,1.2489201877934275,2.8136973180076628,0
18-300-00104,2026-08-28,4.2,5.68,30.099999999999973,71.69999999999999,105.5,1570.4,28.3,343.6,1.1160563380281692,2.514367816091954,0
18-300-00104,2026-08-29,7.1,23.040000000000003,15.999999999999975,76.5,105.5,1570.4,28.3,343.6,1.8866666666666667,4.250478927203065,0
18-300-00104,2026-08-30,28.8,26.24,40.09999999999998,99.0,105.5,1570.4,28.3,343.6,7.652957746478874,17.241379310344826,0
18-300-00104,2026-08-31,32.8,21.680000000000003,68.69999999999997,122.3,105.5,1570.4,28.3,343.6,8.715868544600937,19.636015325670495,0
18-300-00104,2026-09-01,27.1,2.32,88.69999999999999,125.9,105.5,1570.4,28.3,343.6,7.201220657276996,16.22365900383142,0
18-300-00104,2026-09-02,2.9,4.5600000000000005,62.799999999999976,107.6,105.5,1570.4,28.3,343.6,0.7706103286384975,1.736111111111111,0
18-300-00104,2026-09-03,5.7,5.44,35.69999999999998,108.6,105.5,1570.4,28.3,343.6,1.5146478873239437,3.41235632183908,0
18-300-00104,2026-09-04,6.8,3.28,15.399999999999977,111.2,105.5,1570.4,28.3,343.6,1.8069483568075118,4.07088122605364,0
18-300-00104,2026-09-05,4.1,5.2,16.599999999999977,108.19999999999999,105.5,1570.4,28.3,343.6,1.0894835680751171,2.454501915708812,0
18-300-00104,2026-09-06,6.5,5.84,17.399999999999977,85.89999999999999,105.5,1570.4,28.3,343.6,1.727230046948357,3.8912835249042144,0
18-300-00104,2026-09-07,7.3,1.36,17.899999999999977,60.4,105.5,1570.4,28.3,343.6,1.93981220657277,4.370210727969348,0
18-300-00104,2026-09-08,1.7,1.04,15.499999999999979,35.0,105.5,1570.4,28.3,343.6,0.45173708920187794,1.01772030651341,0
18-300-00104,2026-09-09,1.3,1.04,10.29999999999998,33.4,105.5,1570.4,28.3,343.6,0.34544600938967135,0.7782567049808429,0
18-300-00104,2026-09-10,1.3,4.64,4.2999999999999785,28.999999999999996,105.5,1570.4,28.3,343.6,0.34544600938967135,0.7782567049808429,0
18-300-00104,2026-09-11,5.8,12.64,8.399999999999977,28.0,105.5,1570.4,28.3,343.6,1.541220657276995,3.472222222222222,0
18-300-00104,2026-09-12,15.8,19.200000000000003,22.899999999999977,39.7,105.5,1570.4,28.3,343.6,4.1984976525821605,9.458812260536398,0
18-300-00104,2026-09-13,24.0,0.16000000000000003,45.59999999999998,57.2,105.5,1570.4,28.3,343.6,6.377464788732395,14.367816091954023,0
18-300-00104,2026-09-14,0.2,1.1199999999999999,39.99999999999998,50.1,105.5,1570.4,28.3,343.6,0.05314553990610329,0.11973180076628352,0
18-300-00104,2026-09-15,1.4,8.0,25.599999999999977,49.8,105.5,1570.4,28.3,343.6,0.372018779342723,0.8381226053639845,0
18-300-00104,2026-09-16,10.0,13.600000000000001,11.599999999999975,58.5,105.5,1570.4,28.3,343.6,2.6572769953051645,5.9865900383141755,0
18-300-00104,2026-09-17,17.0,24.72,28.399999999999977,74.19999999999999,105.5,1570.4,28.3,343.6,4.517370892018779,10.1772030651341,0
18-300-00104,2026-09-18,30.9,0.0,57.89999999999998,99.3,105.5,1570.4,28.3,343.6,8.210985915492959,18.498563218390803,0
18-300-00104,2026-09-19,0.0,0.0,47.89999999999998,83.5,105.5,1570.4,28.3,343.6,0.0,0.0,0
18-300-00105,2025-09-19,11.0,0.96,11.0,11.0,46.15,6823.8,28.3,397.5,6.602332979851538,1.588722955602415,0
18-300-00105,2025-09-20,1.2,0.4,12.2,12.2,46.15,6823.8,28.3,397.5,0.720254506892895,0.17331523152026343,0
18-300-00105,2025-09-21,0.5,7.359999999999999,12.7,12.7,46.15,6823.8,28.3,397.5,0.30010604453870626,0.07221467980010976,0
18-300-00105,2025-09-22,9.2,2.4800000000000004,10.899999999999999,21.9,46.15,6823.8,28.3,397.5,5.521951219512196,1.3287501083220197,0
18-300-00105,2025-09-23,3.1,3.04,12.799999999999999,25.0,46.15,6823.8,28.3,397.5,1.860657476139979,0.44773101476068056,0
18-300-00105,2025-09-24,3.8,0.16000000000000003,16.099999999999998,28.799999999999997,46.15,6823.8,28.3,397.5,2.2808059384941672,0.5488315664808342,0
18-300-00105,2025-09-25,0.2,0.0,7.1,29.0,46.15,6823.8,28.3,397.5,0.12004241781548251,0.02888587192004391,0
18-300-00105,2025-09-26,0.0,1.4400000000000002,4.0,18.0,46.15,6823.8,28.3,397.5,0.0,0.0,0
18-300-00105,2025-09-27,1.8,2.2399999999999998,2.0,18.599999999999998,46.15,6823.8,28.3,397.5,1.0803817603393426,0.25997284728039516,0
18-300-00105,2025-09-28,2.8,3.04,4.6,20.9,46.15,6823.8,28.3,397.5,1.680593849416755,0.4044022068806147,0
18-300-00105,2025-09-29,3.8,7.76,8.399999999999999,15.5,46.15,6823.8,28.3,397.5,2.2808059384941672,0.5488315664808342,0
18-300-00105,2025-09-30,9.7,11.76,16.299999999999997,22.1,46.15,6823.8,28.3,397.5,5.822057264050901,1.4009647881221294,0
18-300-00105,2025-10-01,14.7,7.040000000000001,28.199999999999996,33.0,46.15,6823.8,28.3,397.5,8.823117709437964,2.123111586123227,0
18-300-00105,2025-10-02,8.8,2.5600000000000005,33.2,41.599999999999994,46.15,6823.8,28.3,397.5,5.281866383881231,1.270978364481932,0
18-300-00105,2025-10-03,3.2,10.48,26.699999999999996,44.8,46.15,6823.8,28.3,397.5,1.9206786850477202,0.46217395072070255,0
18-300-00105,2025-10-04,13.1,28.960000000000004,25.1,56.099999999999994,46.15,6823.8,28.3,397.5,7.862778366914105,1.8920246107628758,0
18-300-00105,2025-10-05,36.2,8.56,52.5,89.5,46.15,6823.8,28.3,397.5,21.727677624602336,5.228342817527947,0
18-300-00105,2025-10-06,10.7,1.2800000000000002,60.0,96.4,46.15,6823.8,28.3,397.5,6.422269353128314,1.545394147722349,0
18-300-00105,2025-10-07,1.6,5.44,48.5,88.3,46.15,6823.8,28.3,397.5,0.9603393425238601,0.23108697536035128,0
18-300-00105,2025-10-08,6.8,2.16,19.1,80.39999999999999,46.15,6823.8,28.3,397.5,4.081442205726405,0.9821196452814928,0
18-300-00105,2025-10-09,2.7,1.8399999999999999,11.100000000000001,74.3,46.15,6823.8,28.3,397.5,1.6205726405090142,0.3899592709205928,0
18-300-00105,2025-10-10,2.3,3.5200000000000005,11.8,73.39999999999999,46.15,6823.8,28.3,397.5,1.380487804878049,0.3321875270805049,0
18-300-00105,2025-10-11,4.4,0.8,9.4,64.7,46.15,6823.8,28.3,397.5,2.6409331919406154,0.635489182240966,0
18-300-00105,2025-10-12,1.0,0.32000000000000006,7.7,29.5,46.15,6823.8,28.3,397.5,0.6002120890774125,0.14442935960021952,0
18-300-00105,2025-10-13,0.4,0.24,5.800000000000001,19.2,46.15,6823.8,28.3,397.5,0.24008483563096503,0.05777174384008782,0
18-300-00105,2025-10-14,0.3,0.0,1.7,17.9,46.15,6823.8,28.3,397.5,0.18006362672322376,0.04332880788006586,0
18-300-00105,2025-10-15,0.0,0.4,0.7,11.1,46.15,6823.8,28.3,397.5,0.0,0.0,0
18-300-00105,2025-10-16,0.5,0.0,0.7999999999999999,8.899999999999999,46.15,6823.8,28.3,397.5,0.30010604453870626,0.07221467980010976,0
18-300-00105,2025-10-17,0.0,0.8,0.49999999999999994,6.6000000000000005,46.15,6823.8,28.3,397.5,0.0,0.0,0
18-300-00105,2025-10-18,1.0,0.0,1.5,3.2,46.15,6823.8,28.3,397.5,0.6002120890774125,0.14442935960021952,0
18-300-00105,2025-10-19,0.0,0.0,1.0,2.2,46.15,6823.8,28.3,397.5,0.0,0.0,0
18-300-00105,2025-10-20,0.0,0.0,1.0,1.8,46.15,6823.8,28.3,397.5,0.0,0.0,0
18-300-00105,2025-10-21,0.0,0.0,0.0,1.5,46.15,6823.8,28.3,397.5,0.0,0.0,0
18-300-00105,2025-10-22,0.0,0.0,0.0,1.5,46.15,6823.8,28.3,397.5,0.0,0.0,0
18-300-00105,2025-10-23,0.0,0.8800000000000001,0.0,1.0,46.15,6823.8,28.3,397.5,0.0,0.0,0
18-300-00105,2025-10-24,1.1,2.64,1.1,2.1,46.15,6823.8,28.3,397.5,0.6602332979851538,0.1588722955602415,0
18-300-00105,2025-10-25,3.3,0.0,4.4,4.4,46.15,6823.8,28.3,397.5,1.9806998939554614,0.47661688668072444,0
18-300-00105,2025-10-26,0.0,0.0,4.4,4.4,46.15,6823.8,28.3,397.5,0.0,0.0,0
18-300-00105,2025-10-27,0.0,0.0,3.3,4.4,46.15,6823.8,28.3,397.5,0.0,0.0,0
18-300-00105,2025-10-28,0.0,2.4000000000000004,0.0,4.4,46.15,6823.8,28.3,397.5,0.0,0.0,0
18-300-00105,2025-10-29,3.0,13.12,3.0,7.4,46.15,6823.8,28.3,397.5,1.8006362672322378,0.4332880788006586,0
18-300-00105,2025-10-30,16.4,20.240000000000002,19.4,23.799999999999997,46.15,6823.8,28.3,397.5,9.843478260869565,2.3686414974436003,0
18-300-00105,2025-10-31,25.3,50.080000000000005,44.7,48.0,46.15,6823.8,28.3,397.5,15.185365853658537,3.654062797885554,0
18-300-00105,2025-11-01,62.6,0.0,104.3,107.3,46.15,6823.8,28.3,397.5,37.573276776246026,9.041277910973744,1
18-300-00105,2025-11-02,0.0,0.08000000000000002,87.9,107.3,46.15,6823.8,28.3,397.5,0.0,0.0,0
18-300-00105,2025-11-03,0.1,0.0,62.699999999999996,107.39999999999999,46.15,6823.8,28.3,397.5,0.06002120890774126,0.014442935960021955,0
18-300-00105,2025-11-04,0.0,0.4,0.1,107.39999999999999,46.15,6823.8,28.3,397.5,0.0,0.0,0
18-300-00105,2025-11-05,0.5,0.7200000000000001,0.6,104.89999999999999,46.15,6823.8,28.3,397.5,0.30010604453870626,0.07221467980010976,0
18-300-00105,2025-11-06,0.9,0.24,1.4,89.4,46.15,6823.8,28.3,397.5,0.5401908801696713,0.12998642364019758,0
18-300-00105,2025-11-07,0.3,0.0,1.7,64.39999999999999,46.15,6823.8,28.3,397.5,0.18006362672322376,0.04332880788006586,0
18-300-00105,2025-11-08,0.0,0.0,1.2,1.8,46.15,6823.8,28.3,397.5,0.0,0.0,0
18-300-00105,2025-11-09,0.0,0.5599999999999999,0.3,1.8,46.15,6823.8,28.3,397.5,0.0,0.0,0
18-300-00105,2025-11-10,0.7,0.0,0.7,2.4,46.15,6823.8,28.3,397.5,0.42014846235418873,0.10110055172015367,0
18-300-00105,2025-11-11,0.0,0.0,0.7,2.4,46.15,6823.8,28.3,397.5,0.0,0.0,0
18-300-00105,2025-11-12,0.0,0.0,0.7,1.9,46.15,6823.8,28.3,397.5,0.0,0.0,0
18-300-00105,2025-11-13,0.0,0.08000000000000002,0.0,1.0,46.15,6823.8,28.3,397.5,0.0,0.0,0
18-300-00105,2025-11-14,0.1,0.0,0.1,0.7999999999999999,46.15,6823.8,28.3,397.5,0.06002120890774126,0.014442935960021955,0
18-300-00105,2025-11-15,0.0,0.0,0.1,0.8,46.15,6823.8,28.3,397.5,0.0,0.0,0
18-300-00105,2025-11-16,0.0,0.0,0.1,0.8,46.15,6823.8,28.3,397.5,0.0,0.0,0
18-300-00105,2025-11-17,0.0,0.0,0.0,0.10000000000000012,46.15,6823.8,28.3,397.5,0.0,0.0,0
18-300-00105,2025-11-18,0.0,0.0,0.0,0.10000000000000012,46.15,6823.8,28.3,397.5,0.0,0.0,0
18-300-00105,2025-11-19,0.0,0.0,0.0,0.10000000000000012,46.15,6823.8,28.3,397.5,0.0,0.0,0
18-300-00105,2025-11-20,0.0,0.0,0.0,0.10000000000000012,46.15,6823.8,28.3,397.5,0.0,0.0,0
18-300-00105,2025-11-21,0.0,0.96,0.0,0.0,46.15,6823.8,28.3,397.5,0.0,0.0,0
18-300-00105,2025-11-22,1.2,0.4,1.2,1.2000000000000002,46.15,6823.8,28.3,397.5,0.720254506892895,0.17331523152026343,0
18-300-00105,2025-11-23,0.5,0.0,1.7,1.7,46.15,6823.8,28.3,397.5,0.30010604453870626,0.07221467980010976,0
18-300-00105,2025-11-24,0.0,0.0,1.7,1.7,46.15,6823.8,28.3,397.5,0.0,0.0,0
18-300-00105,2025-11-25,0.0,0.0,0.5,1.7,46.15,6823.8,28.3,397.5,0.0,0.0,0
18-300-00105,2025-11-26,0.0,0.0,0.0,1.7,46.15,6823.8,28.3,397.5,0.0,0.0,0
18-300-00105,2025-11-27,0.0,0.0,0.0,1.7,46.15,6823.8,28.3,397.5,0.0,0.0,0
18-300-00105,2025-11-28,0.0,0.0,0.0,1.7,46.15,6823.8,28.3,397.5,0.0,0.0,0
18-300-00105,2025-11-29,0.0,0.0,0.0,0.5,46.15,6823.8,28.3,397.5,0.0,0.0,0
18-300-00105,2025-11-30,0.0,0.0,0.0,0.0,46.15,6823.8,28.3,397.5,0.0,0.0,0
18-300-00105,2025-12-01,0.0,0.0,0.0,0.0,46.15,6823.8,28.3,397.5,0.0,0.0,0
18-300-00105,2025-12-02,0.0,0.0,0.0,0.0,46.15,6823.8,28.3,397.5,0.0,0.0,0
18-300-00105,2025-12-03,0.0,0.0,0.0,0.0,46.15,6823.8,28.3,397.5,0.0,0.0,0
18-300-00105,2025-12-04,0.0,0.0,0.0,0.0,46.15,6823.8,28.3,397.5,0.0,0.0,0
18-300-00105,2025-12-05,0.0,0.0,0.0,0.0,46.15,6823.8,28.3,397.5,0.0,0.0,0
18-300-00105,2025-12-06,0.0,0.0,0.0,0.0,46.15,6823.8,28.3,397.5,0.0,0.0,0
18-300-00105,2025-12-07,0.0,0.0,0.0,0.0,46.15,6823.8,28.3,397.5,0.0,0.0,0
18-300-00105,2025-12-08,0.0,0.0,0.0,0.0,46.15,6823.8,28.3,397.5,0.0,0.0,0
18-300-00105,2025-12-09,0.0,0.0,0.0,0.0,46.15,6823.8,28.3,397.5,0.0,0.0,0
18-300-00105,2025-12-10,0.0,0.0,0.0,0.0,46.15,6823.8,28.3,397.5,0.0,0.0,0
18-300-00105,2025-12-11,0.0,0.0,0.0,0.0,46.15,6823.8,28.3,397.5,0.0,0.0,0
18-300-00105,2025-12-12,0.0,0.0,0.0,0.0,46.15,6823.8,28.3,397.5,0.0,0.0,0
18-300-00105,2025-12-13,0.0,0.0,0.0,0.0,46.15,6823.8,28.3,397.5,0.0,0.0,0
18-300-00105,2025-12-14,0.0,0.0,0.0,0.0,46.15,6823.8,28.3,397.5,0.0,0.0,0
18-300-00105,2025-12-15,0.0,0.0,0.0,0.0,46.15,6823.8,28.3,397.5,0.0,0.0,0
18-300-00105,2025-12-16,0.0,0.0,0.0,0.0,46.15,6823.8,28.3,397.5,0.0,0.0,0
18-300-00105,2025-12-17,0.0,0.0,0.0,0.0,46.15,6823.8,28.3,397.5,0.0,0.0,0
18-300-00105,2025-12-18,0.0,0.0,0.0,0.0,46.15,6823.8,28.3,397.5,0.0,0.0,0
18-300-00105,2025-12-19,0.0,0.0,0.0,0.0,46.15,6823.8,28.3,397.5,0.0,0.0,0
18-300-00105,2025-12-20,0.0,0.0,0.0,0.0,46.15,6823.8,28.3,397.5,0.0,0.0,0
18-300-00105,2025-12-21,0.0,0.0,0.0,0.0,46.15,6823.8,28.3,397.5,0.0,0.0,0
18-300-00105,2025-12-22,0.0,0.0,0.0,0.0,46.15,6823.8,28.3,397.5,0.0,0.0,0
18-300-00105,2025-12-23,0.0,0.4,0.0,0.0,46.15,6823.8,28.3,397.5,0.0,0.0,0
18-300-00105,2025-12-24,0.5,0.0,0.5,0.5,46.15,6823.8,28.3,397.5,0.30010604453870626,0.07221467980010976,0
18-300-00105,2025-12-25,0.0,0.0,0.5,0.5,46.15,6823.8,28.3,397.5,0.0,0.0,0
18-300-00105,2025-12-26,0.0,0.08000000000000002,0.5,0.5,46.15,6823.8,28.3,397.5,0.0,0.0,0
18-300-00105,2025-12-27,0.1,0.0,0.1,0.6,46.15,6823.8,28.3,397.5,0.06002120890774126,0.014442935960021955,0
18-300-00105,2025-12-28,0.0,0.08000000000000002,0.1,0.6,46.15,6823.8,28.3,397.5,0.0,0.0,0
18-300-00105,2025-12-29,0.1,0.0,0.2,0.7,46.15,6823.8,28.3,397.5,0.06002120890774126,0.014442935960021955,0
18-300-00105,2025-12-30,0.0,0.0,0.1,0.7,46.15,6823.8,28.3,397.5,0.0,0.0,0
18-300-00105,2025-12-31,0.0,0.0,0.1,0.2,46.15,6823.8,28.3,397.5,0.0,0.0,0
18-300-00105,2026-01-01,0.0,0.0,0.0,0.2,46.15,6823.8,28.3,397.5,0.0,0.0,0
18-300-00105,2026-01-02,0.0,0.96,0.0,0.2,46.15,6823.8,28.3,397.5,0.0,0.0,0
18-300-00105,2026-01-03,1.2,0.0,1.2,1.3,46.15,6823.8,28.3,397.5,0.720254506892895,0.17331523152026343,0
18-300-00105,2026-01-04,0.0,0.0,1.2,1.3,46.15,6823.8,28.3,397.5,0.0,0.0,0
18-300-00105,2026-01-05,0.0,0.0,1.2,1.2,46.15,6823.8,28.3,397.5,0.0,0.0,0
18-300-00105,2026-01-06,0.0,0.0,0.0,1.2,46.15,6823.8,28.3,397.5,0.0,0.0,0
18-300-00105,2026-01-07,0.0,0.0,0.0,1.2,46.15,6823.8,28.3,397.5,0.0,0.0,0
18-300-00105,2026-01-08,0.0,0.0,0.0,1.2,46.15,6823.8,28.3,397.5,0.0,0.0,0
18-300-00105,2026-01-09,0.0,0.0,0.0,1.2,46.15,6823.8,28.3,397.5,0.0,0.0,0
18-300-00105,2026-01-10,0.0,0.0,0.0,0.0,46.15,6823.8,28.3,397.5,0.0,0.0,0
18-300-00105,2026-01-11,0.0,0.0,0.0,0.0,46.15,6823.8,28.3,397.5,0.0,0.0,0
18-300-00105,2026-01-12,0.0,0.0,0.0,0.0,46.15,6823.8,28.3,397.5,0.0,0.0,0
18-300-00105,2026-01-13,0.0,0.0,0.0,0.0,46.15,6823.8,28.3,397.5,0.0,0.0,0
18-300-00105,2026-01-14,0.0,0.0,0.0,0.0,46.15,6823.8,28.3,397.5,0.0,0.0,0
18-300-00105,2026-01-15,0.0,0.0,0.0,0.0,46.15,6823.8,28.3,397.5,0.0,0.0,0
18-300-00105,2026-01-16,0.0,0.0,0.0,0.0,46.15,6823.8,28.3,397.5,0.0,0.0,0
18-300-00105,2026-01-17,0.0,0.0,0.0,0.0,46.15,6823.8,28.3,397.5,0.0,0.0,0
18-300-00105,2026-01-18,0.0,0.0,0.0,0.0,46.15,6823.8,28.3,397.5,0.0,0.0,0
18-300-00105,2026-01-19,0.0,0.0,0.0,0.0,46.15,6823.8,28.3,397.5,0.0,0.0,0
18-300-00105,2026-01-20,0.0,0.4,0.0,0.0,46.15,6823.8,28.3,397.5,0.0,0.0,0
18-300-00105,2026-01-21,0.5,0.0,0.5,0.5,46.15,6823.8,28.3,397.5,0.30010604453870626,0.07221467980010976,0
18-300-00105,2026-01-22,0.0,0.0,0.5,0.5,46.15,6823.8,28.3,397.5,0.0,0.0,0
18-300-00105,2026-01-23,0.0,0.0,0.5,0.5,46.15,6823.8,28.3,397.5,0.0,0.0,0
18-300-00105,2026-01-24,0.0,0.0,0.0,0.5,46.15,6823.8,28.3,397.5,0.0,0.0,0
18-300-00105,2026-01-25,0.0,0.0,0.0,0.5,46.15,6823.8,28.3,397.5,0.0,0.0,0
18-300-00105,2026-01-26,0.0,0.0,0.0,0.5,46.15,6823.8,28.3,397.5,0.0,0.0,0
18-300-00105,2026-01-27,0.0,0.0,0.0,0.5,46.15,6823.8,28.3,397.5,0.0,0.0,0
18-300-00105,2026-01-28,0.0,0.0,0.0,0.0,46.15,6823.8,28.3,397.5,0.0,0.0,0
18-300-00105,2026-01-29,0.0,0.0,0.0,0.0,46.15,6823.8,28.3,397.5,0.0,0.0,0
18-300-00105,2026-01-30,0.0,0.0,0.0,0.0,46.15,6823.8,28.3,397.5,0.0,0.0,0
18-300-00105,2026-01-31,0.0,0.0,0.0,0.0,46.15,6823.8,28.3,397.5,0.0,0.0,0
18-300-00105,2026-02-01,0.0,0.0,0.0,0.0,46.15,6823.8,28.3,397.5,0.0,0.0,0
18-300-00105,2026-02-02,0.0,0.0,0.0,0.0,46.15,6823.8,28.3,397.5,0.0,0.0,0
18-300-00105,2026-02-03,0.0,0.0,0.0,0.0,46.15,6823.8,28.3,397.5,0.0,0.0,0
18-300-00105,2026-02-04,0.0,0.0,0.0,0.0,46.15,6823.8,28.3,397.5,0.0,0.0,0
18-300-00105,2026-02-05,0.0,0.0,0.0,0.0,46.15,6823.8,28.3,397.5,0.0,0.0,0
18-300-00105,2026-02-06,0.0,0.0,0.0,0.0,46.15,6823.8,28.3,397.5,0.0,0.0,0
18-300-00105,2026-02-07,0.0,0.0,0.0,0.0,46.15,6823.8,28.3,397.5,0.0,0.0,0
18-300-00105,2026-02-08,0.0,0.0,0.0,0.0,46.15,6823.8,28.3,397.5,0.0,0.0,0
18-300-00105,2026-02-09,0.0,0.0,0.0,0.0,46.15,6823.8,28.3,397.5,0.0,0.0,0
18-300-00105,2026-02-10,0.0,0.0,0.0,0.0,46.15,6823.8,28.3,397.5,0.0,0.0,0
18-300-00105,2026-02-11,0.0,0.0,0.0,0.0,46.15,6823.8,28.3,397.5,0.0,0.0,0
18-300-00105,2026-02-12,0.0,0.0,0.0,0.0,46.15,6823.8,28.3,397.5,0.0,0.0,0
18-300-00105,2026-02-13,0.0,0.0,0.0,0.0,46.15,6823.8,28.3,397.5,0.0,0.0,0
18-300-00105,2026-02-14,0.0,0.0,0.0,0.0,46.15,6823.8,28.3,397.5,0.0,0.0,0
18-300-00105,2026-02-15,0.0,0.0,0.0,0.0,46.15,6823.8,28.3,397.5,0.0,0.0,0
18-300-00105,2026-02-16,0.0,0.0,0.0,0.0,46.15,6823.8,28.3,397.5,0.0,0.0,0
18-300-00105,2026-02-17,0.0,0.0,0.0,0.0,46.15,6823.8,28.3,397.5,0.0,0.0,0
18-300-00105,2026-02-18,0.0,0.0,0.0,0.0,46.15,6823.8,28.3,397.5,0.0,0.0,0
18-300-00105,2026-02-19,0.0,0.0,0.0,0.0,46.15,6823.8,28.3,397.5,0.0,0.0,0
18-300-00105,2026-02-20,0.0,0.0,0.0,0.0,46.15,6823.8,28.3,397.5,0.0,0.0,0
18-300-00105,2026-02-21,0.0,0.0,0.0,0.0,46.15,6823.8,28.3,397.5,0.0,0.0,0
18-300-00105,2026-02-22,0.0,0.0,0.0,0.0,46.15,6823.8,28.3,397.5,0.0,0.0,0
18-300-00105,2026-02-23,0.0,0.5599999999999999,0.0,0.0,46.15,6823.8,28.3,397.5,0.0,0.0,0
18-300-00105,2026-02-24,0.7,0.0,0.7,0.7,46.15,6823.8,28.3,397.5,0.42014846235418873,0.10110055172015367,0
18-300-00105,2026-02-25,0.0,0.0,0.7,0.7,46.15,6823.8,28.3,397.5,0.0,0.0,0
18-300-00105,2026-02-26,0.0,0.0,0.7,0.7,46.15,6823.8,28.3,397.5,0.0,0.0,0
18-300-00105,2026-02-27,0.0,0.0,0.0,0.7,46.15,6823.8,28.3,397.5,0.0,0.0,0
18-300-00105,2026-02-28,0.0,0.7200000000000001,0.0,0.7,46.15,6823.8,28.3,397.5,0.0,0.0,0
18-300-00105,2026-03-01,0.9,0.0,0.9,1.6,46.15,6823.8,28.3,397.5,0.5401908801696713,0.12998642364019758,0
18-300-00105,2026-03-02,0.0,0.0,0.9,1.6,46.15,6823.8,28.3,397.5,0.0,0.0,0
18-300-00105,2026-03-03,0.0,0.0,0.9,0.9,46.15,6823.8,28.3,397.5,0.0,0.0,0
18-300-00105,2026-03-04,0.0,0.0,0.0,0.9,46.15,6823.8,28.3,397.5,0.0,0.0,0
18-300-00105,2026-03-05,0.0,0.0,0.0,0.9,46.15,6823.8,28.3,397.5,0.0,0.0,0
18-300-00105,2026-03-06,0.0,0.0,0.0,0.9,46.15,6823.8,28.3,397.5,0.0,0.0,0
18-300-00105,2026-03-07,0.0,0.0,0.0,0.9,46.15,6823.8,28.3,397.5,0.0,0.0,0
18-300-00105,2026-03-08,0.0,5.68,0.0,0.0,46.15,6823.8,28.3,397.5,0.0,0.0,0
18-300-00105,2026-03-09,7.1,3.28,7.1,7.1,46.15,6823.8,28.3,397.5,4.261505832449629,1.0254484531615586,0
18-300-00105,2026-03-10,4.1,0.16000000000000003,11.2,11.2,46.15,6823.8,28.3,397.5,2.4608695652173913,0.5921603743609001,0
18-300-00105,2026-03-11,0.2,2.16,11.399999999999999,11.399999999999999,46.15,6823.8,28.3,397.5,0.12004241781548251,0.02888587192004391,0
18-300-00105,2026-03-12,2.7,35.839999999999996,7.0,14.1,46.15,6823.8,28.3,397.5,1.6205726405090142,0.3899592709205928,0
18-300-00105,2026-03-13,44.8,22.72,47.699999999999996,58.9,46.15,6823.8,28.3,397.5,26.88950159066808,6.470435310089835,0
18-300-00105,2026-03-14,28.4,7.68,75.89999999999999,87.3,46.15,6823.8,28.3,397.5,17.046023329798516,4.1017938126462345,0
18-300-00105,2026-03-15,9.6,30.880000000000003,82.79999999999998,96.89999999999999,46.15,6823.8,28.3,397.5,5.76203605514316,1.3865218521621074,0
18-300-00105,2026-03-16,38.6,0.08000000000000002,76.6,128.4,46.15,6823.8,28.3,397.5,23.168186638388125,5.574973280568474,0
18-300-00105,2026-03-17,0.1,7.840000000000001,48.300000000000004,124.39999999999999,46.15,6823.8,28.3,397.5,0.06002120890774126,0.014442935960021955,0
18-300-00105,2026-03-18,9.8,10.48,48.5,134.0,46.15,6823.8,28.3,397.5,5.882078472958644,1.4154077240821514,0
18-300-00105,2026-03-19,13.1,11.76,23.0,144.4,46.15,6823.8,28.3,397.5,7.862778366914105,1.8920246107628758,0
18-300-00105,2026-03-20,14.7,5.36,37.599999999999994,114.3,46.15,6823.8,28.3,397.5,8.823117709437964,2.123111586123227,0
18-300-00105,2026-03-21,6.7,0.0,34.5,92.60000000000001,46.15,6823.8,28.3,397.5,4.021420996818664,0.9676767093214709,0
18-300-00105,2026-03-22,0.0,0.5599999999999999,21.4,83.00000000000001,46.15,6823.8,28.3,397.5,0.0,0.0,0
18-300-00105,2026-03-23,0.7,7.359999999999999,7.4,45.1,46.15,6823.8,28.3,397.5,0.42014846235418873,0.10110055172015367,0
18-300-00105,2026-03-24,9.2,1.4400000000000002,9.899999999999999,54.199999999999996,46.15,6823.8,28.3,397.5,5.521951219512196,1.3287501083220197,0
18-300-00105,2026-03-25,1.8,0.0,11.7,46.2,46.15,6823.8,28.3,397.5,1.0803817603393426,0.25997284728039516,0
18-300-00105,2026-03-26,0.0,0.0,11.0,33.1,46.15,6823.8,28.3,397.5,0.0,0.0,0
18-300-00105,2026-03-27,0.0,22.560000000000002,1.8,18.4,46.15,6823.8,28.3,397.5,0.0,0.0,0
18-300-00105,2026-03-28,28.2,4.16,28.2,39.9,46.15,6823.8,28.3,397.5,16.925980911983032,4.072907940726191,0
18-300-00105,2026-03-29,5.2,0.8,33.4,45.1,46.15,6823.8,28.3,397.5,3.121102863202545,0.7510326699211416,0
18-300-00105,2026-03-30,1.0,4.4799999999999995,34.4,45.4,46.15,6823.8,28.3,397.5,0.6002120890774125,0.14442935960021952,0
18-300-00105,2026-03-31,5.6,9.600000000000001,11.8,41.8,46.15,6823.8,28.3,397.5,3.36118769883351,0.8088044137612294,0
18-300-00105,2026-04-01,12.0,0.48,18.6,52.0,46.15,6823.8,28.3,397.5,7.202545068928951,1.7331523152026345,0
18-300-00105,2026-04-02,0.6,1.4400000000000002,18.200000000000003,52.599999999999994,46.15,6823.8,28.3,397.5,0.3601272534464475,0.08665761576013171,0
18-300-00105,2026-04-03,1.8,0.32000000000000006,14.400000000000002,54.4,46.15,6823.8,28.3,397.5,1.0803817603393426,0.25997284728039516,0
18-300-00105,2026-04-04,0.4,0.0,2.8000000000000016,26.6,46.15,6823.8,28.3,397.5,0.24008483563096503,0.05777174384008782,0
18-300-00105,2026-04-05,0.0,0.0,2.2000000000000015,21.400000000000002,46.15,6823.8,28.3,397.5,0.0,0.0,0
18-300-00105,2026-04-06,0.0,0.08000000000000002,0.4000000000000018,20.400000000000002,46.15,6823.8,28.3,397.5,0.0,0.0,0
18-300-00105,2026-04-07,0.1,7.120000000000001,0.10000000000000178,14.9,46.15,6823.8,28.3,397.5,0.06002120890774126,0.014442935960021955,0
18-300-00105,2026-04-08,8.9,17.84,9.000000000000002,11.8,46.15,6823.8,28.3,397.5,5.3418875927889715,1.285421300441954,0
18-300-00105,2026-04-09,22.3,1.8399999999999999,31.300000000000004,33.5,46.15,6823.8,28.3,397.5,13.3847295864263,3.2207747190848957,0
18-300-00105,2026-04-10,2.3,0.08000000000000002,33.5,34.0,46.15,6823.8,28.3,397.5,1.380487804878049,0.3321875270805049,0
18-300-00105,2026-04-11,0.1,3.04,24.7,33.7,46.15,6823.8,28.3,397.5,0.06002120890774126,0.014442935960021955,0
18-300-00105,2026-04-12,3.8,0.0,6.199999999999999,37.50000000000001,46.15,6823.8,28.3,397.5,2.2808059384941672,0.5488315664808342,0
18-300-00105,2026-04-13,0.0,1.4400000000000002,3.9,37.50000000000001,46.15,6823.8,28.3,397.5,0.0,0.0,0
18-300-00105,2026-04-14,1.8,3.6,5.6,39.2,46.15,6823.8,28.3,397.5,1.0803817603393426,0.25997284728039516,0
18-300-00105,2026-04-15,4.5,5.120000000000001,6.3,34.800000000000004,46.15,6823.8,28.3,397.5,2.7009544008483566,0.649932118200988,0
18-300-00105,2026-04-16,6.4,6.24,12.7,18.9,46.15,6823.8,28.3,397.5,3.8413573700954404,0.9243479014414051,0
18-300-00105,2026-04-17,7.8,17.44,18.7,24.4,46.15,6823.8,28.3,397.5,4.681654294803818,1.1265490048817124,0
18-300-00105,2026-04-18,21.8,41.28,36.0,46.1,46.15,6823.8,28.3,397.5,13.084623541887595,3.148560039284786,0
18-300-00105,2026-04-19,51.6,34.800000000000004,81.2,93.9,46.15,6823.8,28.3,397.5,30.970943796394486,7.452554955371328,1
18-300-00105,2026-04-20,43.5,16.72,116.9,137.4,46.15,6823.8,28.3,397.5,26.109225874867445,6.28267714260955,0
18-300-00105,2026-04-21,20.9,3.7600000000000002,116.0,156.5,46.15,6823.8,28.3,397.5,12.544432661717922,3.018573615644588,0
18-300-00105,2026-04-22,4.7,0.16000000000000003,69.1,156.70000000000002,46.15,6823.8,28.3,397.5,2.8209968186638394,0.6788179901210318,0
18-300-00105,2026-04-23,0.2,5.120000000000001,25.799999999999997,150.5,46.15,6823.8,28.3,397.5,0.12004241781548251,0.02888587192004391,0
18-300-00105,2026-04-24,6.4,1.7600000000000002,11.3,149.1,46.15,6823.8,28.3,397.5,3.8413573700954404,0.9243479014414051,0
18-300-00105,2026-04-25,2.2,15.76,8.8,129.5,46.15,6823.8,28.3,397.5,1.3204665959703077,0.317744591120483,0
18-300-00105,2026-04-26,19.7,29.92,28.3,97.60000000000001,46.15,6823.8,28.3,397.5,11.824178154825027,2.8452583841243246,0
18-300-00105,2026-04-27,37.4,2.16,59.3,91.5,46.15,6823.8,28.3,397.5,22.44793213149523,5.40165804904821,0
18-300-00105,2026-04-28,2.7,11.520000000000001,59.8,73.29999999999998,46.15,6823.8,28.3,397.5,1.6205726405090142,0.3899592709205928,0
18-300-00105,2026-04-29,14.4,5.04,54.5,83.0,46.15,6823.8,28.3,397.5,8.643054082714741,2.0797827782431613,0
18-300-00105,2026-04-30,6.3,18.48,23.400000000000002,89.1,46.15,6823.8,28.3,397.5,3.7813361611876988,0.909904965481383,0
18-300-00105,2026-05-01,23.1,16.72,43.800000000000004,105.8,46.15,6823.8,28.3,397.5,13.86489925768823,3.3363182067650716,0
18-300-00105,2026-05-02,20.9,0.32000000000000006,50.3,124.49999999999999,46.15,6823.8,28.3,397.5,12.544432661717922,3.018573615644588,0
18-300-00105,2026-05-03,0.4,4.64,44.400000000000006,105.2,46.15,6823.8,28.3,397.5,0.24008483563096503,0.05777174384008782,0
18-300-00105,2026-05-04,5.8,6.32,27.099999999999998,73.6,46.15,6823.8,28.3,397.5,3.4812301166489923,0.8376902856812732,0
18-300-00105,2026-05-05,7.9,7.120000000000001,14.100000000000001,78.8,46.15,6823.8,28.3,397.5,4.741675503711559,1.1409919408417344,0
18-300-00105,2026-05-06,8.9,0.0,22.6,73.3,46.15,6823.8,28.3,397.5,5.3418875927889715,1.285421300441954,0
18-300-00105,2026-05-07,0.0,2.4000000000000004,16.799999999999997,66.99999999999999,46.15,6823.8,28.3,397.5,0.0,0.0,0
18-300-00105,2026-05-08,3.0,1.2000000000000002,11.9,46.89999999999999,46.15,6823.8,28.3,397.5,1.8006362672322378,0.4332880788006586,0
18-300-00105,2026-05-09,1.5,5.84,4.499999999999998,27.499999999999993,46.15,6823.8,28.3,397.5,0.9003181336161189,0.2166440394003293,0
18-300-00105,2026-05-10,7.3,12.96,11.799999999999997,34.39999999999999,46.15,6823.8,28.3,397.5,4.381548250265111,1.0543343250816026,0
18-300-00105,2026-05-11,16.2,6.88,24.999999999999996,44.8,46.15,6823.8,28.3,397.5,9.723435843054082,2.3397556255235563,0
18-300-00105,2026-05-12,8.6,44.56,32.099999999999994,45.49999999999999,46.15,6823.8,28.3,397.5,5.1618239660657474,1.242092492561888,0
18-300-00105,2026-05-13,55.7,46.72,80.5,92.3,46.15,6823.8,28.3,397.5,33.43181336161188,8.04471532973223,1
18-300-00105,2026-05-14,58.4,11.440000000000001,122.69999999999999,150.7,46.15,6823.8,28.3,397.5,35.05238600212089,8.434674600652821,1
18-300-00105,2026-05-15,14.3,31.760000000000005,128.4,162.0,46.15,6823.8,28.3,397.5,8.583032873807001,2.0653398422831395,0
18-300-00105,2026-05-16,39.7,42.480000000000004,112.4,200.2,46.15,6823.8,28.3,397.5,23.828419936373283,5.733845576128716,0
18-300-00105,2026-05-17,53.1,8.959999999999999,107.10000000000001,246.0,46.15,6823.8,28.3,397.5,31.871261930010604,7.669198994771658,1
18-300-00105,2026-05-18,11.2,1.7600000000000002,104.00000000000001,241.0,46.15,6823.8,28.3,397.5,6.72237539766702,1.6176088275224587,0
18-300-00105,2026-05-19,2.2,1.36,66.50000000000001,234.60000000000002,46.15,6823.8,28.3,397.5,1.3204665959703077,0.317744591120483,0
18-300-00105,2026-05-20,1.7,15.280000000000001,15.100000000000007,180.6,46.15,6823.8,28.3,397.5,1.0203605514316012,0.2455299113203732,0
18-300-00105,2026-05-21,19.1,16.080000000000002,23.000000000000007,141.3,46.15,6823.8,28.3,397.5,11.464050901378581,2.758600768364193,0
18-300-00105,2026-05-22,20.1,25.200000000000003,40.900000000000006,147.1,46.15,6823.8,28.3,397.5,12.064262990455992,2.9030301279644126,0
18-300-00105,2026-05-23,31.5,35.28,70.7,138.9,46.15,6823.8,28.3,397.5,18.906680805938496,4.549524827406915,0
18-300-00105,2026-05-24,44.1,56.400000000000006,95.70000000000002,129.9,46.15,6823.8,28.3,397.5,26.46935312831389,6.369334758369682,0
18-300-00105,2026-05-25,70.5,3.6,146.10000000000002,189.2,46.15,6823.8,28.3,397.5,42.31495227995759,10.182269851815477,1
18-300-00105,2026-05-26,4.5,0.48,119.10000000000001,191.5,46.15,6823.8,28.3,397.5,2.7009544008483566,0.649932118200988,0
18-300-00105,2026-05-27,0.6,10.32,75.60000000000001,190.4,46.15,6823.8,28.3,397.5,0.3601272534464475,0.08665761576013171,0
18-300-00105,2026-05-28,12.9,0.0,18.000000000000014,184.2,46.15,6823.8,28.3,397.5,7.742735949098622,1.863138738842832,0
18-300-00105,2026-05-29,0.0,5.120000000000001,13.500000000000014,164.10000000000002,46.15,6823.8,28.3,397.5,0.0,0.0,0
18-300-00105,2026-05-30,6.4,1.36,19.300000000000015,139.0,46.15,6823.8,28.3,397.5,3.8413573700954404,0.9243479014414051,0
18-300-00105,2026-05-31,1.7,0.0,8.100000000000014,96.6,46.15,6823.8,28.3,397.5,1.0203605514316012,0.2455299113203732,0
18-300-00105,2026-06-01,0.0,0.96,8.100000000000014,26.1,46.15,6823.8,28.3,397.5,0.0,0.0,0
18-300-00105,2026-06-02,1.2,16.48,2.900000000000014,22.8,46.15,6823.8,28.3,397.5,0.720254506892895,0.17331523152026343,0
18-300-00105,2026-06-03,20.6,24.080000000000002,21.800000000000015,42.8,46.15,6823.8,28.3,397.5,12.364369034994699,2.9752448077645224,0
18-300-00105,2026-06-04,30.1,17.76,51.90000000000002,60.0,46.15,6823.8,28.3,397.5,18.066383881230117,4.347323723966608,0
18-300-00105,2026-06-05,22.2,14.080000000000002,72.9,82.2,46.15,6823.8,28.3,397.5,13.324708377518558,3.2063317831248734,0
18-300-00105,2026-06-06,17.6,6.48,69.90000000000002,93.4,46.15,6823.8,28.3,397.5,10.563732767762462,2.541956728963864,0
18-300-00105,2026-06-07,8.1,31.28,47.90000000000001,99.80000000000001,46.15,6823.8,28.3,397.5,4.861717921527041,1.1698778127617782,0
18-300-00105,2026-06-08,39.1,51.04,64.80000000000001,138.9,46.15,6823.8,28.3,397.5,23.46829268292683,5.647187960368584,0
18-300-00105,2026-06-09,63.8,13.040000000000001,111.00000000000001,201.5,46.15,6823.8,28.3,397.5,38.29353128313892,9.214593142494007,1
18-300-00105,2026-06-10,16.3,22.64,119.20000000000002,197.2,46.15,6823.8,28.3,397.5,9.783457051961825,2.3541985614835785,0
18-300-00105,2026-06-11,28.3,7.68,108.4,195.4,46.15,6823.8,28.3,397.5,16.986002120890774,4.087350876686213,0
18-300-00105,2026-06-12,9.6,8.0,54.20000000000002,182.79999999999998,46.15,6823.8,28.3,397.5,5.76203605514316,1.3865218521621074,0
18-300-00105,2026-06-13,10.0,17.28,47.90000000000002,175.2,46.15,6823.8,28.3,397.5,6.002120890774125,1.4442935960021954,0
18-300-00105,2026-06-14,21.6,31.439999999999998,41.20000000000002,188.7,46.15,6823.8,28.3,397.5,12.964581124072113,3.1196741673647423,0
18-300-00105,2026-06-15,39.3,10.4,70.9,188.9,46.15,6823.8,28.3,397.5,23.588335100742313,5.676073832288627,0
18-300-00105,2026-06-16,13.0,8.88,73.9,138.1,46.15,6823.8,28.3,397.5,7.802757158006363,1.877581674802854,0
18-300-00105,2026-06-17,11.1,22.400000000000002,63.40000000000001,132.9,46.15,6823.8,28.3,397.5,6.662354188759279,1.6031658915624367,0
18-300-00105,2026-06-18,28.0,0.96,52.100000000000016,132.6,46.15,6823.8,28.3,397.5,16.80593849416755,4.044022068806147,0
18-300-00105,2026-06-19,1.2,22.32,40.30000000000002,124.2,46.15,6823.8,28.3,397.5,0.720254506892895,0.17331523152026343,0
18-300-00105,2026-06-20,27.9,46.72,57.10000000000001,142.1,46.15,6823.8,28.3,397.5,16.745917285259807,4.029579132846124,0
18-300-00105,2026-06-21,58.4,24.72,87.50000000000001,178.89999999999998,46.15,6823.8,28.3,397.5,35.05238600212089,8.434674600652821,1
18-300-00105,2026-06-22,30.9,31.04,117.20000000000002,170.49999999999997,46.15,6823.8,28.3,397.5,18.546553552492046,4.462867211646784,0
18-300-00105,2026-06-23,38.8,22.480000000000004,128.10000000000002,196.3,46.15,6823.8,28.3,397.5,23.288229056203605,5.603859152488518,0
18-300-00105,2026-06-24,28.1,11.68,97.80000000000001,213.29999999999998,46.15,6823.8,28.3,397.5,16.865959703075294,4.058465004766169,0
18-300-00105,2026-06-25,14.6,25.28,81.5,199.89999999999998,46.15,6823.8,28.3,397.5,8.763096500530223,2.1086686501632053,0
18-300-00105,2026-06-26,31.6,16.400000000000002,74.30000000000001,230.3,46.15,6823.8,28.3,397.5,18.966702014846238,4.5639677633669375,0
18-300-00105,2026-06-27,20.5,20.080000000000002,66.70000000000002,222.89999999999998,46.15,6823.8,28.3,397.5,12.304347826086957,2.9608018718045006,0
18-300-00105,2026-06-28,25.1,41.84,77.20000000000002,189.60000000000002,46.15,6823.8,28.3,397.5,15.065323435843055,3.6251769259655107,0
18-300-00105,2026-06-29,52.3,6.56,97.9,211.0,46.15,6823.8,28.3,397.5,31.391092258748674,7.553655507091481,1
18-300-00105,2026-06-30,8.2,11.36,85.60000000000001,180.4,46.15,6823.8,28.3,397.5,4.921739130434783,1.1843207487218002,0
18-300-00105,2026-07-01,14.2,6.08,74.70000000000002,166.5,46.15,6823.8,28.3,397.5,8.523011664899258,2.0508969063231173,0
18-300-00105,2026-07-02,7.6,6.0,30.000000000000014,159.5,46.15,6823.8,28.3,397.5,4.5616118769883345,1.0976631329616684,0
18-300-00105,2026-07-03,7.5,9.120000000000001,29.30000000000001,135.4,46.15,6823.8,28.3,397.5,4.501590668080594,1.0832201970016464,0
18-300-00105,2026-07-04,11.4,24.72,26.500000000000014,126.3,46.15,6823.8,28.3,397.5,6.842417815482503,1.6464946994425027,0
18-300-00105,2026-07-05,30.9,48.88,49.80000000000001,132.1,46.15,6823.8,28.3,397.5,18.546553552492046,4.462867211646784,0
18-300-00105,2026-07-06,61.1,10.64,103.4,140.9,46.15,6823.8,28.3,397.5,36.67295864262991,8.824633871573413,1
18-300-00105,2026-07-07,13.3,15.280000000000001,105.30000000000001,146.0,46.15,6823.8,28.3,397.5,7.982820784729587,1.92091048268292,0
18-300-00105,2026-07-08,19.1,20.080000000000002,93.50000000000001,150.9,46.15,6823.8,28.3,397.5,11.464050901378581,2.758600768364193,0
18-300-00105,2026-07-09,25.1,7.6000000000000005,57.500000000000014,168.4,46.15,6823.8,28.3,397.5,15.065323435843055,3.6251769259655107,0
18-300-00105,2026-07-10,9.5,33.28,53.70000000000002,170.4,46.15,6823.8,28.3,397.5,5.70201484623542,1.3720789162020857,0
18-300-00105,2026-07-11,41.6,81.60000000000001,76.20000000000002,200.60000000000002,46.15,6823.8,28.3,397.5,24.96882290562036,6.008261359369133,0
18-300-00105,2026-07-12,102.0,146.88,153.10000000000002,271.7,46.15,6823.8,28.3,397.5,61.22163308589607,14.731794679222393,1
18-300-00105,2026-07-13,183.6,6.16,327.20000000000005,394.20000000000005,46.15,6823.8,28.3,397.5,110.19893955461295,26.517230422600306,1
18-300-00105,2026-07-14,7.7,16.400000000000002,293.3,388.6,46.15,6823.8,28.3,397.5,4.621633085896076,1.1121060689216904,0
18-300-00105,2026-07-15,20.5,7.040000000000001,211.79999999999998,390.00000000000006,46.15,6823.8,28.3,397.5,12.304347826086957,2.9608018718045006,0
18-300-00105,2026-07-16,8.8,28.8,37.00000000000003,373.70000000000005,46.15,6823.8,28.3,397.5,5.281866383881231,1.270978364481932,0
18-300-00105,2026-07-17,36.0,20.0,65.30000000000003,400.20000000000005,46.15,6823.8,28.3,397.5,21.607635206786853,5.199456945607904,0
18-300-00105,2026-07-18,25.0,33.6,69.80000000000003,383.6,46.15,6823.8,28.3,397.5,15.005302226935314,3.6107339900054884,0
18-300-00105,2026-07-19,42.0,18.72,103.00000000000003,323.6,46.15,6823.8,28.3,397.5,25.20890774125133,6.066033103209221,0
18-300-00105,2026-07-20,23.4,5.36,90.40000000000003,163.40000000000003,46.15,6823.8,28.3,397.5,14.044962884411454,3.379647014645137,0
18-300-00105,2026-07-21,6.7,17.2,72.10000000000002,162.40000000000003,46.15,6823.8,28.3,397.5,4.021420996818664,0.9676767093214709,0
18-300-00105,2026-07-22,21.5,9.440000000000001,51.60000000000002,163.40000000000003,46.15,6823.8,28.3,397.5,12.90455991516437,3.10523123140472,0
18-300-00105,2026-07-23,11.8,1.6,40.00000000000003,166.40000000000003,46.15,6823.8,28.3,397.5,7.082502651113469,1.7042664432825907,0
18-300-00105,2026-07-24,2.0,0.4,35.300000000000026,132.40000000000003,46.15,6823.8,28.3,397.5,1.200424178154825,0.28885871920043904,0
18-300-00105,2026-07-25,0.5,0.16000000000000003,14.30000000000003,107.90000000000003,46.15,6823.8,28.3,397.5,0.30010604453870626,0.07221467980010976,0
18-300-00105,2026-07-26,0.2,6.96,2.7000000000000286,66.10000000000002,46.15,6823.8,28.3,397.5,0.12004241781548251,0.02888587192004391,0
18-300-00105,2026-07-27,8.7,0.8,9.400000000000027,51.40000000000003,46.15,6823.8,28.3,397.5,5.221845174973488,1.25653542852191,0
18-300-00105,2026-07-28,1.0,20.880000000000003,9.900000000000027,45.700000000000024,46.15,6823.8,28.3,397.5,0.6002120890774125,0.14442935960021952,0
18-300-00105,2026-07-29,26.1,10.48,35.800000000000026,50.300000000000026,46.15,6823.8,28.3,397.5,15.66553552492047,3.76960628556573,0
18-300-00105,2026-07-30,13.1,10.32,40.20000000000003,51.60000000000003,46.15,6823.8,28.3,397.5,7.862778366914105,1.8920246107628758,0
18-300-00105,2026-07-31,12.9,8.959999999999999,52.10000000000003,62.50000000000003,46.15,6823.8,28.3,397.5,7.742735949098622,1.863138738842832,0
18-300-00105,2026-08-01,11.2,19.6,37.20000000000003,73.20000000000002,46.15,6823.8,28.3,397.5,6.72237539766702,1.6176088275224587,0
18-300-00105,2026-08-02,24.5,15.600000000000001,48.60000000000002,97.50000000000003,46.15,6823.8,28.3,397.5,14.705196182396607,3.5385193102053787,0
18-300-00105,2026-08-03,19.5,27.12,55.20000000000003,108.30000000000004,46.15,6823.8,28.3,397.5,11.704135737009544,2.816372512204281,0
18-300-00105,2026-08-04,33.9,26.24,77.90000000000002,141.20000000000005,46.15,6823.8,28.3,397.5,20.347189819724285,4.896155290447442,0
18-300-00105,2026-08-05,32.8,1.92,86.20000000000002,147.90000000000003,46.15,6823.8,28.3,397.5,19.68695652173913,4.737282994887201,0
18-300-00105,2026-08-06,2.4,2.16,69.10000000000002,137.20000000000002,46.15,6823.8,28.3,397.5,1.44050901378579,0.34663046304052686,0
18-300-00105,2026-08-07,2.7,6.800000000000001,37.90000000000003,127.00000000000001,46.15,6823.8,28.3,397.5,1.6205726405090142,0.3899592709205928,0
18-300-00105,2026-08-08,8.5,14.96,13.600000000000028,124.30000000000001,46.15,6823.8,28.3,397.5,5.101802757158007,1.2276495566018661,0
18-300-00105,2026-08-09,18.7,1.2000000000000002,29.900000000000027,118.50000000000001,46.15,6823.8,28.3,397.5,11.223966065747614,2.700829024524105,0
18-300-00105,2026-08-10,1.5,0.32000000000000006,28.700000000000028,100.50000000000003,46.15,6823.8,28.3,397.5,0.9003181336161189,0.2166440394003293,0
18-300-00105,2026-08-11,0.4,2.0,20.600000000000026,67.00000000000003,46.15,6823.8,28.3,397.5,0.24008483563096503,0.05777174384008782,0
18-300-00105,2026-08-12,2.5,2.0,4.400000000000029,36.700000000000024,46.15,6823.8,28.3,397.5,1.5005302226935313,0.36107339900054886,0
18-300-00105,2026-08-13,2.5,18.880000000000003,5.400000000000029,36.800000000000026,46.15,6823.8,28.3,397.5,1.5005302226935313,0.36107339900054886,0
18-300-00105,2026-08-14,23.6,0.48,28.60000000000003,57.700000000000024,46.15,6823.8,28.3,397.5,14.165005302226938,3.4085328865651814,0
18-300-00105,2026-08-15,0.6,1.92,26.70000000000003,49.800000000000026,46.15,6823.8,28.3,397.5,0.3601272534464475,0.08665761576013171,0
18-300-00105,2026-08-16,2.4,41.84,26.60000000000003,33.50000000000003,46.15,6823.8,28.3,397.5,1.44050901378579,0.34663046304052686,0
18-300-00105,2026-08-17,52.3,6.08,55.300000000000026,84.30000000000003,46.15,6823.8,28.3,397.5,31.391092258748674,7.553655507091481,1
18-300-00105,2026-08-18,7.6,1.04,62.300000000000026,91.50000000000001,46.15,6823.8,28.3,397.5,4.5616118769883345,1.0976631329616684,0
18-300-00105,2026-08-19,1.3,0.16000000000000003,61.200000000000024,90.30000000000003,46.15,6823.8,28.3,397.5,0.7802757158006363,0.1877581674802854,0
18-300-00105,2026-08-20,0.2,11.200000000000001,9.100000000000028,88.00000000000001,46.15,6823.8,28.3,397.5,0.12004241781548251,0.02888587192004391,0
18-300-00105,2026-08-21,14.0,0.7200000000000001,15.500000000000028,78.40000000000002,46.15,6823.8,28.3,397.5,8.402969247083774,2.0220110344030733,0
18-300-00105,2026-08-22,0.9,1.04,15.100000000000028,78.70000000000003,46.15,6823.8,28.3,397.5,0.5401908801696713,0.12998642364019758,0
18-300-00105,2026-08-23,1.3,2.8000000000000003,16.200000000000028,77.60000000000002,46.15,6823.8,28.3,397.5,0.7802757158006363,0.1877581674802854,0
18-300-00105,2026-08-24,3.5,12.4,5.700000000000029,28.80000000000003,46.15,6823.8,28.3,397.5,2.1007423117709436,0.5055027586007683,0
18-300-00105,2026-08-25,15.5,7.28,20.30000000000003,36.70000000000003,46.15,6823.8,28.3,397.5,9.303287380699896,2.2386550738034026,0
18-300-00105,2026-08-26,9.1,4.4,28.10000000000003,44.50000000000003,46.15,6823.8,28.3,397.5,5.461930010604453,1.3143071723619977,0
18-300-00105,2026-08-27,5.5,6.800000000000001,30.10000000000003,49.80000000000003,46.15,6823.8,28.3,397.5,3.301166489925769,0.7943614778012075,0
18-300-00105,2026-08-28,8.5,3.5200000000000005,23.10000000000003,44.30000000000003,46.15,6823.8,28.3,397.5,5.101802757158007,1.2276495566018661,0
18-300-00105,2026-08-29,4.4,28.560000000000002,18.400000000000027,47.80000000000003,46.15,6823.8,28.3,397.5,2.6409331919406154,0.635489182240966,0
18-300-00105,2026-08-30,35.7,17.84,48.60000000000003,82.20000000000003,46.15,6823.8,28.3,397.5,21.427571580063628,5.156128137727838,0
18-300-00105,2026-08-31,22.3,10.64,62.400000000000034,101.00000000000003,46.15,6823.8,28.3,397.5,13.3847295864263,3.2207747190848957,0
18-300-00105,2026-09-01,13.3,0.8,71.30000000000004,98.80000000000004,46.15,6823.8,28.3,397.5,7.982820784729587,1.92091048268292,0
18-300-00105,2026-09-02,1.0,1.2800000000000002,36.60000000000003,90.70000000000005,46.15,6823.8,28.3,397.5,0.6002120890774125,0.14442935960021952,0
18-300-00105,2026-09-03,1.6,9.040000000000001,15.900000000000029,86.80000000000004,46.15,6823.8,28.3,397.5,0.9603393425238601,0.23108697536035128,0
18-300-00105,2026-09-04,11.3,1.1199999999999999,13.900000000000029,89.60000000000004,46.15,6823.8,28.3,397.5,6.782396606574762,1.632051763482481,0
18-300-00105,2026-09-05,1.4,4.08,14.30000000000003,86.60000000000004,46.15,6823.8,28.3,397.5,0.8402969247083775,0.20220110344030734,0
18-300-00105,2026-09-06,5.1,4.0,17.80000000000003,56.00000000000003,46.15,6823.8,28.3,397.5,3.0610816542948034,0.7365897339611196,0
18-300-00105,2026-09-07,5.0,1.4400000000000002,11.500000000000028,38.70000000000003,46.15,6823.8,28.3,397.5,3.0010604453870626,0.7221467980010977,0
18-300-00105,2026-09-08,1.8,0.6400000000000001,11.900000000000029,27.200000000000028,46.15,6823.8,28.3,397.5,1.0803817603393426,0.25997284728039516,0
18-300-00105,2026-09-09,0.8,1.6800000000000002,7.600000000000028,27.00000000000003,46.15,6823.8,28.3,397.5,0.48016967126193005,0.11554348768017564,0
18-300-00105,2026-09-10,2.1,2.9600000000000004,4.700000000000029,27.50000000000003,46.15,6823.8,28.3,397.5,1.2604453870625665,0.30330165516046104,0
18-300-00105,2026-09-11,3.7,9.920000000000002,6.600000000000029,19.90000000000003,46.15,6823.8,28.3,397.5,2.2207847295864265,0.5343886305208123,0
18-300-00105,2026-09-12,12.4,27.680000000000003,18.20000000000003,30.900000000000027,46.15,6823.8,28.3,397.5,7.442629904559916,1.7909240590427222,0
18-300-00105,2026-09-13,34.6,0.0,50.70000000000003,60.40000000000003,46.15,6823.8,28.3,397.5,20.767338282078477,4.997255842167596,0
18-300-00105,2026-09-14,0.0,0.96,47.00000000000003,55.40000000000003,46.15,6823.8,28.3,397.5,0.0,0.0,0
18-300-00105,2026-09-15,1.2,4.64,35.80000000000003,54.80000000000003,46.15,6823.8,28.3,397.5,0.720254506892895,0.17331523152026343,0
18-300-00105,2026-09-16,5.8,9.920000000000002,7.000000000000028,59.800000000000026,46.15,6823.8,28.3,397.5,3.4812301166489923,0.8376902856812732,0
18-300-00105,2026-09-17,12.4,22.480000000000004,19.400000000000027,70.10000000000004,46.15,6823.8,28.3,397.5,7.442629904559916,1.7909240590427222,0
18-300-00105,2026-09-18,28.1,0.0,46.300000000000026,94.50000000000003,46.15,6823.8,28.3,397.5,16.865959703075294,4.058465004766169,0
18-300-00105,2026-09-19,0.0,0.0,40.50000000000003,82.10000000000002,46.15,6823.8,28.3,397.5,0.0,0.0,0
18-300-00106,2025-09-19,11.0,0.32000000000000006,11.0,11.0,41.03,6931.5,28.3,495.2,7.406614323102546,1.564388821730783,0
18-300-00106,2025-09-20,0.4,0.6400000000000001,11.4,11.4,41.03,6931.5,28.3,495.2,0.2693314299310017,0.05688686624475575,0
18-300-00106,2025-09-21,0.8,7.359999999999999,12.2,12.2,41.03,6931.5,28.3,495.2,0.5386628598620034,0.1137737324895115,0
18-300-00106,2025-09-22,9.2,1.36,10.399999999999999,21.4,41.03,6931.5,28.3,495.2,6.194622888413038,1.3083979236293821,0
18-300-00106,2025-09-23,1.7,2.32,11.699999999999998,23.099999999999998,41.03,6931.5,28.3,495.2,1.144658577206757,0.24176918154021193,0
18-300-00106,2025-09-24,2.9,0.0,13.799999999999999,26.0,41.03,6931.5,28.3,495.2,1.9526528669997618,0.41242978027447913,0
18-300-00106,2025-09-25,0.0,0.0,4.6,26.0,41.03,6931.5,28.3,495.2,0.0,0.0,0
18-300-00106,2025-09-26,0.0,0.7200000000000001,2.8999999999999995,14.999999999999998,41.03,6931.5,28.3,495.2,0.0,0.0,0
18-300-00106,2025-09-27,0.9,2.4800000000000004,0.9,15.499999999999998,41.03,6931.5,28.3,495.2,0.6059957173447538,0.12799544905070043,0
18-300-00106,2025-09-28,3.1,3.04,4.0,17.799999999999997,41.03,6931.5,28.3,495.2,2.087318581965263,0.44087321339685703,0
18-300-00106,2025-09-29,3.8,2.4000000000000004,7.8,12.399999999999999,41.03,6931.5,28.3,495.2,2.5586485843445157,0.5404252293251796,0
18-300-00106,2025-09-30,3.0,7.440000000000001,9.899999999999999,13.7,41.03,6931.5,28.3,495.2,2.019985724482513,0.4266514968356681,0
18-300-00106,2025-10-01,9.3,8.08,16.1,20.1,41.03,6931.5,28.3,495.2,6.26195574589579,1.3226196401905712,0
18-300-00106,2025-10-02,10.1,6.56,22.4,30.2,41.03,6931.5,28.3,495.2,6.8006186057577915,1.4363933726800826,0
18-300-00106,2025-10-03,8.2,12.96,27.599999999999998,38.4,41.03,6931.5,28.3,495.2,5.521294313585534,1.1661807580174928,0
18-300-00106,2025-10-04,16.2,34.32,34.5,53.7,41.03,6931.5,28.3,495.2,10.907922912205567,2.303918082912608,0
18-300-00106,2025-10-05,42.9,4.16,67.29999999999998,93.5,41.03,6931.5,28.3,495.2,28.885795860099925,6.101116404750053,0
18-300-00106,2025-10-06,5.2,0.7200000000000001,64.3,94.89999999999999,41.03,6931.5,28.3,495.2,3.5013085891030213,0.7395292611818247,0
18-300-00106,2025-10-07,0.9,2.08,48.99999999999999,92.8,41.03,6931.5,28.3,495.2,0.6059957173447538,0.12799544905070043,0
18-300-00106,2025-10-08,2.6,0.8,8.699999999999992,86.1,41.03,6931.5,28.3,495.2,1.7506542945515107,0.36976463059091236,0
18-300-00106,2025-10-09,1.0,1.2800000000000002,4.499999999999993,76.99999999999999,41.03,6931.5,28.3,495.2,0.6733285748275042,0.14221716561188938,0
18-300-00106,2025-10-10,1.6,3.04,5.199999999999993,70.39999999999999,41.03,6931.5,28.3,495.2,1.0773257197240067,0.227547464979023,0
18-300-00106,2025-10-11,3.8,0.8,6.399999999999993,57.99999999999999,41.03,6931.5,28.3,495.2,2.5586485843445157,0.5404252293251796,0
18-300-00106,2025-10-12,1.0,0.0,6.399999999999993,16.099999999999994,41.03,6931.5,28.3,495.2,0.6733285748275042,0.14221716561188938,0
18-300-00106,2025-10-13,0.0,0.6400000000000001,4.799999999999994,10.899999999999993,41.03,6931.5,28.3,495.2,0.0,0.0,0
18-300-00106,2025-10-14,0.8,0.0,1.799999999999993,10.799999999999994,41.03,6931.5,28.3,495.2,0.5386628598620034,0.1137737324895115,0
18-300-00106,2025-10-15,0.0,0.16000000000000003,0.7999999999999929,8.199999999999992,41.03,6931.5,28.3,495.2,0.0,0.0,0
18-300-00106,2025-10-16,0.2,0.0,0.9999999999999929,7.399999999999993,41.03,6931.5,28.3,495.2,0.13466571496550084,0.028443433122377876,0
18-300-00106,2025-10-17,0.0,1.1199999999999999,0.1999999999999929,5.799999999999994,41.03,6931.5,28.3,495.2,0.0,0.0,0
18-300-00106,2025-10-18,1.4,0.0,1.5999999999999928,3.399999999999993,41.03,6931.5,28.3,495.2,0.9426600047585058,0.1991040318566451,0
18-300-00106,2025-10-19,0.0,1.6800000000000002,1.3999999999999928,2.399999999999993,41.03,6931.5,28.3,495.2,0.0,0.0,0
18-300-00106,2025-10-20,2.1,0.0,3.499999999999993,4.499999999999993,41.03,6931.5,28.3,495.2,1.413990007137759,0.2986560477849677,0
18-300-00106,2025-10-21,0.0,0.0,2.099999999999993,3.699999999999993,41.03,6931.5,28.3,495.2,0.0,0.0,0
18-300-00106,2025-10-22,0.0,0.0,2.099999999999993,3.699999999999993,41.03,6931.5,28.3,495.2,0.0,0.0,0
18-300-00106,2025-10-23,0.0,0.16000000000000003,0.0,3.499999999999993,41.03,6931.5,28.3,495.2,0.0,0.0,0
18-300-00106,2025-10-24,0.2,4.32,0.1999999999999929,3.699999999999993,41.03,6931.5,28.3,495.2,0.13466571496550084,0.028443433122377876,0
18-300-00106,2025-10-25,5.4,0.0,5.599999999999993,7.699999999999994,41.03,6931.5,28.3,495.2,3.635974304068523,0.7679726943042027,0
18-300-00106,2025-10-26,0.0,0.0,5.599999999999993,7.699999999999994,41.03,6931.5,28.3,495.2,0.0,0.0,0
18-300-00106,2025-10-27,0.0,0.0,5.399999999999993,5.599999999999994,41.03,6931.5,28.3,495.2,0.0,0.0,0
18-300-00106,2025-10-28,0.0,1.7600000000000002,0.0,5.599999999999994,41.03,6931.5,28.3,495.2,0.0,0.0,0
18-300-00106,2025-10-29,2.2,14.0,2.199999999999993,7.7999999999999945,41.03,6931.5,28.3,495.2,1.4813228646205092,0.3128777643461566,0
18-300-00106,2025-10-30,17.5,23.12,19.699999999999992,25.299999999999994,41.03,6931.5,28.3,495.2,11.783250059481322,2.4888003982080638,0
18-300-00106,2025-10-31,28.9,49.04,48.599999999999994,53.99999999999999,41.03,6931.5,28.3,495.2,19.45919581251487,4.110076086183603,0
18-300-00106,2025-11-01,61.3,0.0,107.69999999999999,109.89999999999999,41.03,6931.5,28.3,495.2,41.275041636926005,8.717912252008817,1
18-300-00106,2025-11-02,0.0,0.08000000000000002,90.19999999999999,109.89999999999999,41.03,6931.5,28.3,495.2,0.0,0.0,0
18-300-00106,2025-11-03,0.1,0.0,61.4,109.99999999999999,41.03,6931.5,28.3,495.2,0.06733285748275042,0.014221716561188938,0
18-300-00106,2025-11-04,0.0,0.0,0.1,109.99999999999999,41.03,6931.5,28.3,495.2,0.0,0.0,0
18-300-00106,2025-11-05,0.0,0.48,0.1,107.79999999999998,41.03,6931.5,28.3,495.2,0.0,0.0,0
18-300-00106,2025-11-06,0.6,0.08000000000000002,0.6,90.89999999999999,41.03,6931.5,28.3,495.2,0.4039971448965025,0.08533029936713361,0
18-300-00106,2025-11-07,0.1,0.0,0.7,62.09999999999999,41.03,6931.5,28.3,495.2,0.06733285748275042,0.014221716561188938,0
18-300-00106,2025-11-08,0.0,0.0,0.7,0.7999999999999928,41.03,6931.5,28.3,495.2,0.0,0.0,0
18-300-00106,2025-11-09,0.0,0.0,0.1,0.7999999999999928,41.03,6931.5,28.3,495.2,0.0,0.0,0
18-300-00106,2025-11-10,0.0,0.0,0.0,0.6999999999999929,41.03,6931.5,28.3,495.2,0.0,0.0,0
18-300-00106,2025-11-11,0.0,0.0,0.0,0.6999999999999929,41.03,6931.5,28.3,495.2,0.0,0.0,0
18-300-00106,2025-11-12,0.0,0.0,0.0,0.6999999999999929,41.03,6931.5,28.3,495.2,0.0,0.0,0
18-300-00106,2025-11-13,0.0,0.24,0.0,0.0999999999999929,41.03,6931.5,28.3,495.2,0.0,0.0,0
18-300-00106,2025-11-14,0.3,0.0,0.3,0.2999999999999929,41.03,6931.5,28.3,495.2,0.20199857244825126,0.04266514968356681,0
18-300-00106,2025-11-15,0.0,0.0,0.3,0.2999999999999929,41.03,6931.5,28.3,495.2,0.0,0.0,0
18-300-00106,2025-11-16,0.0,0.0,0.3,0.2999999999999929,41.03,6931.5,28.3,495.2,0.0,0.0,0
18-300-00106,2025-11-17,0.0,0.0,0.0,0.2999999999999929,41.03,6931.5,28.3,495.2,0.0,0.0,0
18-300-00106,2025-11-18,0.0,0.0,0.0,0.2999999999999929,41.03,6931.5,28.3,495.2,0.0,0.0,0
18-300-00106,2025-11-19,0.0,0.0,0.0,0.2999999999999929,41.03,6931.5,28.3,495.2,0.0,0.0,0
18-300-00106,2025-11-20,0.0,0.5599999999999999,0.0,0.2999999999999929,41.03,6931.5,28.3,495.2,0.0,0.0,0
18-300-00106,2025-11-21,0.7,0.48,0.7,0.6999999999999929,41.03,6931.5,28.3,495.2,0.4713300023792529,0.09955201592832255,0
18-300-00106,2025-11-22,0.6,0.16000000000000003,1.2999999999999998,1.2999999999999927,41.03,6931.5,28.3,495.2,0.4039971448965025,0.08533029936713361,0
18-300-00106,2025-11-23,0.2,0.0,1.5,1.499999999999993,41.03,6931.5,28.3,495.2,0.13466571496550084,0.028443433122377876,0
18-300-00106,2025-11-24,0.0,0.0,0.8,1.499999999999993,41.03,6931.5,28.3,495.2,0.0,0.0,0
18-300-00106,2025-11-25,0.0,0.0,0.2,1.499999999999993,41.03,6931.5,28.3,495.2,0.0,0.0,0
18-300-00106,2025-11-26,0.0,0.0,0.0,1.499999999999993,41.03,6931.5,28.3,495.2,0.0,0.0,0
18-300-00106,2025-11-27,0.0,0.0,0.0,1.499999999999993,41.03,6931.5,28.3,495.2,0.0,0.0,0
18-300-00106,2025-11-28,0.0,0.0,0.0,0.7999999999999929,41.03,6931.5,28.3,495.2,0.0,0.0,0
18-300-00106,2025-11-29,0.0,0.0,0.0,0.1999999999999929,41.03,6931.5,28.3,495.2,0.0,0.0,0
18-300-00106,2025-11-30,0.0,0.0,0.0,0.0,41.03,6931.5,28.3,495.2,0.0,0.0,0
18-300-00106,2025-12-01,0.0,0.0,0.0,0.0,41.03,6931.5,28.3,495.2,0.0,0.0,0
18-300-00106,2025-12-02,0.0,0.0,0.0,0.0,41.03,6931.5,28.3,495.2,0.0,0.0,0
18-300-00106,2025-12-03,0.0,0.0,0.0,0.0,41.03,6931.5,28.3,495.2,0.0,0.0,0
18-300-00106,2025-12-04,0.0,0.0,0.0,0.0,41.03,6931.5,28.3,495.2,0.0,0.0,0
18-300-00106,2025-12-05,0.0,0.0,0.0,0.0,41.03,6931.5,28.3,495.2,0.0,0.0,0
18-300-00106,2025-12-06,0.0,0.0,0.0,0.0,41.03,6931.5,28.3,495.2,0.0,0.0,0
18-300-00106,2025-12-07,0.0,0.0,0.0,0.0,41.03,6931.5,28.3,495.2,0.0,0.0,0
18-300-00106,2025-12-08,0.0,0.0,0.0,0.0,41.03,6931.5,28.3,495.2,0.0,0.0,0
18-300-00106,2025-12-09,0.0,0.0,0.0,0.0,41.03,6931.5,28.3,495.2,0.0,0.0,0
18-300-00106,2025-12-10,0.0,0.0,0.0,0.0,41.03,6931.5,28.3,495.2,0.0,0.0,0
18-300-00106,2025-12-11,0.0,0.0,0.0,0.0,41.03,6931.5,28.3,495.2,0.0,0.0,0
18-300-00106,2025-12-12,0.0,0.0,0.0,0.0,41.03,6931.5,28.3,495.2,0.0,0.0,0
18-300-00106,2025-12-13,0.0,0.0,0.0,0.0,41.03,6931.5,28.3,495.2,0.0,0.0,0
18-300-00106,2025-12-14,0.0,0.0,0.0,0.0,41.03,6931.5,28.3,495.2,0.0,0.0,0
18-300-00106,2025-12-15,0.0,0.0,0.0,0.0,41.03,6931.5,28.3,495.2,0.0,0.0,0
18-300-00106,2025-12-16,0.0,0.0,0.0,0.0,41.03,6931.5,28.3,495.2,0.0,0.0,0
18-300-00106,2025-12-17,0.0,0.0,0.0,0.0,41.03,6931.5,28.3,495.2,0.0,0.0,0
18-300-00106,2025-12-18,0.0,0.0,0.0,0.0,41.03,6931.5,28.3,495.2,0.0,0.0,0
18-300-00106,2025-12-19,0.0,0.0,0.0,0.0,41.03,6931.5,28.3,495.2,0.0,0.0,0
18-300-00106,2025-12-20,0.0,0.0,0.0,0.0,41.03,6931.5,28.3,495.2,0.0,0.0,0
18-300-00106,2025-12-21,0.0,0.0,0.0,0.0,41.03,6931.5,28.3,495.2,0.0,0.0,0
18-300-00106,2025-12-22,0.0,0.0,0.0,0.0,41.03,6931.5,28.3,495.2,0.0,0.0,0
18-300-00106,2025-12-23,0.0,0.32000000000000006,0.0,0.0,41.03,6931.5,28.3,495.2,0.0,0.0,0
18-300-00106,2025-12-24,0.4,0.0,0.4,0.3999999999999929,41.03,6931.5,28.3,495.2,0.2693314299310017,0.05688686624475575,0
18-300-00106,2025-12-25,0.0,0.0,0.4,0.3999999999999929,41.03,6931.5,28.3,495.2,0.0,0.0,0
18-300-00106,2025-12-26,0.0,0.0,0.4,0.3999999999999929,41.03,6931.5,28.3,495.2,0.0,0.0,0
18-300-00106,2025-12-27,0.0,0.0,0.0,0.3999999999999929,41.03,6931.5,28.3,495.2,0.0,0.0,0
18-300-00106,2025-12-28,0.0,0.0,0.0,0.3999999999999929,41.03,6931.5,28.3,495.2,0.0,0.0,0
18-300-00106,2025-12-29,0.0,0.0,0.0,0.3999999999999929,41.03,6931.5,28.3,495.2,0.0,0.0,0
18-300-00106,2025-12-30,0.0,0.0,0.0,0.3999999999999929,41.03,6931.5,28.3,495.2,0.0,0.0,0
18-300-00106,2025-12-31,0.0,0.0,0.0,0.0,41.03,6931.5,28.3,495.2,0.0,0.0,0
18-300-00106,2026-01-01,0.0,0.0,0.0,0.0,41.03,6931.5,28.3,495.2,0.0,0.0,0
18-300-00106,2026-01-02,0.0,1.1199999999999999,0.0,0.0,41.03,6931.5,28.3,495.2,0.0,0.0,0
18-300-00106,2026-01-03,1.4,0.0,1.4,1.3999999999999928,41.03,6931.5,28.3,495.2,0.9426600047585058,0.1991040318566451,0
18-300-00106,2026-01-04,0.0,0.0,1.4,1.3999999999999928,41.03,6931.5,28.3,495.2,0.0,0.0,0
18-300-00106,2026-01-05,0.0,0.0,1.4,1.3999999999999928,41.03,6931.5,28.3,495.2,0.0,0.0,0
18-300-00106,2026-01-06,0.0,0.0,0.0,1.3999999999999928,41.03,6931.5,28.3,495.2,0.0,0.0,0
18-300-00106,2026-01-07,0.0,0.0,0.0,1.3999999999999928,41.03,6931.5,28.3,495.2,0.0,0.0,0
18-300-00106,2026-01-08,0.0,0.0,0.0,1.3999999999999928,41.03,6931.5,28.3,495.2,0.0,0.0,0
18-300-00106,2026-01-09,0.0,0.0,0.0,1.3999999999999928,41.03,6931.5,28.3,495.2,0.0,0.0,0
18-300-00106,2026-01-10,0.0,0.0,0.0,0.0,41.03,6931.5,28.3,495.2,0.0,0.0,0
18-300-00106,2026-01-11,0.0,0.0,0.0,0.0,41.03,6931.5,28.3,495.2,0.0,0.0,0
18-300-00106,2026-01-12,0.0,0.0,0.0,0.0,41.03,6931.5,28.3,495.2,0.0,0.0,0
18-300-00106,2026-01-13,0.0,0.0,0.0,0.0,41.03,6931.5,28.3,495.2,0.0,0.0,0
18-300-00106,2026-01-14,0.0,0.0,0.0,0.0,41.03,6931.5,28.3,495.2,0.0,0.0,0
18-300-00106,2026-01-15,0.0,0.0,0.0,0.0,41.03,6931.5,28.3,495.2,0.0,0.0,0
18-300-00106,2026-01-16,0.0,0.0,0.0,0.0,41.03,6931.5,28.3,495.2,0.0,0.0,0
18-300-00106,2026-01-17,0.0,0.0,0.0,0.0,41.03,6931.5,28.3,495.2,0.0,0.0,0
18-300-00106,2026-01-18,0.0,0.0,0.0,0.0,41.03,6931.5,28.3,495.2,0.0,0.0,0
18-300-00106,2026-01-19,0.0,0.32000000000000006,0.0,0.0,41.03,6931.5,28.3,495.2,0.0,0.0,0
18-300-00106,2026-01-20,0.4,0.24,0.4,0.3999999999999929,41.03,6931.5,28.3,495.2,0.2693314299310017,0.05688686624475575,0
18-300-00106,2026-01-21,0.3,0.0,0.7,0.6999999999999929,41.03,6931.5,28.3,495.2,0.20199857244825126,0.04266514968356681,0
18-300-00106,2026-01-22,0.0,0.0,0.7,0.6999999999999929,41.03,6931.5,28.3,495.2,0.0,0.0,0
18-300-00106,2026-01-23,0.0,0.0,0.3,0.6999999999999929,41.03,6931.5,28.3,495.2,0.0,0.0,0
18-300-00106,2026-01-24,0.0,0.0,0.0,0.6999999999999929,41.03,6931.5,28.3,495.2,0.0,0.0,0
18-300-00106,2026-01-25,0.0,0.0,0.0,0.6999999999999929,41.03,6931.5,28.3,495.2,0.0,0.0,0
18-300-00106,2026-01-26,0.0,0.0,0.0,0.6999999999999929,41.03,6931.5,28.3,495.2,0.0,0.0,0
18-300-00106,2026-01-27,0.0,0.0,0.0,0.2999999999999929,41.03,6931.5,28.3,495.2,0.0,0.0,0
18-300-00106,2026-01-28,0.0,0.0,0.0,0.0,41.03,6931.5,28.3,495.2,0.0,0.0,0
18-300-00106,2026-01-29,0.0,0.0,0.0,0.0,41.03,6931.5,28.3,495.2,0.0,0.0,0
18-300-00106,2026-01-30,0.0,0.0,0.0,0.0,41.03,6931.5,28.3,495.2,0.0,0.0,0
18-300-00106,2026-01-31,0.0,0.0,0.0,0.0,41.03,6931.5,28.3,495.2,0.0,0.0,0
18-300-00106,2026-02-01,0.0,0.0,0.0,0.0,41.03,6931.5,28.3,495.2,0.0,0.0,0
18-300-00106,2026-02-02,0.0,0.0,0.0,0.0,41.03,6931.5,28.3,495.2,0.0,0.0,0
18-300-00106,2026-02-03,0.0,0.0,0.0,0.0,41.03,6931.5,28.3,495.2,0.0,0.0,0
18-300-00106,2026-02-04,0.0,0.0,0.0,0.0,41.03,6931.5,28.3,495.2,0.0,0.0,0
18-300-00106,2026-02-05,0.0,0.0,0.0,0.0,41.03,6931.5,28.3,495.2,0.0,0.0,0
18-300-00106,2026-02-06,0.0,0.0,0.0,0.0,41.03,6931.5,28.3,495.2,0.0,0.0,0
18-300-00106,2026-02-07,0.0,0.0,0.0,0.0,41.03,6931.5,28.3,495.2,0.0,0.0,0
18-300-00106,2026-02-08,0.0,0.0,0.0,0.0,41.03,6931.5,28.3,495.2,0.0,0.0,0
18-300-00106,2026-02-09,0.0,0.0,0.0,0.0,41.03,6931.5,28.3,495.2,0.0,0.0,0
18-300-00106,2026-02-10,0.0,0.0,0.0,0.0,41.03,6931.5,28.3,495.2,0.0,0.0,0
18-300-00106,2026-02-11,0.0,0.0,0.0,0.0,41.03,6931.5,28.3,495.2,0.0,0.0,0
18-300-00106,2026-02-12,0.0,0.0,0.0,0.0,41.03,6931.5,28.3,495.2,0.0,0.0,0
18-300-00106,2026-02-13,0.0,0.0,0.0,0.0,41.03,6931.5,28.3,495.2,0.0,0.0,0
18-300-00106,2026-02-14,0.0,0.0,0.0,0.0,41.03,6931.5,28.3,495.2,0.0,0.0,0
18-300-00106,2026-02-15,0.0,0.0,0.0,0.0,41.03,6931.5,28.3,495.2,0.0,0.0,0
18-300-00106,2026-02-16,0.0,0.0,0.0,0.0,41.03,6931.5,28.3,495.2,0.0,0.0,0
18-300-00106,2026-02-17,0.0,0.0,0.0,0.0,41.03,6931.5,28.3,495.2,0.0,0.0,0
18-300-00106,2026-02-18,0.0,0.0,0.0,0.0,41.03,6931.5,28.3,495.2,0.0,0.0,0
18-300-00106,2026-02-19,0.0,0.0,0.0,0.0,41.03,6931.5,28.3,495.2,0.0,0.0,0
18-300-00106,2026-02-20,0.0,0.0,0.0,0.0,41.03,6931.5,28.3,495.2,0.0,0.0,0
18-300-00106,2026-02-21,0.0,0.0,0.0,0.0,41.03,6931.5,28.3,495.2,0.0,0.0,0
18-300-00106,2026-02-22,0.0,0.0,0.0,0.0,41.03,6931.5,28.3,495.2,0.0,0.0,0
18-300-00106,2026-02-23,0.0,0.24,0.0,0.0,41.03,6931.5,28.3,495.2,0.0,0.0,0
18-300-00106,2026-02-24,0.3,0.16000000000000003,0.3,0.2999999999999929,41.03,6931.5,28.3,495.2,0.20199857244825126,0.04266514968356681,0
18-300-00106,2026-02-25,0.2,0.0,0.5,0.4999999999999929,41.03,6931.5,28.3,495.2,0.13466571496550084,0.028443433122377876,0
18-300-00106,2026-02-26,0.0,0.0,0.5,0.4999999999999929,41.03,6931.5,28.3,495.2,0.0,0.0,0
18-300-00106,2026-02-27,0.0,0.0,0.2,0.4999999999999929,41.03,6931.5,28.3,495.2,0.0,0.0,0
18-300-00106,2026-02-28,0.0,1.36,0.0,0.4999999999999929,41.03,6931.5,28.3,495.2,0.0,0.0,0
18-300-00106,2026-03-01,1.7,0.0,1.7,2.199999999999993,41.03,6931.5,28.3,495.2,1.144658577206757,0.24176918154021193,0
18-300-00106,2026-03-02,0.0,0.0,1.7,2.199999999999993,41.03,6931.5,28.3,495.2,0.0,0.0,0
18-300-00106,2026-03-03,0.0,0.0,1.7,1.8999999999999928,41.03,6931.5,28.3,495.2,0.0,0.0,0
18-300-00106,2026-03-04,0.0,0.0,0.0,1.6999999999999929,41.03,6931.5,28.3,495.2,0.0,0.0,0
18-300-00106,2026-03-05,0.0,0.0,0.0,1.6999999999999929,41.03,6931.5,28.3,495.2,0.0,0.0,0
18-300-00106,2026-03-06,0.0,0.0,0.0,1.6999999999999929,41.03,6931.5,28.3,495.2,0.0,0.0,0
18-300-00106,2026-03-07,0.0,0.0,0.0,1.6999999999999929,41.03,6931.5,28.3,495.2,0.0,0.0,0
18-300-00106,2026-03-08,0.0,10.08,0.0,0.0,41.03,6931.5,28.3,495.2,0.0,0.0,0
18-300-00106,2026-03-09,12.6,0.08000000000000002,12.6,12.599999999999993,41.03,6931.5,28.3,495.2,8.483940042826552,1.7919362867098059,0
18-300-00106,2026-03-10,0.1,0.0,12.7,12.699999999999992,41.03,6931.5,28.3,495.2,0.06733285748275042,0.014221716561188938,0
18-300-00106,2026-03-11,0.0,1.2800000000000002,12.7,12.699999999999992,41.03,6931.5,28.3,495.2,0.0,0.0,0
18-300-00106,2026-03-12,1.6,48.400000000000006,1.7000000000000002,14.299999999999994,41.03,6931.5,28.3,495.2,1.0773257197240067,0.227547464979023,0
18-300-00106,2026-03-13,60.5,20.64,62.1,74.8,41.03,6931.5,28.3,495.2,40.736378777064004,8.604138519519307,1
18-300-00106,2026-03-14,25.8,3.7600000000000002,87.9,100.6,41.03,6931.5,28.3,495.2,17.371877230549607,3.669202872786746,0
18-300-00106,2026-03-15,4.7,32.72,91.00000000000001,105.3,41.03,6931.5,28.3,495.2,3.16464430168927,0.66842067837588,0
18-300-00106,2026-03-16,40.9,0.0,71.4,133.6,41.03,6931.5,28.3,495.2,27.53913871044492,5.816682073526275,0
18-300-00106,2026-03-17,0.0,7.2,45.6,133.5,41.03,6931.5,28.3,495.2,0.0,0.0,0
18-300-00106,2026-03-18,9.0,3.12,49.9,142.5,41.03,6931.5,28.3,495.2,6.059957173447538,1.2799544905070044,0
18-300-00106,2026-03-19,3.9,14.480000000000002,12.9,144.79999999999998,41.03,6931.5,28.3,495.2,2.6259814418272662,0.5546469458863685,0
18-300-00106,2026-03-20,18.1,5.920000000000001,31.0,102.4,41.03,6931.5,28.3,495.2,12.187247204377826,2.574130697575198,0
18-300-00106,2026-03-21,7.4,0.0,29.4,84.0,41.03,6931.5,28.3,495.2,4.982631453723531,1.0524070255279814,0
18-300-00106,2026-03-22,0.0,0.4,25.5,79.3,41.03,6931.5,28.3,495.2,0.0,0.0,0
18-300-00106,2026-03-23,0.5,9.68,7.9,38.9,41.03,6931.5,28.3,495.2,0.3366642874137521,0.07110858280594469,0
18-300-00106,2026-03-24,12.1,0.8800000000000001,12.6,51.0,41.03,6931.5,28.3,495.2,8.1472757554128,1.7208277039038613,0
18-300-00106,2026-03-25,1.1,0.0,13.7,43.1,41.03,6931.5,28.3,495.2,0.7406614323102546,0.1564388821730783,0
18-300-00106,2026-03-26,0.0,0.08000000000000002,13.2,39.2,41.03,6931.5,28.3,495.2,0.0,0.0,0
18-300-00106,2026-03-27,0.1,22.16,1.2000000000000002,21.2,41.03,6931.5,28.3,495.2,0.06733285748275042,0.014221716561188938,0
18-300-00106,2026-03-28,27.7,4.4799999999999995,27.8,41.5,41.03,6931.5,28.3,495.2,18.651201522721863,3.9394154874493355,0
18-300-00106,2026-03-29,5.6,0.8,33.4,47.099999999999994,41.03,6931.5,28.3,495.2,3.770640019034023,0.7964161274265804,0
18-300-00106,2026-03-30,1.0,5.120000000000001,34.3,47.599999999999994,41.03,6931.5,28.3,495.2,0.6733285748275042,0.14221716561188938,0
18-300-00106,2026-03-31,6.4,20.0,13.0,41.89999999999999,41.03,6931.5,28.3,495.2,4.309302878896027,0.910189859916092,0
18-300-00106,2026-04-01,25.0,0.16000000000000003,32.4,65.8,41.03,6931.5,28.3,495.2,16.833214370687603,3.555429140297234,0
18-300-00106,2026-04-02,0.2,0.7200000000000001,31.599999999999998,66.0,41.03,6931.5,28.3,495.2,0.13466571496550084,0.028443433122377876,0
18-300-00106,2026-04-03,0.9,0.24,26.099999999999998,66.8,41.03,6931.5,28.3,495.2,0.6059957173447538,0.12799544905070043,0
18-300-00106,2026-04-04,0.3,0.0,1.3999999999999966,39.4,41.03,6931.5,28.3,495.2,0.20199857244825126,0.04266514968356681,0
18-300-00106,2026-04-05,0.0,0.4,1.1999999999999966,33.8,41.03,6931.5,28.3,495.2,0.0,0.0,0
18-300-00106,2026-04-06,0.5,0.08000000000000002,0.7999999999999965,33.3,41.03,6931.5,28.3,495.2,0.3366642874137521,0.07110858280594469,0
18-300-00106,2026-04-07,0.1,7.040000000000001,0.5999999999999964,26.999999999999996,41.03,6931.5,28.3,495.2,0.06733285748275042,0.014221716561188938,0
18-300-00106,2026-04-08,8.8,11.76,9.399999999999997,10.799999999999997,41.03,6931.5,28.3,495.2,5.925291458482037,1.2515110573846264,0
18-300-00106,2026-04-09,14.7,2.8000000000000003,23.599999999999994,25.299999999999997,41.03,6931.5,28.3,495.2,9.89793004996431,2.0905923344947737,0
18-300-00106,2026-04-10,3.5,0.0,26.999999999999993,27.899999999999995,41.03,6931.5,28.3,495.2,2.3566500118962646,0.4977600796416128,0
18-300-00106,2026-04-11,0.0,0.7200000000000001,18.199999999999996,27.599999999999998,41.03,6931.5,28.3,495.2,0.0,0.0,0
18-300-00106,2026-04-12,0.9,0.0,4.399999999999997,28.499999999999996,41.03,6931.5,28.3,495.2,0.6059957173447538,0.12799544905070043,0
18-300-00106,2026-04-13,0.0,1.4400000000000002,0.8999999999999965,27.999999999999996,41.03,6931.5,28.3,495.2,0.0,0.0,0
18-300-00106,2026-04-14,1.8,6.56,2.6999999999999966,29.699999999999996,41.03,6931.5,28.3,495.2,1.2119914346895075,0.25599089810140085,0
18-300-00106,2026-04-15,8.2,7.040000000000001,9.999999999999996,29.099999999999994,41.03,6931.5,28.3,495.2,5.521294313585534,1.1661807580174928,0
18-300-00106,2026-04-16,8.8,2.4800000000000004,18.799999999999997,23.199999999999996,41.03,6931.5,28.3,495.2,5.925291458482037,1.2515110573846264,0
18-300-00106,2026-04-17,3.1,27.360000000000003,20.099999999999998,22.799999999999997,41.03,6931.5,28.3,495.2,2.087318581965263,0.44087321339685703,0
18-300-00106,2026-04-18,34.2,48.800000000000004,46.1,57.0,41.03,6931.5,28.3,495.2,23.027837259100643,4.863827063926617,0
18-300-00106,2026-04-19,61.0,34.96,98.3,117.1,41.03,6931.5,28.3,495.2,41.07304306447775,8.675247102325251,1
18-300-00106,2026-04-20,43.7,22.240000000000002,138.9,160.8,41.03,6931.5,28.3,495.2,29.424458719961933,6.214890137239566,0
18-300-00106,2026-04-21,27.8,6.32,132.5,186.79999999999998,41.03,6931.5,28.3,495.2,18.718534380204616,3.9536372040105245,0
18-300-00106,2026-04-22,7.9,0.4,79.4,186.5,41.03,6931.5,28.3,495.2,5.319295741137283,1.123515608333926,0
18-300-00106,2026-04-23,0.5,5.36,36.2,178.2,41.03,6931.5,28.3,495.2,0.3366642874137521,0.07110858280594469,0
18-300-00106,2026-04-24,6.7,1.6,15.100000000000001,181.8,41.03,6931.5,28.3,495.2,4.511301451344278,0.9528550095996587,0
18-300-00106,2026-04-25,2.0,17.44,9.2,149.60000000000002,41.03,6931.5,28.3,495.2,1.3466571496550084,0.28443433122377876,0
18-300-00106,2026-04-26,21.8,27.92,30.5,110.4,41.03,6931.5,28.3,495.2,14.678562931239592,3.1003342103391884,0
18-300-00106,2026-04-27,34.9,2.72,58.7,101.6,41.03,6931.5,28.3,495.2,23.499167261479894,4.963379079854938,0
18-300-00106,2026-04-28,3.4,9.36,60.099999999999994,77.2,41.03,6931.5,28.3,495.2,2.289317154413514,0.48353836308042386,0
18-300-00106,2026-04-29,11.7,4.5600000000000005,50.0,81.0,41.03,6931.5,28.3,495.2,7.877944325481799,1.6639408376591054,0
18-300-00106,2026-04-30,5.7,12.4,20.799999999999994,86.2,41.03,6931.5,28.3,495.2,3.8379728765167735,0.8106378439877694,0
18-300-00106,2026-05-01,15.5,14.880000000000003,32.89999999999999,95.0,41.03,6931.5,28.3,495.2,10.436592909826315,2.204366066984285,0
18-300-00106,2026-05-02,18.6,0.7200000000000001,39.8,111.60000000000001,41.03,6931.5,28.3,495.2,12.52391149179158,2.6452392803811424,0
18-300-00106,2026-05-03,0.9,4.64,35.0,90.7,41.03,6931.5,28.3,495.2,0.6059957173447538,0.12799544905070043,0
18-300-00106,2026-05-04,5.8,4.08,25.299999999999994,61.6,41.03,6931.5,28.3,495.2,3.9053057339995236,0.8248595605489583,0
18-300-00106,2026-05-05,5.1,12.08,11.799999999999994,63.300000000000004,41.03,6931.5,28.3,495.2,3.433975731620271,0.7253075446206357,0
18-300-00106,2026-05-06,15.1,0.0,25.999999999999993,66.7,41.03,6931.5,28.3,495.2,10.167261479895313,2.1474792007395296,0
18-300-00106,2026-05-07,0.0,1.36,20.19999999999999,61.0,41.03,6931.5,28.3,495.2,0.0,0.0,0
18-300-00106,2026-05-08,1.7,0.24,16.799999999999994,47.2,41.03,6931.5,28.3,495.2,1.144658577206757,0.24176918154021193,0
18-300-00106,2026-05-09,0.3,10.4,1.9999999999999911,28.9,41.03,6931.5,28.3,495.2,0.20199857244825126,0.04266514968356681,0
18-300-00106,2026-05-10,13.0,13.440000000000001,14.999999999999991,41.0,41.03,6931.5,28.3,495.2,8.753271472757556,1.8488231529545618,0
18-300-00106,2026-05-11,16.8,11.120000000000001,30.099999999999994,52.0,41.03,6931.5,28.3,495.2,11.311920057102071,2.3892483822797415,0
18-300-00106,2026-05-12,13.9,46.400000000000006,43.69999999999999,60.800000000000004,41.03,6931.5,28.3,495.2,9.359267190102308,1.9768186020052623,0
18-300-00106,2026-05-13,58.0,55.84,88.69999999999999,103.7,41.03,6931.5,28.3,495.2,39.05305733999524,8.248595605489584,1
18-300-00106,2026-05-14,69.8,13.040000000000001,141.7,173.5,41.03,6931.5,28.3,495.2,46.99833452295979,9.926758159709877,1
18-300-00106,2026-05-15,16.3,27.52,144.1,188.10000000000002,41.03,6931.5,28.3,495.2,10.975255769688317,2.318139799473797,0
18-300-00106,2026-05-16,34.4,32.64,120.49999999999999,222.2,41.03,6931.5,28.3,495.2,23.162502974066143,4.892270497048994,0
18-300-00106,2026-05-17,40.8,9.28,91.49999999999999,250.0,41.03,6931.5,28.3,495.2,27.471805852962166,5.802460356965086,0
18-300-00106,2026-05-18,11.6,1.52,86.79999999999998,244.79999999999998,41.03,6931.5,28.3,495.2,7.810611467999047,1.6497191210979165,0
18-300-00106,2026-05-19,1.9,1.2800000000000002,54.29999999999998,232.8,41.03,6931.5,28.3,495.2,1.2793242921722578,0.2702126146625898,0
18-300-00106,2026-05-20,1.6,13.840000000000002,15.099999999999985,176.4,41.03,6931.5,28.3,495.2,1.0773257197240067,0.227547464979023,0
18-300-00106,2026-05-21,17.3,11.920000000000002,20.799999999999986,123.9,41.03,6931.5,28.3,495.2,11.648584344515822,2.460356965085686,0
18-300-00106,2026-05-22,14.9,24.560000000000002,33.79999999999999,122.5,41.03,6931.5,28.3,495.2,10.032595764929813,2.1190357676171514,0
18-300-00106,2026-05-23,30.7,37.6,62.899999999999984,118.8,41.03,6931.5,28.3,495.2,20.671187247204376,4.366066984285004,0
18-300-00106,2026-05-24,47.0,37.68,92.59999999999998,125.0,41.03,6931.5,28.3,495.2,31.646443016892697,6.684206783758801,0
18-300-00106,2026-05-25,47.1,2.4000000000000004,124.79999999999998,160.5,41.03,6931.5,28.3,495.2,31.713775874375447,6.69842850031999,0
18-300-00106,2026-05-26,3.0,0.32000000000000006,97.1,161.6,41.03,6931.5,28.3,495.2,2.019985724482513,0.4266514968356681,0
18-300-00106,2026-05-27,0.4,9.28,50.499999999999986,160.4,41.03,6931.5,28.3,495.2,0.2693314299310017,0.05688686624475575,0
18-300-00106,2026-05-28,11.6,0.0,14.999999999999986,154.7,41.03,6931.5,28.3,495.2,7.810611467999047,1.6497191210979165,0
18-300-00106,2026-05-29,0.0,4.0,11.999999999999986,139.79999999999998,41.03,6931.5,28.3,495.2,0.0,0.0,0
18-300-00106,2026-05-30,5.0,0.7200000000000001,16.599999999999987,114.1,41.03,6931.5,28.3,495.2,3.3666428741375207,0.7110858280594469,0
18-300-00106,2026-05-31,0.9,0.24,5.899999999999986,68.0,41.03,6931.5,28.3,495.2,0.6059957173447538,0.12799544905070043,0
18-300-00106,2026-06-01,0.3,0.8800000000000001,6.199999999999986,21.2,41.03,6931.5,28.3,495.2,0.20199857244825126,0.04266514968356681,0
18-300-00106,2026-06-02,1.1,12.96,2.2999999999999856,19.3,41.03,6931.5,28.3,495.2,0.7406614323102546,0.1564388821730783,0
18-300-00106,2026-06-03,16.2,25.84,17.599999999999984,35.1,41.03,6931.5,28.3,495.2,10.907922912205567,2.303918082912608,0
18-300-00106,2026-06-04,32.3,20.16,49.59999999999998,55.8,41.03,6931.5,28.3,495.2,21.74851296692838,4.5936144492640265,0
18-300-00106,2026-06-05,25.2,21.36,73.69999999999997,81.0,41.03,6931.5,28.3,495.2,16.967880085653103,3.5838725734196117,0
18-300-00106,2026-06-06,26.7,10.08,84.19999999999999,102.69999999999999,41.03,6931.5,28.3,495.2,17.97787294789436,3.797198321837446,0
18-300-00106,2026-06-07,12.6,21.36,64.49999999999999,114.39999999999999,41.03,6931.5,28.3,495.2,8.483940042826552,1.7919362867098059,0
18-300-00106,2026-06-08,26.7,63.6,65.99999999999997,140.79999999999998,41.03,6931.5,28.3,495.2,17.97787294789436,3.797198321837446,0
18-300-00106,2026-06-09,79.5,14.240000000000002,118.79999999999998,219.2,41.03,6931.5,28.3,495.2,53.52962169878658,11.306264666145205,1
18-300-00106,2026-06-10,17.8,14.4,123.99999999999999,220.8,41.03,6931.5,28.3,495.2,11.985248631929574,2.531465547891631,0
18-300-00106,2026-06-11,18.0,10.4,115.29999999999998,206.5,41.03,6931.5,28.3,495.2,12.119914346895076,2.5599089810140088,0
18-300-00106,2026-06-12,13.0,5.36,48.79999999999998,194.3,41.03,6931.5,28.3,495.2,8.753271472757556,1.8488231529545618,0
18-300-00106,2026-06-13,6.7,13.12,37.69999999999999,174.29999999999998,41.03,6931.5,28.3,495.2,4.511301451344278,0.9528550095996587,0
18-300-00106,2026-06-14,16.4,15.92,36.09999999999998,178.1,41.03,6931.5,28.3,495.2,11.042588627171067,2.3323615160349855,0
18-300-00106,2026-06-15,19.9,15.280000000000001,42.999999999999986,171.3,41.03,6931.5,28.3,495.2,13.399238639067331,2.8301215956765984,0
18-300-00106,2026-06-16,19.1,11.840000000000002,55.39999999999998,110.9,41.03,6931.5,28.3,495.2,12.86057577920533,2.716347863187087,0
18-300-00106,2026-06-17,14.8,25.040000000000003,53.79999999999999,107.9,41.03,6931.5,28.3,495.2,9.965262907447062,2.1048140510559628,0
18-300-00106,2026-06-18,31.3,2.08,65.19999999999999,121.2,41.03,6931.5,28.3,495.2,21.07518439210088,4.451397283652137,0
18-300-00106,2026-06-19,2.6,30.64,48.69999999999998,110.8,41.03,6931.5,28.3,495.2,1.7506542945515107,0.36976463059091236,0
18-300-00106,2026-06-20,38.3,46.56,72.19999999999999,142.4,41.03,6931.5,28.3,495.2,25.788484415893407,5.446917442935362,0
18-300-00106,2026-06-21,58.2,27.92,99.1,184.2,41.03,6931.5,28.3,495.2,39.18772305496075,8.277039038611962,1
18-300-00106,2026-06-22,34.9,29.92,131.39999999999998,199.20000000000002,41.03,6931.5,28.3,495.2,23.499167261479894,4.963379079854938,0
18-300-00106,2026-06-23,37.4,21.36,130.5,217.5,41.03,6931.5,28.3,495.2,25.182488698548656,5.318921993884662,0
18-300-00106,2026-06-24,26.7,13.92,98.99999999999997,229.4,41.03,6931.5,28.3,495.2,17.97787294789436,3.797198321837446,0
18-300-00106,2026-06-25,17.4,21.52,81.49999999999999,215.5,41.03,6931.5,28.3,495.2,11.715917201998572,2.4745786816468747,0
18-300-00106,2026-06-26,26.9,22.72,70.99999999999999,239.8,41.03,6931.5,28.3,495.2,18.112538662859862,3.8256417549598236,0
18-300-00106,2026-06-27,28.4,22.8,72.69999999999997,229.89999999999998,41.03,6931.5,28.3,495.2,19.122531525101117,4.038967503377658,0
18-300-00106,2026-06-28,28.5,39.04,83.79999999999998,200.2,41.03,6931.5,28.3,495.2,19.18986438258387,4.053189219938847,0
18-300-00106,2026-06-29,48.8,4.5600000000000005,105.69999999999997,214.1,41.03,6931.5,28.3,495.2,32.8584344515822,6.940197681860201,0
18-300-00106,2026-06-30,5.7,13.92,82.99999999999999,182.39999999999998,41.03,6931.5,28.3,495.2,3.8379728765167735,0.8106378439877694,0
18-300-00106,2026-07-01,17.4,5.44,71.89999999999998,173.1,41.03,6931.5,28.3,495.2,11.715917201998572,2.4745786816468747,0
18-300-00106,2026-07-02,6.8,5.68,29.899999999999984,162.5,41.03,6931.5,28.3,495.2,4.578634308827028,0.9670767261608477,0
18-300-00106,2026-07-03,7.1,5.920000000000001,31.299999999999983,142.7,41.03,6931.5,28.3,495.2,4.780632881275279,1.0097418758444145,0
18-300-00106,2026-07-04,7.4,23.28,21.299999999999986,121.69999999999999,41.03,6931.5,28.3,495.2,4.982631453723531,1.0524070255279814,0
18-300-00106,2026-07-05,29.1,38.400000000000006,43.59999999999999,122.3,41.03,6931.5,28.3,495.2,19.593861527480374,4.138519519305981,0
18-300-00106,2026-07-06,48.0,10.16,84.49999999999999,121.5,41.03,6931.5,28.3,495.2,32.319771591720205,6.82642394937069,0
18-300-00106,2026-07-07,12.7,17.2,89.8,128.5,41.03,6931.5,28.3,495.2,8.551272900309302,1.806158003270995,0
18-300-00106,2026-07-08,21.5,20.0,82.19999999999999,132.6,41.03,6931.5,28.3,495.2,14.47656435879134,3.0576690606556216,0
18-300-00106,2026-07-09,25.0,6.08,59.19999999999999,150.8,41.03,6931.5,28.3,495.2,16.833214370687603,3.555429140297234,0
18-300-00106,2026-07-10,7.6,36.160000000000004,54.09999999999998,151.3,41.03,6931.5,28.3,495.2,5.117297168689031,1.0808504586503591,0
18-300-00106,2026-07-11,45.2,107.84000000000002,77.79999999999998,189.10000000000002,41.03,6931.5,28.3,495.2,30.434451582203188,6.4282158856574,0
18-300-00106,2026-07-12,134.8,169.52,187.6,294.8,41.03,6931.5,28.3,495.2,90.76469188674757,19.170873924482688,1
18-300-00106,2026-07-13,211.9,7.2,391.9,458.70000000000005,41.03,6931.5,28.3,495.2,142.67832500594812,30.135817393159357,1
18-300-00106,2026-07-14,9.0,12.8,355.70000000000005,455.0,41.03,6931.5,28.3,495.2,6.059957173447538,1.2799544905070044,0
18-300-00106,2026-07-15,16.0,5.04,236.9,449.5,41.03,6931.5,28.3,495.2,10.773257197240067,2.27547464979023,0
18-300-00106,2026-07-16,6.3,26.0,31.3,430.8,41.03,6931.5,28.3,495.2,4.241970021413276,0.8959681433549029,0
18-300-00106,2026-07-17,32.5,24.16,54.8,455.7,41.03,6931.5,28.3,495.2,21.883178681893884,4.622057882386405,0
18-300-00106,2026-07-18,30.2,32.480000000000004,69.0,440.7,41.03,6931.5,28.3,495.2,20.334522959790625,4.294958401479059,0
18-300-00106,2026-07-19,40.6,27.04,103.3,346.5,41.03,6931.5,28.3,495.2,27.33714013799667,5.774016923842709,0
18-300-00106,2026-07-20,33.8,3.2,104.6,168.39999999999998,41.03,6931.5,28.3,495.2,22.75850582916964,4.80694019768186,0
18-300-00106,2026-07-21,4.0,20.480000000000004,78.39999999999999,163.39999999999998,41.03,6931.5,28.3,495.2,2.6933142993100168,0.5688686624475575,0
18-300-00106,2026-07-22,25.6,6.640000000000001,63.4,173.0,41.03,6931.5,28.3,495.2,17.237211515584107,3.640759439664368,0
18-300-00106,2026-07-23,8.3,2.16,37.900000000000006,174.99999999999997,41.03,6931.5,28.3,495.2,5.588627171068285,1.1804024745786819,0
18-300-00106,2026-07-24,2.7,0.32000000000000006,36.6,145.20000000000002,41.03,6931.5,28.3,495.2,1.8179871520342614,0.38398634715210134,0
18-300-00106,2026-07-25,0.4,0.7200000000000001,11.4,115.39999999999999,41.03,6931.5,28.3,495.2,0.2693314299310017,0.05688686624475575,0
18-300-00106,2026-07-26,0.9,5.760000000000001,4.0,75.7,41.03,6931.5,28.3,495.2,0.6059957173447538,0.12799544905070043,0
18-300-00106,2026-07-27,7.2,0.48,8.5,49.1,41.03,6931.5,28.3,495.2,4.84796573875803,1.0239635924056034,0
18-300-00106,2026-07-28,0.6,18.48,8.7,45.7,41.03,6931.5,28.3,495.2,0.4039971448965025,0.08533029936713361,0
18-300-00106,2026-07-29,23.1,17.2,30.900000000000002,43.2,41.03,6931.5,28.3,495.2,15.553890078515346,3.2852165256346444,0
18-300-00106,2026-07-30,21.5,13.36,45.2,56.400000000000006,41.03,6931.5,28.3,495.2,14.47656435879134,3.0576690606556216,0
18-300-00106,2026-07-31,16.7,10.4,61.3,70.4,41.03,6931.5,28.3,495.2,11.24458719961932,2.3750266657185524,0
18-300-00106,2026-08-01,13.0,28.0,51.2,83.0,41.03,6931.5,28.3,495.2,8.753271472757556,1.8488231529545618,0
18-300-00106,2026-08-02,35.0,20.560000000000002,64.7,117.10000000000001,41.03,6931.5,28.3,495.2,23.566500118962644,4.9776007964161275,0
18-300-00106,2026-08-03,25.7,33.2,73.7,135.6,41.03,6931.5,28.3,495.2,17.304544373066854,3.6549811562255567,0
18-300-00106,2026-08-04,41.5,23.040000000000003,102.2,176.5,41.03,6931.5,28.3,495.2,27.943135855341424,5.902012372893409,0
18-300-00106,2026-08-05,28.8,2.5600000000000005,96.0,182.2,41.03,6931.5,28.3,495.2,19.39186295503212,4.095854369622414,0
18-300-00106,2026-08-06,3.2,2.08,73.5,163.9,41.03,6931.5,28.3,495.2,2.1546514394480134,0.455094929958046,0
18-300-00106,2026-08-07,2.6,7.28,34.6,149.8,41.03,6931.5,28.3,495.2,1.7506542945515107,0.36976463059091236,0
18-300-00106,2026-08-08,9.1,12.240000000000002,14.9,145.9,41.03,6931.5,28.3,495.2,6.127290030930287,1.2941762070681933,0
18-300-00106,2026-08-09,15.3,0.8,27.0,126.2,41.03,6931.5,28.3,495.2,10.301927194860813,2.1759226338619073,0
18-300-00106,2026-08-10,1.0,0.08000000000000002,25.400000000000002,101.5,41.03,6931.5,28.3,495.2,0.6733285748275042,0.14221716561188938,0
18-300-00106,2026-08-11,0.1,1.6,16.400000000000002,60.1,41.03,6931.5,28.3,495.2,0.06733285748275042,0.014221716561188938,0
18-300-00106,2026-08-12,2.0,2.4000000000000004,3.1,33.300000000000004,41.03,6931.5,28.3,495.2,1.3466571496550084,0.28443433122377876,0
18-300-00106,2026-08-13,3.0,9.040000000000001,5.1,33.1,41.03,6931.5,28.3,495.2,2.019985724482513,0.4266514968356681,0
18-300-00106,2026-08-14,11.3,3.28,16.3,41.8,41.03,6931.5,28.3,495.2,7.608612895550797,1.60705397141435,0
18-300-00106,2026-08-15,4.1,1.2000000000000002,18.4,36.8,41.03,6931.5,28.3,495.2,2.760647156792767,0.5830903790087464,0
18-300-00106,2026-08-16,1.5,31.6,16.9,23.0,41.03,6931.5,28.3,495.2,1.0099928622412564,0.21332574841783405,0
18-300-00106,2026-08-17,39.5,7.76,45.099999999999994,61.5,41.03,6931.5,28.3,495.2,26.596478705686415,5.61757804166963,0
18-300-00106,2026-08-18,9.7,0.5599999999999999,50.69999999999999,71.1,41.03,6931.5,28.3,495.2,6.53128717582679,1.3795065064353267,0
18-300-00106,2026-08-19,0.7,0.96,49.89999999999999,69.8,41.03,6931.5,28.3,495.2,0.4713300023792529,0.09955201592832255,0
18-300-00106,2026-08-20,1.2,10.8,11.599999999999993,68.0,41.03,6931.5,28.3,495.2,0.807994289793005,0.17066059873426723,0
18-300-00106,2026-08-21,13.5,0.32000000000000006,15.399999999999993,70.2,41.03,6931.5,28.3,495.2,9.089935760171306,1.9199317357605064,0
18-300-00106,2026-08-22,0.4,1.2800000000000002,15.099999999999994,66.49999999999999,41.03,6931.5,28.3,495.2,0.2693314299310017,0.05688686624475575,0
18-300-00106,2026-08-23,1.6,4.5600000000000005,15.499999999999993,66.6,41.03,6931.5,28.3,495.2,1.0773257197240067,0.227547464979023,0
18-300-00106,2026-08-24,5.7,16.56,7.699999999999993,32.8,41.03,6931.5,28.3,495.2,3.8379728765167735,0.8106378439877694,0
18-300-00106,2026-08-25,20.7,5.36,27.999999999999993,43.8,41.03,6931.5,28.3,495.2,13.937901498929335,2.9438953281661098,0
18-300-00106,2026-08-26,6.7,6.720000000000001,33.099999999999994,49.8,41.03,6931.5,28.3,495.2,4.511301451344278,0.9528550095996587,0
18-300-00106,2026-08-27,8.4,3.2,35.8,57.0,41.03,6931.5,28.3,495.2,5.655960028551036,1.1946241911398707,0
18-300-00106,2026-08-28,4.0,2.72,19.099999999999994,47.5,41.03,6931.5,28.3,495.2,2.6933142993100168,0.5688686624475575,0
18-300-00106,2026-08-29,3.4,19.52,15.799999999999995,50.50000000000001,41.03,6931.5,28.3,495.2,2.289317154413514,0.48353836308042386,0
18-300-00106,2026-08-30,24.4,14.080000000000002,31.79999999999999,73.3,41.03,6931.5,28.3,495.2,16.4292172257911,3.4700988409301003,0
18-300-00106,2026-08-31,17.6,12.16,45.39999999999999,85.2,41.03,6931.5,28.3,495.2,11.850582916964074,2.503022114769253,0
18-300-00106,2026-09-01,15.2,0.8800000000000001,57.19999999999999,79.69999999999999,41.03,6931.5,28.3,495.2,10.234594337378063,2.1617009173007182,0
18-300-00106,2026-09-02,1.1,1.7600000000000002,33.89999999999999,74.1,41.03,6931.5,28.3,495.2,0.7406614323102546,0.1564388821730783,0
18-300-00106,2026-09-03,2.2,7.5200000000000005,18.499999999999993,67.9,41.03,6931.5,28.3,495.2,1.4813228646205092,0.3128777643461566,0
18-300-00106,2026-09-04,9.4,2.64,12.699999999999994,73.3,41.03,6931.5,28.3,495.2,6.32928860337854,1.33684135675176,0
18-300-00106,2026-09-05,3.3,5.04,14.899999999999995,73.2,41.03,6931.5,28.3,495.2,2.2219842969307635,0.4693166465192349,0
18-300-00106,2026-09-06,6.3,6.32,18.999999999999993,55.10000000000001,41.03,6931.5,28.3,495.2,4.241970021413276,0.8959681433549029,0
18-300-00106,2026-09-07,7.9,0.96,17.499999999999993,45.4,41.03,6931.5,28.3,495.2,5.319295741137283,1.123515608333926,0
18-300-00106,2026-09-08,1.2,0.8,15.399999999999991,31.400000000000002,41.03,6931.5,28.3,495.2,0.807994289793005,0.17066059873426723,0
18-300-00106,2026-09-09,1.0,1.92,10.099999999999993,31.3,41.03,6931.5,28.3,495.2,0.6733285748275042,0.14221716561188938,0
18-300-00106,2026-09-10,2.4,1.7600000000000002,4.5999999999999925,31.5,41.03,6931.5,28.3,495.2,1.61598857958601,0.34132119746853445,0
18-300-00106,2026-09-11,2.2,6.800000000000001,5.5999999999999925,24.3,41.03,6931.5,28.3,495.2,1.4813228646205092,0.3128777643461566,0
18-300-00106,2026-09-12,8.5,24.480000000000004,13.099999999999993,29.5,41.03,6931.5,28.3,495.2,5.723292886033786,1.2088459077010596,0
18-300-00106,2026-09-13,30.6,0.0,41.3,53.8,41.03,6931.5,28.3,495.2,20.603854389721626,4.351845267723815,0
18-300-00106,2026-09-14,0.0,0.5599999999999999,39.099999999999994,45.900000000000006,41.03,6931.5,28.3,495.2,0.0,0.0,0
18-300-00106,2026-09-15,0.7,3.6,31.299999999999994,45.4,41.03,6931.5,28.3,495.2,0.4713300023792529,0.09955201592832255,0
18-300-00106,2026-09-16,4.5,10.08,5.199999999999993,48.9,41.03,6931.5,28.3,495.2,3.029978586723769,0.6399772452535022,0
18-300-00106,2026-09-17,12.6,17.84,17.799999999999994,59.1,41.03,6931.5,28.3,495.2,8.483940042826552,1.7919362867098059,0
18-300-00106,2026-09-18,22.3,0.0,39.39999999999999,79.2,41.03,6931.5,28.3,495.2,15.015227218653344,3.171442793145133,0
18-300-00106,2026-09-19,0.0,0.0,34.89999999999999,70.7,41.03,6931.5,28.3,495.2,0.0,0.0,0
18-300-00107,2025-09-19,5.0,0.5599999999999999,5.0,5.0,39.5,10258.1,28.3,663.1,3.493827160493827,0.48271401125689073,0
18-300-00107,2025-09-20,0.7,0.5599999999999999,5.7,5.7,39.5,10258.1,28.3,663.1,0.4891358024691358,0.0675799615759647,0
18-300-00107,2025-09-21,0.7,6.48,6.4,6.4,39.5,10258.1,28.3,663.1,0.4891358024691358,0.0675799615759647,0
18-300-00107,2025-09-22,8.1,2.4800000000000004,9.5,14.5,39.5,10258.1,28.3,663.1,5.66,0.7819966982361629,0
18-300-00107,2025-09-23,3.1,3.5200000000000005,11.9,17.6,39.5,10258.1,28.3,663.1,2.166172839506173,0.29928268697927224,0
18-300-00107,2025-09-24,4.4,0.24,15.6,22.0,39.5,10258.1,28.3,663.1,3.0745679012345684,0.42478832990606386,0
18-300-00107,2025-09-25,0.3,0.0,7.8,22.3,39.5,10258.1,28.3,663.1,0.20962962962962964,0.028962840675413444,0
18-300-00107,2025-09-26,0.0,0.6400000000000001,4.699999999999999,17.3,39.5,10258.1,28.3,663.1,0.0,0.0,0
18-300-00107,2025-09-27,0.8,4.4,1.0999999999999992,17.400000000000002,39.5,10258.1,28.3,663.1,0.5590123456790124,0.07723424180110253,0
18-300-00107,2025-09-28,5.5,2.64,6.299999999999999,22.200000000000003,39.5,10258.1,28.3,663.1,3.84320987654321,0.5309854123825798,0
18-300-00107,2025-09-29,3.3,6.88,9.599999999999998,17.4,39.5,10258.1,28.3,663.1,2.305925925925926,0.31859124742954786,0
18-300-00107,2025-09-30,8.6,11.36,17.4,22.9,39.5,10258.1,28.3,663.1,6.009382716049383,0.830268099361852,0
18-300-00107,2025-10-01,14.2,6.88,26.099999999999998,32.7,39.5,10258.1,28.3,663.1,9.92246913580247,1.3709077919695696,0
18-300-00107,2025-10-02,8.6,2.9600000000000004,31.4,41.0,39.5,10258.1,28.3,663.1,6.009382716049383,0.830268099361852,0
18-300-00107,2025-10-03,3.7,6.4,26.5,44.699999999999996,39.5,10258.1,28.3,663.1,2.5854320987654322,0.35720836833009917,0
18-300-00107,2025-10-04,8.0,30.480000000000004,20.3,51.9,39.5,10258.1,28.3,663.1,5.590123456790123,0.7723424180110252,0
18-300-00107,2025-10-05,38.1,4.16,49.800000000000004,84.5,39.5,10258.1,28.3,663.1,26.622962962962962,3.6782807657775076,0
18-300-00107,2025-10-06,5.2,1.36,51.300000000000004,86.4,39.5,10258.1,28.3,663.1,3.63358024691358,0.5020225717071664,0
18-300-00107,2025-10-07,1.7,1.04,45.0,79.50000000000001,39.5,10258.1,28.3,663.1,1.1879012345679012,0.16412276382734284,0
18-300-00107,2025-10-08,1.3,0.24,8.2,66.60000000000001,39.5,10258.1,28.3,663.1,0.908395061728395,0.1255056429267916,0
18-300-00107,2025-10-09,0.3,1.7600000000000002,3.3,58.300000000000004,39.5,10258.1,28.3,663.1,0.20962962962962964,0.028962840675413444,0
18-300-00107,2025-10-10,2.2,1.1199999999999999,3.8,56.800000000000004,39.5,10258.1,28.3,663.1,1.5372839506172842,0.21239416495303193,0
18-300-00107,2025-10-11,1.4,0.8800000000000001,3.9,50.2,39.5,10258.1,28.3,663.1,0.9782716049382716,0.1351599231519294,0
18-300-00107,2025-10-12,1.1,0.5599999999999999,4.699999999999999,13.2,39.5,10258.1,28.3,663.1,0.7686419753086421,0.10619708247651596,0
18-300-00107,2025-10-13,0.7,0.32000000000000006,3.1999999999999993,8.7,39.5,10258.1,28.3,663.1,0.4891358024691358,0.0675799615759647,0
18-300-00107,2025-10-14,0.4,0.0,2.1999999999999997,7.3999999999999995,39.5,10258.1,28.3,663.1,0.2795061728395062,0.03861712090055126,0
18-300-00107,2025-10-15,0.0,0.5599999999999999,1.0999999999999996,6.1,39.5,10258.1,28.3,663.1,0.0,0.0,0
18-300-00107,2025-10-16,0.7,0.0,1.0999999999999996,6.5,39.5,10258.1,28.3,663.1,0.4891358024691358,0.0675799615759647,0
18-300-00107,2025-10-17,0.0,0.0,0.6999999999999995,4.3,39.5,10258.1,28.3,663.1,0.0,0.0,0
18-300-00107,2025-10-18,0.0,0.0,0.6999999999999995,2.9,39.5,10258.1,28.3,663.1,0.0,0.0,0
18-300-00107,2025-10-19,0.0,0.0,0.0,1.7999999999999998,39.5,10258.1,28.3,663.1,0.0,0.0,0
18-300-00107,2025-10-20,0.0,0.0,0.0,1.1,39.5,10258.1,28.3,663.1,0.0,0.0,0
18-300-00107,2025-10-21,0.0,0.0,0.0,0.7,39.5,10258.1,28.3,663.1,0.0,0.0,0
18-300-00107,2025-10-22,0.0,0.16000000000000003,0.0,0.7,39.5,10258.1,28.3,663.1,0.0,0.0,0
18-300-00107,2025-10-23,0.2,1.1199999999999999,0.19999999999999957,0.2,39.5,10258.1,28.3,663.1,0.1397530864197531,0.01930856045027563,0
18-300-00107,2025-10-24,1.4,4.5600000000000005,1.5999999999999994,1.5999999999999999,39.5,10258.1,28.3,663.1,0.9782716049382716,0.1351599231519294,0
18-300-00107,2025-10-25,5.7,0.0,7.3,7.3,39.5,10258.1,28.3,663.1,3.982962962962963,0.5502939728328554,0
18-300-00107,2025-10-26,0.0,0.0,7.1,7.3,39.5,10258.1,28.3,663.1,0.0,0.0,0
18-300-00107,2025-10-27,0.0,0.0,5.7,7.3,39.5,10258.1,28.3,663.1,0.0,0.0,0
18-300-00107,2025-10-28,0.0,2.4000000000000004,0.0,7.3,39.5,10258.1,28.3,663.1,0.0,0.0,0
18-300-00107,2025-10-29,3.0,19.040000000000003,3.0,10.3,39.5,10258.1,28.3,663.1,2.0962962962962965,0.2896284067541344,0
18-300-00107,2025-10-30,23.8,11.920000000000002,26.8,33.900000000000006,39.5,10258.1,28.3,663.1,16.63061728395062,2.2977186935828,0
18-300-00107,2025-10-31,14.9,54.160000000000004,41.7,47.400000000000006,39.5,10258.1,28.3,663.1,10.411604938271605,1.4384877535455345,0
18-300-00107,2025-11-01,67.7,0.08000000000000002,106.4,109.4,39.5,10258.1,28.3,663.1,47.30641975308642,6.5359477124183005,1
18-300-00107,2025-11-02,0.1,0.32000000000000006,82.7,109.5,39.5,10258.1,28.3,663.1,0.06987654320987655,0.009654280225137816,0
18-300-00107,2025-11-03,0.4,0.0,68.2,109.9,39.5,10258.1,28.3,663.1,0.2795061728395062,0.03861712090055126,0
18-300-00107,2025-11-04,0.0,0.16000000000000003,0.5,109.9,39.5,10258.1,28.3,663.1,0.0,0.0,0
18-300-00107,2025-11-05,0.2,0.16000000000000003,0.6000000000000001,107.10000000000001,39.5,10258.1,28.3,663.1,0.1397530864197531,0.01930856045027563,0
18-300-00107,2025-11-06,0.2,0.24,0.4,83.50000000000001,39.5,10258.1,28.3,663.1,0.1397530864197531,0.01930856045027563,0
18-300-00107,2025-11-07,0.3,0.08000000000000002,0.7,68.9,39.5,10258.1,28.3,663.1,0.20962962962962964,0.028962840675413444,0
18-300-00107,2025-11-08,0.1,0.0,0.6,1.3,39.5,10258.1,28.3,663.1,0.06987654320987655,0.009654280225137816,0
18-300-00107,2025-11-09,0.0,0.08000000000000002,0.4,1.2,39.5,10258.1,28.3,663.1,0.0,0.0,0
18-300-00107,2025-11-10,0.1,0.0,0.2,0.9,39.5,10258.1,28.3,663.1,0.06987654320987655,0.009654280225137816,0
18-300-00107,2025-11-11,0.0,0.0,0.1,0.9,39.5,10258.1,28.3,663.1,0.0,0.0,0
18-300-00107,2025-11-12,0.0,0.08000000000000002,0.1,0.7,39.5,10258.1,28.3,663.1,0.0,0.0,0
18-300-00107,2025-11-13,0.1,0.24,0.1,0.6,39.5,10258.1,28.3,663.1,0.06987654320987655,0.009654280225137816,0
18-300-00107,2025-11-14,0.3,0.0,0.4,0.6000000000000001,39.5,10258.1,28.3,663.1,0.20962962962962964,0.028962840675413444,0
18-300-00107,2025-11-15,0.0,0.0,0.39999999999999997,0.5,39.5,10258.1,28.3,663.1,0.0,0.0,0
18-300-00107,2025-11-16,0.0,0.0,0.29999999999999993,0.5,39.5,10258.1,28.3,663.1,0.0,0.0,0
18-300-00107,2025-11-17,0.0,0.0,0.0,0.4,39.5,10258.1,28.3,663.1,0.0,0.0,0
18-300-00107,2025-11-18,0.0,0.0,0.0,0.4,39.5,10258.1,28.3,663.1,0.0,0.0,0
18-300-00107,2025-11-19,0.0,0.0,0.0,0.4,39.5,10258.1,28.3,663.1,0.0,0.0,0
18-300-00107,2025-11-20,0.0,0.8800000000000001,0.0,0.30000000000000004,39.5,10258.1,28.3,663.1,0.0,0.0,0
18-300-00107,2025-11-21,1.1,0.5599999999999999,1.1,1.1,39.5,10258.1,28.3,663.1,0.7686419753086421,0.10619708247651596,0
18-300-00107,2025-11-22,0.7,0.08000000000000002,1.8,1.8,39.5,10258.1,28.3,663.1,0.4891358024691358,0.0675799615759647,0
18-300-00107,2025-11-23,0.1,0.0,1.9000000000000001,1.9000000000000001,39.5,10258.1,28.3,663.1,0.06987654320987655,0.009654280225137816,0
18-300-00107,2025-11-24,0.0,0.0,0.7999999999999999,1.9000000000000001,39.5,10258.1,28.3,663.1,0.0,0.0,0
18-300-00107,2025-11-25,0.0,0.0,0.1,1.9000000000000001,39.5,10258.1,28.3,663.1,0.0,0.0,0
18-300-00107,2025-11-26,0.0,0.0,0.0,1.9000000000000001,39.5,10258.1,28.3,663.1,0.0,0.0,0
18-300-00107,2025-11-27,0.0,0.0,0.0,1.9000000000000001,39.5,10258.1,28.3,663.1,0.0,0.0,0
18-300-00107,2025-11-28,0.0,0.0,0.0,0.7999999999999999,39.5,10258.1,28.3,663.1,0.0,0.0,0
18-300-00107,2025-11-29,0.0,0.0,0.0,0.1,39.5,10258.1,28.3,663.1,0.0,0.0,0
18-300-00107,2025-11-30,0.0,0.0,0.0,0.0,39.5,10258.1,28.3,663.1,0.0,0.0,0
18-300-00107,2025-12-01,0.0,0.0,0.0,0.0,39.5,10258.1,28.3,663.1,0.0,0.0,0
18-300-00107,2025-12-02,0.0,0.0,0.0,0.0,39.5,10258.1,28.3,663.1,0.0,0.0,0
18-300-00107,2025-12-03,0.0,0.0,0.0,0.0,39.5,10258.1,28.3,663.1,0.0,0.0,0
18-300-00107,2025-12-04,0.0,0.0,0.0,0.0,39.5,10258.1,28.3,663.1,0.0,0.0,0
18-300-00107,2025-12-05,0.0,0.0,0.0,0.0,39.5,10258.1,28.3,663.1,0.0,0.0,0
18-300-00107,2025-12-06,0.0,0.0,0.0,0.0,39.5,10258.1,28.3,663.1,0.0,0.0,0
18-300-00107,2025-12-07,0.0,0.0,0.0,0.0,39.5,10258.1,28.3,663.1,0.0,0.0,0
18-300-00107,2025-12-08,0.0,0.0,0.0,0.0,39.5,10258.1,28.3,663.1,0.0,0.0,0
18-300-00107,2025-12-09,0.0,0.0,0.0,0.0,39.5,10258.1,28.3,663.1,0.0,0.0,0
18-300-00107,2025-12-10,0.0,0.0,0.0,0.0,39.5,10258.1,28.3,663.1,0.0,0.0,0
18-300-00107,2025-12-11,0.0,0.0,0.0,0.0,39.5,10258.1,28.3,663.1,0.0,0.0,0
18-300-00107,2025-12-12,0.0,0.0,0.0,0.0,39.5,10258.1,28.3,663.1,0.0,0.0,0
18-300-00107,2025-12-13,0.0,0.0,0.0,0.0,39.5,10258.1,28.3,663.1,0.0,0.0,0
18-300-00107,2025-12-14,0.0,0.0,0.0,0.0,39.5,10258.1,28.3,663.1,0.0,0.0,0
18-300-00107,2025-12-15,0.0,0.0,0.0,0.0,39.5,10258.1,28.3,663.1,0.0,0.0,0
18-300-00107,2025-12-16,0.0,0.0,0.0,0.0,39.5,10258.1,28.3,663.1,0.0,0.0,0
18-300-00107,2025-12-17,0.0,0.0,0.0,0.0,39.5,10258.1,28.3,663.1,0.0,0.0,0
18-300-00107,2025-12-18,0.0,0.0,0.0,0.0,39.5,10258.1,28.3,663.1,0.0,0.0,0
18-300-00107,2025-12-19,0.0,0.0,0.0,0.0,39.5,10258.1,28.3,663.1,0.0,0.0,0
18-300-00107,2025-12-20,0.0,0.0,0.0,0.0,39.5,10258.1,28.3,663.1,0.0,0.0,0
18-300-00107,2025-12-21,0.0,0.0,0.0,0.0,39.5,10258.1,28.3,663.1,0.0,0.0,0
18-300-00107,2025-12-22,0.0,0.0,0.0,0.0,39.5,10258.1,28.3,663.1,0.0,0.0,0
18-300-00107,2025-12-23,0.0,0.5599999999999999,0.0,0.0,39.5,10258.1,28.3,663.1,0.0,0.0,0
18-300-00107,2025-12-24,0.7,0.0,0.7,0.7,39.5,10258.1,28.3,663.1,0.4891358024691358,0.0675799615759647,0
18-300-00107,2025-12-25,0.0,0.0,0.7,0.7,39.5,10258.1,28.3,663.1,0.0,0.0,0
18-300-00107,2025-12-26,0.0,0.0,0.7,0.7,39.5,10258.1,28.3,663.1,0.0,0.0,0
18-300-00107,2025-12-27,0.0,0.0,0.0,0.7,39.5,10258.1,28.3,663.1,0.0,0.0,0
18-300-00107,2025-12-28,0.0,0.08000000000000002,0.0,0.7,39.5,10258.1,28.3,663.1,0.0,0.0,0
18-300-00107,2025-12-29,0.1,0.16000000000000003,0.1,0.7999999999999999,39.5,10258.1,28.3,663.1,0.06987654320987655,0.009654280225137816,0
18-300-00107,2025-12-30,0.2,0.0,0.30000000000000004,1.0,39.5,10258.1,28.3,663.1,0.1397530864197531,0.01930856045027563,0
18-300-00107,2025-12-31,0.0,0.0,0.30000000000000004,0.30000000000000004,39.5,10258.1,28.3,663.1,0.0,0.0,0
18-300-00107,2026-01-01,0.0,0.0,0.2,0.30000000000000004,39.5,10258.1,28.3,663.1,0.0,0.0,0
18-300-00107,2026-01-02,0.0,0.24,0.0,0.30000000000000004,39.5,10258.1,28.3,663.1,0.0,0.0,0
18-300-00107,2026-01-03,0.3,0.0,0.3,0.6,39.5,10258.1,28.3,663.1,0.20962962962962964,0.028962840675413444,0
18-300-00107,2026-01-04,0.0,0.0,0.3,0.6,39.5,10258.1,28.3,663.1,0.0,0.0,0
18-300-00107,2026-01-05,0.0,0.0,0.3,0.5,39.5,10258.1,28.3,663.1,0.0,0.0,0
18-300-00107,2026-01-06,0.0,0.0,0.0,0.29999999999999993,39.5,10258.1,28.3,663.1,0.0,0.0,0
18-300-00107,2026-01-07,0.0,0.0,0.0,0.29999999999999993,39.5,10258.1,28.3,663.1,0.0,0.0,0
18-300-00107,2026-01-08,0.0,0.0,0.0,0.29999999999999993,39.5,10258.1,28.3,663.1,0.0,0.0,0
18-300-00107,2026-01-09,0.0,0.0,0.0,0.29999999999999993,39.5,10258.1,28.3,663.1,0.0,0.0,0
18-300-00107,2026-01-10,0.0,0.0,0.0,0.0,39.5,10258.1,28.3,663.1,0.0,0.0,0
18-300-00107,2026-01-11,0.0,0.0,0.0,0.0,39.5,10258.1,28.3,663.1,0.0,0.0,0
18-300-00107,2026-01-12,0.0,0.0,0.0,0.0,39.5,10258.1,28.3,663.1,0.0,0.0,0
18-300-00107,2026-01-13,0.0,0.0,0.0,0.0,39.5,10258.1,28.3,663.1,0.0,0.0,0
18-300-00107,2026-01-14,0.0,0.0,0.0,0.0,39.5,10258.1,28.3,663.1,0.0,0.0,0
18-300-00107,2026-01-15,0.0,0.0,0.0,0.0,39.5,10258.1,28.3,663.1,0.0,0.0,0
18-300-00107,2026-01-16,0.0,0.0,0.0,0.0,39.5,10258.1,28.3,663.1,0.0,0.0,0
18-300-00107,2026-01-17,0.0,0.0,0.0,0.0,39.5,10258.1,28.3,663.1,0.0,0.0,0
18-300-00107,2026-01-18,0.0,0.0,0.0,0.0,39.5,10258.1,28.3,663.1,0.0,0.0,0
18-300-00107,2026-01-19,0.0,0.0,0.0,0.0,39.5,10258.1,28.3,663.1,0.0,0.0,0
18-300-00107,2026-01-20,0.0,0.24,0.0,0.0,39.5,10258.1,28.3,663.1,0.0,0.0,0
18-300-00107,2026-01-21,0.3,0.0,0.3,0.3,39.5,10258.1,28.3,663.1,0.20962962962962964,0.028962840675413444,0
18-300-00107,2026-01-22,0.0,0.0,0.3,0.3,39.5,10258.1,28.3,663.1,0.0,0.0,0
18-300-00107,2026-01-23,0.0,0.0,0.3,0.3,39.5,10258.1,28.3,663.1,0.0,0.0,0
18-300-00107,2026-01-24,0.0,0.0,0.0,0.3,39.5,10258.1,28.3,663.1,0.0,0.0,0
18-300-00107,2026-01-25,0.0,0.0,0.0,0.3,39.5,10258.1,28.3,663.1,0.0,0.0,0
18-300-00107,2026-01-26,0.0,0.0,0.0,0.3,39.5,10258.1,28.3,663.1,0.0,0.0,0
18-300-00107,2026-01-27,0.0,0.0,0.0,0.3,39.5,10258.1,28.3,663.1,0.0,0.0,0
18-300-00107,2026-01-28,0.0,0.0,0.0,0.0,39.5,10258.1,28.3,663.1,0.0,0.0,0
18-300-00107,2026-01-29,0.0,0.0,0.0,0.0,39.5,10258.1,28.3,663.1,0.0,0.0,0
18-300-00107,2026-01-30,0.0,0.0,0.0,0.0,39.5,10258.1,28.3,663.1,0.0,0.0,0
18-300-00107,2026-01-31,0.0,0.0,0.0,0.0,39.5,10258.1,28.3,663.1,0.0,0.0,0
18-300-00107,2026-02-01,0.0,0.0,0.0,0.0,39.5,10258.1,28.3,663.1,0.0,0.0,0
18-300-00107,2026-02-02,0.0,0.0,0.0,0.0,39.5,10258.1,28.3,663.1,0.0,0.0,0
18-300-00107,2026-02-03,0.0,0.0,0.0,0.0,39.5,10258.1,28.3,663.1,0.0,0.0,0
18-300-00107,2026-02-04,0.0,0.0,0.0,0.0,39.5,10258.1,28.3,663.1,0.0,0.0,0
18-300-00107,2026-02-05,0.0,0.0,0.0,0.0,39.5,10258.1,28.3,663.1,0.0,0.0,0
18-300-00107,2026-02-06,0.0,0.0,0.0,0.0,39.5,10258.1,28.3,663.1,0.0,0.0,0
18-300-00107,2026-02-07,0.0,0.0,0.0,0.0,39.5,10258.1,28.3,663.1,0.0,0.0,0
18-300-00107,2026-02-08,0.0,0.0,0.0,0.0,39.5,10258.1,28.3,663.1,0.0,0.0,0
18-300-00107,2026-02-09,0.0,0.0,0.0,0.0,39.5,10258.1,28.3,663.1,0.0,0.0,0
18-300-00107,2026-02-10,0.0,0.0,0.0,0.0,39.5,10258.1,28.3,663.1,0.0,0.0,0
18-300-00107,2026-02-11,0.0,0.0,0.0,0.0,39.5,10258.1,28.3,663.1,0.0,0.0,0
18-300-00107,2026-02-12,0.0,0.0,0.0,0.0,39.5,10258.1,28.3,663.1,0.0,0.0,0
18-300-00107,2026-02-13,0.0,0.0,0.0,0.0,39.5,10258.1,28.3,663.1,0.0,0.0,0
18-300-00107,2026-02-14,0.0,0.0,0.0,0.0,39.5,10258.1,28.3,663.1,0.0,0.0,0
18-300-00107,2026-02-15,0.0,0.0,0.0,0.0,39.5,10258.1,28.3,663.1,0.0,0.0,0
18-300-00107,2026-02-16,0.0,0.0,0.0,0.0,39.5,10258.1,28.3,663.1,0.0,0.0,0
18-300-00107,2026-02-17,0.0,0.0,0.0,0.0,39.5,10258.1,28.3,663.1,0.0,0.0,0
18-300-00107,2026-02-18,0.0,0.0,0.0,0.0,39.5,10258.1,28.3,663.1,0.0,0.0,0
18-300-00107,2026-02-19,0.0,0.0,0.0,0.0,39.5,10258.1,28.3,663.1,0.0,0.0,0
18-300-00107,2026-02-20,0.0,0.0,0.0,0.0,39.5,10258.1,28.3,663.1,0.0,0.0,0
18-300-00107,2026-02-21,0.0,0.0,0.0,0.0,39.5,10258.1,28.3,663.1,0.0,0.0,0
18-300-00107,2026-02-22,0.0,0.0,0.0,0.0,39.5,10258.1,28.3,663.1,0.0,0.0,0
18-300-00107,2026-02-23,0.0,0.0,0.0,0.0,39.5,10258.1,28.3,663.1,0.0,0.0,0
18-300-00107,2026-02-24,0.0,0.4,0.0,0.0,39.5,10258.1,28.3,663.1,0.0,0.0,0
18-300-00107,2026-02-25,0.5,0.0,0.5,0.5,39.5,10258.1,28.3,663.1,0.3493827160493827,0.048271401125689076,0
18-300-00107,2026-02-26,0.0,0.0,0.5,0.5,39.5,10258.1,28.3,663.1,0.0,0.0,0
18-300-00107,2026-02-27,0.0,0.0,0.5,0.5,39.5,10258.1,28.3,663.1,0.0,0.0,0
18-300-00107,2026-02-28,0.0,0.5599999999999999,0.0,0.5,39.5,10258.1,28.3,663.1,0.0,0.0,0
18-300-00107,2026-03-01,0.7,0.0,0.7,1.2,39.5,10258.1,28.3,663.1,0.4891358024691358,0.0675799615759647,0
18-300-00107,2026-03-02,0.0,0.0,0.7,1.2,39.5,10258.1,28.3,663.1,0.0,0.0,0
18-300-00107,2026-03-03,0.0,0.0,0.7,1.2,39.5,10258.1,28.3,663.1,0.0,0.0,0
18-300-00107,2026-03-04,0.0,0.0,0.0,0.7,39.5,10258.1,28.3,663.1,0.0,0.0,0
18-300-00107,2026-03-05,0.0,0.0,0.0,0.7,39.5,10258.1,28.3,663.1,0.0,0.0,0
18-300-00107,2026-03-06,0.0,0.0,0.0,0.7,39.5,10258.1,28.3,663.1,0.0,0.0,0
18-300-00107,2026-03-07,0.0,0.0,0.0,0.7,39.5,10258.1,28.3,663.1,0.0,0.0,0
18-300-00107,2026-03-08,0.0,5.920000000000001,0.0,0.0,39.5,10258.1,28.3,663.1,0.0,0.0,0
18-300-00107,2026-03-09,7.4,5.36,7.4,7.4,39.5,10258.1,28.3,663.1,5.1708641975308645,0.7144167366601983,0
18-300-00107,2026-03-10,6.7,0.32000000000000006,14.100000000000001,14.100000000000001,39.5,10258.1,28.3,663.1,4.681728395061729,0.6468367750842335,0
18-300-00107,2026-03-11,0.4,3.04,14.5,14.5,39.5,10258.1,28.3,663.1,0.2795061728395062,0.03861712090055126,0
18-300-00107,2026-03-12,3.8,22.96,10.9,18.3,39.5,10258.1,28.3,663.1,2.6553086419753082,0.3668626485552369,0
18-300-00107,2026-03-13,28.7,24.080000000000002,32.9,47.0,39.5,10258.1,28.3,663.1,20.05456790123457,2.770778424614553,0
18-300-00107,2026-03-14,30.1,33.04,62.6,77.1,39.5,10258.1,28.3,663.1,21.03283950617284,2.905938347766482,0
18-300-00107,2026-03-15,41.3,29.360000000000003,100.1,118.4,39.5,10258.1,28.3,663.1,28.859012345679012,3.987217732981917,0
18-300-00107,2026-03-16,36.7,0.6400000000000001,108.10000000000001,147.7,39.5,10258.1,28.3,663.1,25.644691358024694,3.5431208426255782,0
18-300-00107,2026-03-17,0.8,13.92,78.8,141.8,39.5,10258.1,28.3,663.1,0.5590123456790124,0.07723424180110253,0
18-300-00107,2026-03-18,17.4,4.800000000000001,54.900000000000006,158.8,39.5,10258.1,28.3,663.1,12.158518518518518,1.6798447591739796,0
18-300-00107,2026-03-19,6.0,7.359999999999999,24.2,161.0,39.5,10258.1,28.3,663.1,4.192592592592593,0.5792568135082689,0
18-300-00107,2026-03-20,9.2,6.88,32.599999999999994,141.5,39.5,10258.1,28.3,663.1,6.428641975308643,0.8881937807126788,0
18-300-00107,2026-03-21,8.6,0.08000000000000002,23.799999999999997,120.0,39.5,10258.1,28.3,663.1,6.009382716049383,0.830268099361852,0
18-300-00107,2026-03-22,0.1,0.5599999999999999,17.9,78.8,39.5,10258.1,28.3,663.1,0.06987654320987655,0.009654280225137816,0
18-300-00107,2026-03-23,0.7,4.64,9.4,42.8,39.5,10258.1,28.3,663.1,0.4891358024691358,0.0675799615759647,0
18-300-00107,2026-03-24,5.8,0.5599999999999999,6.6,47.8,39.5,10258.1,28.3,663.1,4.052839506172839,0.5599482530579932,0
18-300-00107,2026-03-25,0.7,0.0,7.2,31.099999999999998,39.5,10258.1,28.3,663.1,0.4891358024691358,0.0675799615759647,0
18-300-00107,2026-03-26,0.0,0.0,6.5,25.099999999999998,39.5,10258.1,28.3,663.1,0.0,0.0,0
18-300-00107,2026-03-27,0.0,26.080000000000002,0.7,15.899999999999999,39.5,10258.1,28.3,663.1,0.0,0.0,0
18-300-00107,2026-03-28,32.6,8.959999999999999,32.6,39.9,39.5,10258.1,28.3,663.1,22.779753086419753,3.1472953533949277,0
18-300-00107,2026-03-29,11.2,0.7200000000000001,43.8,51.0,39.5,10258.1,28.3,663.1,7.826172839506173,1.0812793852154352,0
18-300-00107,2026-03-30,0.9,3.12,44.7,51.2,39.5,10258.1,28.3,663.1,0.6288888888888889,0.08688852202624034,0
18-300-00107,2026-03-31,3.9,14.080000000000002,16.0,49.3,39.5,10258.1,28.3,663.1,2.725185185185185,0.37651692878037474,0
18-300-00107,2026-04-01,17.6,0.32000000000000006,22.400000000000002,66.2,39.5,10258.1,28.3,663.1,12.298271604938273,1.6991533196242554,0
18-300-00107,2026-04-02,0.4,1.92,21.900000000000002,66.60000000000001,39.5,10258.1,28.3,663.1,0.2795061728395062,0.03861712090055126,0
18-300-00107,2026-04-03,2.4,0.6400000000000001,20.400000000000002,69.0,39.5,10258.1,28.3,663.1,1.677037037037037,0.23170272540330755,0
18-300-00107,2026-04-04,0.8,0.0,3.5999999999999996,37.2,39.5,10258.1,28.3,663.1,0.5590123456790124,0.07723424180110253,0
18-300-00107,2026-04-05,0.0,0.32000000000000006,3.2,26.000000000000004,39.5,10258.1,28.3,663.1,0.0,0.0,0
18-300-00107,2026-04-06,0.4,0.4,1.2000000000000002,25.500000000000004,39.5,10258.1,28.3,663.1,0.2795061728395062,0.03861712090055126,0
18-300-00107,2026-04-07,0.5,4.64,0.9,22.1,39.5,10258.1,28.3,663.1,0.3493827160493827,0.048271401125689076,0
18-300-00107,2026-04-08,5.8,20.0,6.7,10.3,39.5,10258.1,28.3,663.1,4.052839506172839,0.5599482530579932,0
18-300-00107,2026-04-09,25.0,1.36,31.3,34.9,39.5,10258.1,28.3,663.1,17.469135802469136,2.4135700562844535,0
18-300-00107,2026-04-10,1.7,0.0,32.5,34.2,39.5,10258.1,28.3,663.1,1.1879012345679012,0.16412276382734284,0
18-300-00107,2026-04-11,0.0,3.44,26.7,33.4,39.5,10258.1,28.3,663.1,0.0,0.0,0
18-300-00107,2026-04-12,4.3,0.0,6.0,37.699999999999996,39.5,10258.1,28.3,663.1,3.0046913580246914,0.415134049680926,0
18-300-00107,2026-04-13,0.0,0.6400000000000001,4.3,37.3,39.5,10258.1,28.3,663.1,0.0,0.0,0
18-300-00107,2026-04-14,0.8,8.48,5.1,37.599999999999994,39.5,10258.1,28.3,663.1,0.5590123456790124,0.07723424180110253,0
18-300-00107,2026-04-15,10.6,2.0,11.399999999999999,42.4,39.5,10258.1,28.3,663.1,7.406913580246914,1.0233537038646083,0
18-300-00107,2026-04-16,2.5,6.56,13.9,19.9,39.5,10258.1,28.3,663.1,1.7469135802469136,0.24135700562844536,0
18-300-00107,2026-04-17,8.2,14.16,21.299999999999997,26.4,39.5,10258.1,28.3,663.1,5.729876543209876,0.7916509784613007,0
18-300-00107,2026-04-18,17.7,36.0,28.4,44.1,39.5,10258.1,28.3,663.1,12.368148148148148,1.708807599849393,0
18-300-00107,2026-04-19,45.0,22.560000000000002,70.9,84.8,39.5,10258.1,28.3,663.1,31.444444444444443,4.344426101312017,0
18-300-00107,2026-04-20,28.2,21.200000000000003,90.89999999999999,113.0,39.5,10258.1,28.3,663.1,19.705185185185183,2.7225070234888635,0
18-300-00107,2026-04-21,26.5,4.64,99.69999999999999,138.7,39.5,10258.1,28.3,663.1,18.517283950617283,2.558384259661521,0
18-300-00107,2026-04-22,5.8,0.96,60.5,133.9,39.5,10258.1,28.3,663.1,4.052839506172839,0.5599482530579932,0
18-300-00107,2026-04-23,1.2,4.4,33.49999999999999,132.6,39.5,10258.1,28.3,663.1,0.8385185185185186,0.11585136270165378,0
18-300-00107,2026-04-24,5.5,6.0,12.5,129.9,39.5,10258.1,28.3,663.1,3.84320987654321,0.5309854123825798,0
18-300-00107,2026-04-25,7.5,17.52,14.2,119.7,39.5,10258.1,28.3,663.1,5.2407407407407405,0.724071016885336,0
18-300-00107,2026-04-26,21.9,35.52,34.9,96.6,39.5,10258.1,28.3,663.1,15.302962962962962,2.114287369305181,0
18-300-00107,2026-04-27,44.4,3.04,73.8,112.8,39.5,10258.1,28.3,663.1,31.025185185185183,4.28650041996119,0
18-300-00107,2026-04-28,3.8,12.48,70.1,90.1,39.5,10258.1,28.3,663.1,2.6553086419753082,0.3668626485552369,0
18-300-00107,2026-04-29,15.6,4.64,63.8,99.9,39.5,10258.1,28.3,663.1,10.90074074074074,1.506067715121499,0
18-300-00107,2026-04-30,5.8,14.96,25.2,104.5,39.5,10258.1,28.3,663.1,4.052839506172839,0.5599482530579932,0
18-300-00107,2026-05-01,18.7,14.32,40.099999999999994,117.69999999999999,39.5,10258.1,28.3,663.1,13.066913580246915,1.8053504021007714,0
18-300-00107,2026-05-02,17.9,0.48,42.4,128.1,39.5,10258.1,28.3,663.1,12.507901234567901,1.7281161602996686,0
18-300-00107,2026-05-03,0.6,2.2399999999999998,37.2,106.8,39.5,10258.1,28.3,663.1,0.4192592592592593,0.05792568135082689,0
18-300-00107,2026-05-04,2.8,6.56,21.299999999999997,65.2,39.5,10258.1,28.3,663.1,1.9565432098765432,0.2703198463038588,0
18-300-00107,2026-05-05,8.2,7.28,11.6,69.6,39.5,10258.1,28.3,663.1,5.729876543209876,0.7916509784613007,0
18-300-00107,2026-05-06,9.1,0.16000000000000003,20.1,63.099999999999994,39.5,10258.1,28.3,663.1,6.358765432098765,0.878539500487541,0
18-300-00107,2026-05-07,0.2,2.4800000000000004,17.5,57.5,39.5,10258.1,28.3,663.1,0.1397530864197531,0.01930856045027563,0
18-300-00107,2026-05-08,3.1,0.0,12.4,41.9,39.5,10258.1,28.3,663.1,2.166172839506173,0.29928268697927224,0
18-300-00107,2026-05-09,0.0,10.8,3.3000000000000003,24.0,39.5,10258.1,28.3,663.1,0.0,0.0,0
18-300-00107,2026-05-10,13.5,2.64,16.6,36.9,39.5,10258.1,28.3,663.1,9.433333333333334,1.303327830393605,0
18-300-00107,2026-05-11,3.3,3.12,16.8,37.4,39.5,10258.1,28.3,663.1,2.305925925925926,0.31859124742954786,0
18-300-00107,2026-05-12,3.9,37.04,20.7,33.1,39.5,10258.1,28.3,663.1,2.725185185185185,0.37651692878037474,0
18-300-00107,2026-05-13,46.3,44.24,53.5,70.3,39.5,10258.1,28.3,663.1,32.35283950617284,4.469931744238808,0
18-300-00107,2026-05-14,55.3,8.64,105.5,125.39999999999999,39.5,10258.1,28.3,663.1,38.641728395061726,5.338816964501211,1
18-300-00107,2026-05-15,10.8,32.080000000000005,112.39999999999999,133.1,39.5,10258.1,28.3,663.1,7.546666666666668,1.042662264314884,0
18-300-00107,2026-05-16,40.1,47.28,106.2,173.2,39.5,10258.1,28.3,663.1,28.020493827160497,3.871366370280264,0
18-300-00107,2026-05-17,59.1,14.719999999999999,110.0,218.8,39.5,10258.1,28.3,663.1,41.297037037037036,5.705679613056448,1
18-300-00107,2026-05-18,18.4,3.2,117.60000000000001,233.89999999999998,39.5,10258.1,28.3,663.1,12.857283950617285,1.7763875614253577,0
18-300-00107,2026-05-19,4.0,0.8,81.5,234.0,39.5,10258.1,28.3,663.1,2.7950617283950616,0.3861712090055126,0
18-300-00107,2026-05-20,1.0,21.36,23.4,188.7,39.5,10258.1,28.3,663.1,0.6987654320987654,0.09654280225137815,0
18-300-00107,2026-05-21,26.7,11.840000000000002,31.7,160.1,39.5,10258.1,28.3,663.1,18.65703703703704,2.5776928201117966,0
18-300-00107,2026-05-22,14.8,29.6,42.5,164.10000000000002,39.5,10258.1,28.3,663.1,10.341728395061729,1.4288334733203967,0
18-300-00107,2026-05-23,37.0,33.68,78.5,161.0,39.5,10258.1,28.3,663.1,25.854320987654326,3.5720836833009915,0
18-300-00107,2026-05-24,42.1,45.04,93.9,144.0,39.5,10258.1,28.3,663.1,29.418024691358028,4.06445197478302,0
18-300-00107,2026-05-25,56.3,4.88,135.4,181.9,39.5,10258.1,28.3,663.1,39.34049382716049,5.4353597667525895,1
18-300-00107,2026-05-26,6.1,0.16000000000000003,104.5,184.0,39.5,10258.1,28.3,663.1,4.262469135802469,0.5889110937334067,0
18-300-00107,2026-05-27,0.2,9.36,62.599999999999994,183.2,39.5,10258.1,28.3,663.1,0.1397530864197531,0.01930856045027563,0
18-300-00107,2026-05-28,11.7,0.16000000000000003,18.0,168.20000000000002,39.5,10258.1,28.3,663.1,8.175555555555556,1.1295507863411243,0
18-300-00107,2026-05-29,0.2,4.16,12.099999999999998,153.6,39.5,10258.1,28.3,663.1,0.1397530864197531,0.01930856045027563,0
18-300-00107,2026-05-30,5.2,1.04,17.1,121.8,39.5,10258.1,28.3,663.1,3.63358024691358,0.5020225717071664,0
18-300-00107,2026-05-31,1.3,0.0,6.7,80.99999999999999,39.5,10258.1,28.3,663.1,0.908395061728395,0.1255056429267916,0
18-300-00107,2026-06-01,0.0,1.04,6.5,24.7,39.5,10258.1,28.3,663.1,0.0,0.0,0
18-300-00107,2026-06-02,1.3,13.52,2.6,19.900000000000002,39.5,10258.1,28.3,663.1,0.908395061728395,0.1255056429267916,0
18-300-00107,2026-06-03,16.9,23.680000000000003,18.2,36.599999999999994,39.5,10258.1,28.3,663.1,11.809135802469136,1.6315733580482905,0
18-300-00107,2026-06-04,29.6,14.96,47.8,54.5,39.5,10258.1,28.3,663.1,20.683456790123458,2.8576669466407933,0
18-300-00107,2026-06-05,18.7,10.64,65.2,73.0,39.5,10258.1,28.3,663.1,13.066913580246915,1.8053504021007714,0
18-300-00107,2026-06-06,13.3,8.4,61.599999999999994,81.1,39.5,10258.1,28.3,663.1,9.293580246913582,1.2840192699433295,0
18-300-00107,2026-06-07,10.5,19.12,42.5,90.3,39.5,10258.1,28.3,663.1,7.337037037037038,1.0136994236394705,0
18-300-00107,2026-06-08,23.9,48.800000000000004,47.7,114.2,39.5,10258.1,28.3,663.1,16.700493827160493,2.3073729738079374,0
18-300-00107,2026-06-09,61.0,13.92,95.4,173.9,39.5,10258.1,28.3,663.1,42.62469135802469,5.889110937334067,1
18-300-00107,2026-06-10,17.4,27.12,102.30000000000001,174.4,39.5,10258.1,28.3,663.1,12.158518518518518,1.6798447591739796,0
18-300-00107,2026-06-11,33.9,7.120000000000001,112.3,178.7,39.5,10258.1,28.3,663.1,23.688148148148148,3.272800996321719,0
18-300-00107,2026-06-12,8.9,9.040000000000001,60.199999999999996,168.9,39.5,10258.1,28.3,663.1,6.219012345679013,0.8592309400372655,0
18-300-00107,2026-06-13,11.3,22.16,54.1,166.9,39.5,10258.1,28.3,663.1,7.89604938271605,1.090933665440573,0
18-300-00107,2026-06-14,27.7,18.72,47.9,184.1,39.5,10258.1,28.3,663.1,19.355802469135803,2.6742356223631747,0
18-300-00107,2026-06-15,23.4,6.720000000000001,62.4,183.6,39.5,10258.1,28.3,663.1,16.351111111111113,2.2591015726822485,0
18-300-00107,2026-06-16,8.4,6.0,59.49999999999999,131.0,39.5,10258.1,28.3,663.1,5.86962962962963,0.8109595389115765,0
18-300-00107,2026-06-17,7.5,21.6,39.3,121.1,39.5,10258.1,28.3,663.1,5.2407407407407405,0.724071016885336,0
18-300-00107,2026-06-18,27.0,0.8,42.9,114.19999999999999,39.5,10258.1,28.3,663.1,18.866666666666667,2.60665566078721,0
18-300-00107,2026-06-19,1.0,16.240000000000002,35.5,106.29999999999998,39.5,10258.1,28.3,663.1,0.6987654320987654,0.09654280225137815,0
18-300-00107,2026-06-20,20.3,51.6,48.3,115.3,39.5,10258.1,28.3,663.1,14.184938271604938,1.9598188857029764,0
18-300-00107,2026-06-21,64.5,21.200000000000003,85.8,152.1,39.5,10258.1,28.3,663.1,45.07037037037038,6.2270107452138905,1
18-300-00107,2026-06-22,26.5,30.72,111.3,155.2,39.5,10258.1,28.3,663.1,18.517283950617283,2.558384259661521,0
18-300-00107,2026-06-23,38.4,22.080000000000002,129.4,185.20000000000002,39.5,10258.1,28.3,663.1,26.832592592592594,3.707243606452921,0
18-300-00107,2026-06-24,27.6,7.840000000000001,92.5,205.3,39.5,10258.1,28.3,663.1,19.285925925925927,2.664581342138037,0
18-300-00107,2026-06-25,9.8,23.040000000000003,75.8,188.10000000000002,39.5,10258.1,28.3,663.1,6.847901234567902,0.946119462063506,0
18-300-00107,2026-06-26,28.8,11.280000000000001,66.2,215.9,39.5,10258.1,28.3,663.1,20.124444444444446,2.780432704839691,0
18-300-00107,2026-06-27,14.1,17.12,52.7,209.7,39.5,10258.1,28.3,663.1,9.852592592592591,1.3612535117444318,0
18-300-00107,2026-06-28,21.4,37.92,64.30000000000001,166.6,39.5,10258.1,28.3,663.1,14.95358024691358,2.0660159681794923,0
18-300-00107,2026-06-29,47.4,11.840000000000002,82.9,187.5,39.5,10258.1,28.3,663.1,33.12148148148148,4.576128826715324,0
18-300-00107,2026-06-30,14.8,15.76,83.60000000000001,163.9,39.5,10258.1,28.3,663.1,10.341728395061729,1.4288334733203967,0
18-300-00107,2026-07-01,19.7,8.16,81.9,156.0,39.5,10258.1,28.3,663.1,13.765679012345679,1.9018932043521495,0
18-300-00107,2026-07-02,10.2,4.88,44.7,156.39999999999998,39.5,10258.1,28.3,663.1,7.127407407407406,0.984736582964057,0
18-300-00107,2026-07-03,6.1,12.48,36.0,133.70000000000002,39.5,10258.1,28.3,663.1,4.262469135802469,0.5889110937334067,0
18-300-00107,2026-07-04,15.6,23.200000000000003,31.9,135.2,39.5,10258.1,28.3,663.1,10.90074074074074,1.506067715121499,0
18-300-00107,2026-07-05,29.0,37.68,50.7,142.79999999999998,39.5,10258.1,28.3,663.1,20.264197530864198,2.799741265289966,0
18-300-00107,2026-07-06,47.1,6.88,91.69999999999999,142.5,39.5,10258.1,28.3,663.1,32.91185185185185,4.547165986039911,0
18-300-00107,2026-07-07,8.6,16.880000000000003,84.7,136.3,39.5,10258.1,28.3,663.1,6.009382716049383,0.830268099361852,0
18-300-00107,2026-07-08,21.1,19.92,76.80000000000001,137.7,39.5,10258.1,28.3,663.1,14.743950617283954,2.037053127504079,0
18-300-00107,2026-07-09,24.9,11.36,54.599999999999994,152.4,39.5,10258.1,28.3,663.1,17.399259259259257,2.4039157760593155,0
18-300-00107,2026-07-10,14.2,30.64,60.19999999999999,160.5,39.5,10258.1,28.3,663.1,9.92246913580247,1.3709077919695696,0
18-300-00107,2026-07-11,38.3,69.2,77.39999999999998,183.2,39.5,10258.1,28.3,663.1,26.762716049382714,3.697589326227783,0
18-300-00107,2026-07-12,86.5,194.24,138.99999999999997,240.7,39.5,10258.1,28.3,663.1,60.443209876543214,8.35095239474421,1
18-300-00107,2026-07-13,242.8,7.120000000000001,367.59999999999997,436.4,39.5,10258.1,28.3,663.1,169.66024691358027,23.440592386634616,1
18-300-00107,2026-07-14,8.9,12.4,338.19999999999993,436.7,39.5,10258.1,28.3,663.1,6.219012345679013,0.8592309400372655,0
18-300-00107,2026-07-15,15.5,3.3600000000000003,267.19999999999993,431.09999999999997,39.5,10258.1,28.3,663.1,10.830864197530865,1.4964134348963614,0
18-300-00107,2026-07-16,4.2,17.44,28.599999999999945,410.40000000000003,39.5,10258.1,28.3,663.1,2.934814814814815,0.40547976945578823,0
18-300-00107,2026-07-17,21.8,18.880000000000003,41.49999999999994,417.99999999999994,39.5,10258.1,28.3,663.1,15.233086419753088,2.1046330890800435,0
18-300-00107,2026-07-18,23.6,29.360000000000003,49.59999999999995,403.3,39.5,10258.1,28.3,663.1,16.49086419753087,2.278410133132524,0
18-300-00107,2026-07-19,36.7,22.96,82.09999999999995,353.5,39.5,10258.1,28.3,663.1,25.644691358024694,3.5431208426255782,0
18-300-00107,2026-07-20,28.7,3.44,88.99999999999996,139.4,39.5,10258.1,28.3,663.1,20.05456790123457,2.770778424614553,0
18-300-00107,2026-07-21,4.3,20.400000000000002,69.69999999999995,134.79999999999998,39.5,10258.1,28.3,663.1,3.0046913580246914,0.415134049680926,0
18-300-00107,2026-07-22,25.5,7.920000000000001,58.49999999999994,144.8,39.5,10258.1,28.3,663.1,17.818518518518516,2.461841457410143,0
18-300-00107,2026-07-23,9.9,1.04,39.699999999999946,150.5,39.5,10258.1,28.3,663.1,6.917777777777778,0.9557737422886436,0
18-300-00107,2026-07-24,1.3,0.8,36.699999999999946,130.0,39.5,10258.1,28.3,663.1,0.908395061728395,0.1255056429267916,0
18-300-00107,2026-07-25,1.0,0.5599999999999999,12.199999999999944,107.4,39.5,10258.1,28.3,663.1,0.6987654320987654,0.09654280225137815,0
18-300-00107,2026-07-26,0.7,5.920000000000001,2.999999999999943,71.4,39.5,10258.1,28.3,663.1,0.4891358024691358,0.0675799615759647,0
18-300-00107,2026-07-27,7.4,0.32000000000000006,9.099999999999943,50.099999999999994,39.5,10258.1,28.3,663.1,5.1708641975308645,0.7144167366601983,0
18-300-00107,2026-07-28,0.4,23.200000000000003,8.499999999999943,46.2,39.5,10258.1,28.3,663.1,0.2795061728395062,0.03861712090055126,0
18-300-00107,2026-07-29,29.0,11.600000000000001,36.79999999999994,49.7,39.5,10258.1,28.3,663.1,20.264197530864198,2.799741265289966,0
18-300-00107,2026-07-30,14.5,7.28,43.89999999999995,54.3,39.5,10258.1,28.3,663.1,10.132098765432099,1.399870632644983,0
18-300-00107,2026-07-31,9.1,9.200000000000001,52.599999999999945,62.099999999999994,39.5,10258.1,28.3,663.1,6.358765432098765,0.878539500487541,0
18-300-00107,2026-08-01,11.5,17.040000000000003,35.099999999999945,72.6,39.5,10258.1,28.3,663.1,8.035802469135803,1.1102422258908486,0
18-300-00107,2026-08-02,21.3,11.76,41.89999999999994,93.19999999999999,39.5,10258.1,28.3,663.1,14.883703703703706,2.0563616879543547,0
18-300-00107,2026-08-03,14.7,29.28,47.49999999999994,100.5,39.5,10258.1,28.3,663.1,10.271851851851851,1.4191791930952586,0
18-300-00107,2026-08-04,36.6,26.560000000000002,72.59999999999994,136.7,39.5,10258.1,28.3,663.1,25.574814814814815,3.53346656240044,0
18-300-00107,2026-08-05,33.2,3.3600000000000003,84.49999999999994,140.9,39.5,10258.1,28.3,663.1,23.199012345679012,3.2052210347457546,0
18-300-00107,2026-08-06,4.2,1.52,73.99999999999994,130.6,39.5,10258.1,28.3,663.1,2.934814814814815,0.40547976945578823,0
18-300-00107,2026-08-07,1.9,8.16,39.29999999999995,123.4,39.5,10258.1,28.3,663.1,1.3276543209876541,0.18343132427761846,0
18-300-00107,2026-08-08,10.2,12.4,16.29999999999994,122.10000000000001,39.5,10258.1,28.3,663.1,7.127407407407406,0.984736582964057,0
18-300-00107,2026-08-09,15.5,1.1199999999999999,27.599999999999945,116.30000000000001,39.5,10258.1,28.3,663.1,10.830864197530865,1.4964134348963614,0
18-300-00107,2026-08-10,1.4,0.48,27.09999999999994,103.00000000000001,39.5,10258.1,28.3,663.1,0.9782716049382716,0.1351599231519294,0
18-300-00107,2026-08-11,0.6,1.8399999999999999,17.49999999999994,67.0,39.5,10258.1,28.3,663.1,0.4192592592592593,0.05792568135082689,0
18-300-00107,2026-08-12,2.3,2.08,4.299999999999943,36.1,39.5,10258.1,28.3,663.1,1.6071604938271606,0.2220484451781697,0
18-300-00107,2026-08-13,2.6,19.28,5.499999999999943,34.5,39.5,10258.1,28.3,663.1,1.81679012345679,0.2510112858535832,0
18-300-00107,2026-08-14,24.1,1.2800000000000002,28.999999999999943,56.7,39.5,10258.1,28.3,663.1,16.84024691358025,2.3266815342582134,0
18-300-00107,2026-08-15,1.6,1.1199999999999999,28.299999999999944,48.1,39.5,10258.1,28.3,663.1,1.1180246913580247,0.15446848360220505,0
18-300-00107,2026-08-16,1.4,32.88,27.099999999999945,34.0,39.5,10258.1,28.3,663.1,0.9782716049382716,0.1351599231519294,0
18-300-00107,2026-08-17,41.1,10.240000000000002,44.099999999999945,73.7,39.5,10258.1,28.3,663.1,28.71925925925926,3.967909172531642,0
18-300-00107,2026-08-18,12.8,0.96,55.29999999999994,85.9,39.5,10258.1,28.3,663.1,8.944197530864198,1.2357478688176404,0
18-300-00107,2026-08-19,1.2,0.48,55.099999999999945,84.8,39.5,10258.1,28.3,663.1,0.8385185185185186,0.11585136270165378,0
18-300-00107,2026-08-20,0.6,8.4,14.599999999999945,82.8,39.5,10258.1,28.3,663.1,0.4192592592592593,0.05792568135082689,0
18-300-00107,2026-08-21,10.5,0.16000000000000003,12.299999999999944,69.2,39.5,10258.1,28.3,663.1,7.337037037037038,1.0136994236394705,0
18-300-00107,2026-08-22,0.2,2.4800000000000004,11.299999999999944,67.80000000000001,39.5,10258.1,28.3,663.1,0.1397530864197531,0.01930856045027563,0
18-300-00107,2026-08-23,3.1,2.72,13.799999999999944,69.5,39.5,10258.1,28.3,663.1,2.166172839506173,0.29928268697927224,0
18-300-00107,2026-08-24,3.4,8.24,6.699999999999943,31.8,39.5,10258.1,28.3,663.1,2.3758024691358024,0.3282455276546857,0
18-300-00107,2026-08-25,10.3,7.2,16.799999999999944,29.3,39.5,10258.1,28.3,663.1,7.197283950617284,0.994390863189195,0
18-300-00107,2026-08-26,9.0,4.4,22.699999999999946,37.1,39.5,10258.1,28.3,663.1,6.28888888888889,0.8688852202624033,0
18-300-00107,2026-08-27,5.5,7.2,24.799999999999947,42.0,39.5,10258.1,28.3,663.1,3.84320987654321,0.5309854123825798,0
18-300-00107,2026-08-28,9.0,3.9200000000000004,23.499999999999943,40.5,39.5,10258.1,28.3,663.1,6.28888888888889,0.8688852202624033,0
18-300-00107,2026-08-29,4.9,24.72,19.39999999999994,45.199999999999996,39.5,10258.1,28.3,663.1,3.423950617283951,0.473059731031753,0
18-300-00107,2026-08-30,30.9,12.8,44.79999999999994,73.0,39.5,10258.1,28.3,663.1,21.591851851851853,2.9831725895675847,0
18-300-00107,2026-08-31,16.0,11.68,51.79999999999994,85.6,39.5,10258.1,28.3,663.1,11.180246913580246,1.5446848360220504,0
18-300-00107,2026-09-01,14.6,0.32000000000000006,61.49999999999994,89.89999999999999,39.5,10258.1,28.3,663.1,10.201975308641975,1.4095249128701208,0
18-300-00107,2026-09-02,0.4,2.08,30.999999999999943,81.3,39.5,10258.1,28.3,663.1,0.2795061728395062,0.03861712090055126,0
18-300-00107,2026-09-03,2.6,10.48,17.599999999999945,78.39999999999999,39.5,10258.1,28.3,663.1,1.81679012345679,0.2510112858535832,0
18-300-00107,2026-09-04,13.1,0.8800000000000001,16.099999999999945,82.5,39.5,10258.1,28.3,663.1,9.153827160493828,1.2647107094930536,0
18-300-00107,2026-09-05,1.1,2.72,16.799999999999944,78.69999999999999,39.5,10258.1,28.3,663.1,0.7686419753086421,0.10619708247651596,0
18-300-00107,2026-09-06,3.4,3.84,17.599999999999945,51.2,39.5,10258.1,28.3,663.1,2.3758024691358024,0.3282455276546857,0
18-300-00107,2026-09-07,4.8,0.8,9.299999999999944,40.0,39.5,10258.1,28.3,663.1,3.354074074074074,0.4634054508066151,0
18-300-00107,2026-09-08,1.0,1.04,9.199999999999942,26.4,39.5,10258.1,28.3,663.1,0.6987654320987654,0.09654280225137815,0
18-300-00107,2026-09-09,1.3,1.8399999999999999,7.099999999999943,27.3,39.5,10258.1,28.3,663.1,0.908395061728395,0.1255056429267916,0
18-300-00107,2026-09-10,2.3,2.2399999999999998,4.599999999999943,27.0,39.5,10258.1,28.3,663.1,1.6071604938271606,0.2220484451781697,0
18-300-00107,2026-09-11,2.8,9.040000000000001,6.399999999999943,16.7,39.5,10258.1,28.3,663.1,1.9565432098765432,0.2703198463038588,0
18-300-00107,2026-09-12,11.3,22.560000000000002,16.39999999999994,26.9,39.5,10258.1,28.3,663.1,7.89604938271605,1.090933665440573,0
18-300-00107,2026-09-13,28.2,0.0,42.29999999999994,51.7,39.5,10258.1,28.3,663.1,19.705185185185183,2.7225070234888635,0
18-300-00107,2026-09-14,0.0,1.6,39.49999999999994,46.9,39.5,10258.1,28.3,663.1,0.0,0.0,0
18-300-00107,2026-09-15,2.0,6.08,30.199999999999942,47.9,39.5,10258.1,28.3,663.1,1.3975308641975308,0.1930856045027563,0
18-300-00107,2026-09-16,7.6,16.64,9.599999999999946,54.2,39.5,10258.1,28.3,663.1,5.3106172839506165,0.7337252971104739,0
18-300-00107,2026-09-17,20.8,20.64,30.39999999999995,72.7,39.5,10258.1,28.3,663.1,14.53432098765432,2.0080902868286654,0
18-300-00107,2026-09-18,25.8,0.0,54.199999999999946,95.7,39.5,10258.1,28.3,663.1,18.028148148148148,2.490804298085556,0
18-300-00107,2026-09-19,0.0,0.0,46.599999999999945,84.39999999999999,39.5,10258.1,28.3,663.1,0.0,0.0,0
18-300-00108,2025-09-19,10.4,0.4,10.4,10.4,92.31,4631.2,28.3,1177.1,3.154217125709999,2.1981738248224554,0
18-300-00108,2025-09-20,0.5,2.16,10.9,10.9,92.31,4631.2,28.3,1177.1,0.15164505412067303,0.10568143388569498,0
18-300-00108,2025-09-21,2.7,5.920000000000001,13.600000000000001,13.600000000000001,92.31,4631.2,28.3,1177.1,0.8188832922516345,0.5706797429827529,0
18-300-00108,2025-09-22,7.4,1.6,10.600000000000001,21.0,92.31,4631.2,28.3,1177.1,2.244346800985961,1.5640852215082857,0
18-300-00108,2025-09-23,2.0,2.16,12.100000000000001,23.0,92.31,4631.2,28.3,1177.1,0.6065802164826921,0.4227257355427799,0
18-300-00108,2025-09-24,2.7,0.08000000000000002,12.100000000000001,25.700000000000003,92.31,4631.2,28.3,1177.1,0.8188832922516345,0.5706797429827529,0
18-300-00108,2025-09-25,0.1,0.0,4.8,25.8,92.31,4631.2,28.3,1177.1,0.030329010824134604,0.021136286777138996,0
18-300-00108,2025-09-26,0.0,1.7600000000000002,2.8000000000000003,15.4,92.31,4631.2,28.3,1177.1,0.0,0.0,0
18-300-00108,2025-09-27,2.2,2.8800000000000003,2.3000000000000003,17.1,92.31,4631.2,28.3,1177.1,0.6672382381309614,0.4649983090970579,0
18-300-00108,2025-09-28,3.6,0.7200000000000001,5.800000000000001,18.0,92.31,4631.2,28.3,1177.1,1.091844389668846,0.7609063239770039,0
18-300-00108,2025-09-29,0.9,10.240000000000002,6.7,11.5,92.31,4631.2,28.3,1177.1,0.2729610974172115,0.19022658099425097,0
18-300-00108,2025-09-30,12.8,28.8,17.3,22.3,92.31,4631.2,28.3,1177.1,3.8821133854892294,2.7054447074737915,0
18-300-00108,2025-10-01,36.0,10.96,49.7,55.6,92.31,4631.2,28.3,1177.1,10.918443896688458,7.609063239770038,0
18-300-00108,2025-10-02,13.7,5.760000000000001,62.5,69.2,92.31,4631.2,28.3,1177.1,4.155074482906441,2.895671288468042,0
18-300-00108,2025-10-03,7.2,9.440000000000001,56.9,76.4,92.31,4631.2,28.3,1177.1,2.183688779337692,1.5218126479540077,0
18-300-00108,2025-10-04,11.8,23.040000000000003,32.7,86.0,92.31,4631.2,28.3,1177.1,3.578823277247884,2.4940818397024014,0
18-300-00108,2025-10-05,28.8,2.2399999999999998,47.8,111.2,92.31,4631.2,28.3,1177.1,8.734755117350767,6.087250591816031,0
18-300-00108,2025-10-06,2.8,1.8399999999999999,43.4,113.1,92.31,4631.2,28.3,1177.1,0.8492123030757689,0.5918160297598918,0
18-300-00108,2025-10-07,2.3,1.8399999999999999,33.9,102.6,92.31,4631.2,28.3,1177.1,0.6975672489550959,0.48613459587419683,0
18-300-00108,2025-10-08,2.3,0.4,7.3999999999999995,68.9,92.31,4631.2,28.3,1177.1,0.6975672489550959,0.48613459587419683,0
18-300-00108,2025-10-09,0.5,1.92,5.1,55.699999999999996,92.31,4631.2,28.3,1177.1,0.15164505412067303,0.10568143388569498,0
18-300-00108,2025-10-10,2.4,2.2399999999999998,5.199999999999999,50.9,92.31,4631.2,28.3,1177.1,0.7278962597792306,0.5072708826513359,0
18-300-00108,2025-10-11,2.8,0.48,5.699999999999999,41.9,92.31,4631.2,28.3,1177.1,0.8492123030757689,0.5918160297598918,0
18-300-00108,2025-10-12,0.6,0.5599999999999999,5.8,13.7,92.31,4631.2,28.3,1177.1,0.18197406494480764,0.12681772066283398,0
18-300-00108,2025-10-13,0.7,0.0,4.1,11.599999999999998,92.31,4631.2,28.3,1177.1,0.21230307576894222,0.14795400743997295,0
18-300-00108,2025-10-14,0.0,0.0,1.2999999999999998,9.299999999999999,92.31,4631.2,28.3,1177.1,0.0,0.0,0
18-300-00108,2025-10-15,0.0,0.0,0.7,7.0,92.31,4631.2,28.3,1177.1,0.0,0.0,0
18-300-00108,2025-10-16,0.0,0.0,0.0,6.5,92.31,4631.2,28.3,1177.1,0.0,0.0,0
18-300-00108,2025-10-17,0.0,0.0,0.0,4.1,92.31,4631.2,28.3,1177.1,0.0,0.0,0
18-300-00108,2025-10-18,0.0,0.0,0.0,1.2999999999999998,92.31,4631.2,28.3,1177.1,0.0,0.0,0
18-300-00108,2025-10-19,0.0,0.0,0.0,0.7,92.31,4631.2,28.3,1177.1,0.0,0.0,0
18-300-00108,2025-10-20,0.0,0.0,0.0,0.0,92.31,4631.2,28.3,1177.1,0.0,0.0,0
18-300-00108,2025-10-21,0.0,0.0,0.0,0.0,92.31,4631.2,28.3,1177.1,0.0,0.0,0
18-300-00108,2025-10-22,0.0,0.0,0.0,0.0,92.31,4631.2,28.3,1177.1,0.0,0.0,0
18-300-00108,2025-10-23,0.0,0.6400000000000001,0.0,0.0,92.31,4631.2,28.3,1177.1,0.0,0.0,0
18-300-00108,2025-10-24,0.8,6.56,0.8,0.8,92.31,4631.2,28.3,1177.1,0.24263208659307683,0.16909029421711197,0
18-300-00108,2025-10-25,8.2,0.0,9.0,9.0,92.31,4631.2,28.3,1177.1,2.486978887579037,1.7331755157253974,0
18-300-00108,2025-10-26,0.0,0.0,9.0,9.0,92.31,4631.2,28.3,1177.1,0.0,0.0,0
18-300-00108,2025-10-27,0.0,0.0,8.2,9.0,92.31,4631.2,28.3,1177.1,0.0,0.0,0
18-300-00108,2025-10-28,0.0,1.04,0.0,9.0,92.31,4631.2,28.3,1177.1,0.0,0.0,0
18-300-00108,2025-10-29,1.3,6.96,1.3,10.3,92.31,4631.2,28.3,1177.1,0.39427714071374986,0.2747717281028069,0
18-300-00108,2025-10-30,8.7,16.880000000000003,10.0,19.0,92.31,4631.2,28.3,1177.1,2.63862394169971,1.8388569496110925,0
18-300-00108,2025-10-31,21.1,33.92,31.1,39.3,92.31,4631.2,28.3,1177.1,6.399421283892402,4.459756509976328,0
18-300-00108,2025-11-01,42.4,0.08000000000000002,72.2,73.5,92.31,4631.2,28.3,1177.1,12.859500589433074,8.961785593506933,0
18-300-00108,2025-11-02,0.1,0.0,63.599999999999994,73.6,92.31,4631.2,28.3,1177.1,0.030329010824134604,0.021136286777138996,0
18-300-00108,2025-11-03,0.0,0.0,42.5,73.6,92.31,4631.2,28.3,1177.1,0.0,0.0,0
18-300-00108,2025-11-04,0.0,0.08000000000000002,0.0999999999999929,73.6,92.31,4631.2,28.3,1177.1,0.0,0.0,0
18-300-00108,2025-11-05,0.1,0.7200000000000001,0.0999999999999929,72.4,92.31,4631.2,28.3,1177.1,0.030329010824134604,0.021136286777138996,0
18-300-00108,2025-11-06,0.9,0.08000000000000002,0.9999999999999929,64.6,92.31,4631.2,28.3,1177.1,0.2729610974172115,0.19022658099425097,0
18-300-00108,2025-11-07,0.1,0.0,1.099999999999993,43.6,92.31,4631.2,28.3,1177.1,0.030329010824134604,0.021136286777138996,0
18-300-00108,2025-11-08,0.0,0.0,0.9999999999999929,1.2000000000000002,92.31,4631.2,28.3,1177.1,0.0,0.0,0
18-300-00108,2025-11-09,0.0,0.0,0.0999999999999929,1.1,92.31,4631.2,28.3,1177.1,0.0,0.0,0
18-300-00108,2025-11-10,0.0,0.08000000000000002,0.0,1.1,92.31,4631.2,28.3,1177.1,0.0,0.0,0
18-300-00108,2025-11-11,0.1,0.0,0.0999999999999929,1.2,92.31,4631.2,28.3,1177.1,0.030329010824134604,0.021136286777138996,0
18-300-00108,2025-11-12,0.0,0.0,0.0999999999999929,1.1,92.31,4631.2,28.3,1177.1,0.0,0.0,0
18-300-00108,2025-11-13,0.0,0.08000000000000002,0.0999999999999929,0.2,92.31,4631.2,28.3,1177.1,0.0,0.0,0
18-300-00108,2025-11-14,0.1,0.0,0.0999999999999929,0.2,92.31,4631.2,28.3,1177.1,0.030329010824134604,0.021136286777138996,0
18-300-00108,2025-11-15,0.0,0.0,0.0999999999999929,0.2,92.31,4631.2,28.3,1177.1,0.0,0.0,0
18-300-00108,2025-11-16,0.0,0.0,0.0999999999999929,0.2,92.31,4631.2,28.3,1177.1,0.0,0.0,0
18-300-00108,2025-11-17,0.0,0.0,0.0,0.2,92.31,4631.2,28.3,1177.1,0.0,0.0,0
18-300-00108,2025-11-18,0.0,0.0,0.0,0.1,92.31,4631.2,28.3,1177.1,0.0,0.0,0
18-300-00108,2025-11-19,0.0,0.0,0.0,0.1,92.31,4631.2,28.3,1177.1,0.0,0.0,0
18-300-00108,2025-11-20,0.0,0.0,0.0,0.1,92.31,4631.2,28.3,1177.1,0.0,0.0,0
18-300-00108,2025-11-21,0.0,0.5599999999999999,0.0,0.0,92.31,4631.2,28.3,1177.1,0.0,0.0,0
18-300-00108,2025-11-22,0.7,0.96,0.6999999999999929,0.7,92.31,4631.2,28.3,1177.1,0.21230307576894222,0.14795400743997295,0
18-300-00108,2025-11-23,1.2,0.0,1.8999999999999928,1.9,92.31,4631.2,28.3,1177.1,0.3639481298896153,0.25363544132566795,0
18-300-00108,2025-11-24,0.0,0.08000000000000002,1.8999999999999928,1.9,92.31,4631.2,28.3,1177.1,0.0,0.0,0
18-300-00108,2025-11-25,0.1,0.0,1.299999999999993,2.0,92.31,4631.2,28.3,1177.1,0.030329010824134604,0.021136286777138996,0
18-300-00108,2025-11-26,0.0,0.0,0.0999999999999929,2.0,92.31,4631.2,28.3,1177.1,0.0,0.0,0
18-300-00108,2025-11-27,0.0,0.0,0.0999999999999929,2.0,92.31,4631.2,28.3,1177.1,0.0,0.0,0
18-300-00108,2025-11-28,0.0,0.0,0.0,2.0,92.31,4631.2,28.3,1177.1,0.0,0.0,0
18-300-00108,2025-11-29,0.0,0.08000000000000002,0.0,1.3,92.31,4631.2,28.3,1177.1,0.0,0.0,0
18-300-00108,2025-11-30,0.1,0.0,0.0999999999999929,0.2,92.31,4631.2,28.3,1177.1,0.030329010824134604,0.021136286777138996,0
18-300-00108,2025-12-01,0.0,0.0,0.0999999999999929,0.2,92.31,4631.2,28.3,1177.1,0.0,0.0,0
18-300-00108,2025-12-02,0.0,0.0,0.0999999999999929,0.1,92.31,4631.2,28.3,1177.1,0.0,0.0,0
18-300-00108,2025-12-03,0.0,0.0,0.0,0.1,92.31,4631.2,28.3,1177.1,0.0,0.0,0
18-300-00108,2025-12-04,0.0,0.0,0.0,0.1,92.31,4631.2,28.3,1177.1,0.0,0.0,0
18-300-00108,2025-12-05,0.0,0.0,0.0,0.1,92.31,4631.2,28.3,1177.1,0.0,0.0,0
18-300-00108,2025-12-06,0.0,0.0,0.0,0.1,92.31,4631.2,28.3,1177.1,0.0,0.0,0
18-300-00108,2025-12-07,0.0,0.0,0.0,0.0,92.31,4631.2,28.3,1177.1,0.0,0.0,0
18-300-00108,2025-12-08,0.0,0.0,0.0,0.0,92.31,4631.2,28.3,1177.1,0.0,0.0,0
18-300-00108,2025-12-09,0.0,0.0,0.0,0.0,92.31,4631.2,28.3,1177.1,0.0,0.0,0
18-300-00108,2025-12-10,0.0,0.0,0.0,0.0,92.31,4631.2,28.3,1177.1,0.0,0.0,0
18-300-00108,2025-12-11,0.0,0.0,0.0,0.0,92.31,4631.2,28.3,1177.1,0.0,0.0,0
18-300-00108,2025-12-12,0.0,0.0,0.0,0.0,92.31,4631.2,28.3,1177.1,0.0,0.0,0
18-300-00108,2025-12-13,0.0,0.0,0.0,0.0,92.31,4631.2,28.3,1177.1,0.0,0.0,0
18-300-00108,2025-12-14,0.0,0.0,0.0,0.0,92.31,4631.2,28.3,1177.1,0.0,0.0,0
18-300-00108,2025-12-15,0.0,0.0,0.0,0.0,92.31,4631.2,28.3,1177.1,0.0,0.0,0
18-300-00108,2025-12-16,0.0,0.0,0.0,0.0,92.31,4631.2,28.3,1177.1,0.0,0.0,0
18-300-00108,2025-12-17,0.0,0.0,0.0,0.0,92.31,4631.2,28.3,1177.1,0.0,0.0,0
18-300-00108,2025-12-18,0.0,0.0,0.0,0.0,92.31,4631.2,28.3,1177.1,0.0,0.0,0
18-300-00108,2025-12-19,0.0,0.0,0.0,0.0,92.31,4631.2,28.3,1177.1,0.0,0.0,0
18-300-00108,2025-12-20,0.0,0.0,0.0,0.0,92.31,4631.2,28.3,1177.1,0.0,0.0,0
18-300-00108,2025-12-21,0.0,0.0,0.0,0.0,92.31,4631.2,28.3,1177.1,0.0,0.0,0
18-300-00108,2025-12-22,0.0,0.0,0.0,0.0,92.31,4631.2,28.3,1177.1,0.0,0.0,0
18-300-00108,2025-12-23,0.0,0.32000000000000006,0.0,0.0,92.31,4631.2,28.3,1177.1,0.0,0.0,0
18-300-00108,2025-12-24,0.4,0.0,0.3999999999999929,0.4,92.31,4631.2,28.3,1177.1,0.12131604329653842,0.08454514710855598,0
18-300-00108,2025-12-25,0.0,0.0,0.3999999999999929,0.4,92.31,4631.2,28.3,1177.1,0.0,0.0,0
18-300-00108,2025-12-26,0.0,0.08000000000000002,0.3999999999999929,0.4,92.31,4631.2,28.3,1177.1,0.0,0.0,0
18-300-00108,2025-12-27,0.1,0.0,0.0999999999999929,0.5,92.31,4631.2,28.3,1177.1,0.030329010824134604,0.021136286777138996,0
18-300-00108,2025-12-28,0.0,0.0,0.0999999999999929,0.5,92.31,4631.2,28.3,1177.1,0.0,0.0,0
18-300-00108,2025-12-29,0.0,0.0,0.0999999999999929,0.5,92.31,4631.2,28.3,1177.1,0.0,0.0,0
18-300-00108,2025-12-30,0.0,0.0,0.0,0.5,92.31,4631.2,28.3,1177.1,0.0,0.0,0
18-300-00108,2025-12-31,0.0,0.0,0.0,0.1,92.31,4631.2,28.3,1177.1,0.0,0.0,0
18-300-00108,2026-01-01,0.0,0.16000000000000003,0.0,0.1,92.31,4631.2,28.3,1177.1,0.0,0.0,0
18-300-00108,2026-01-02,0.2,0.8,0.1999999999999929,0.30000000000000004,92.31,4631.2,28.3,1177.1,0.06065802164826921,0.04227257355427799,0
18-300-00108,2026-01-03,1.0,0.0,1.1999999999999929,1.2,92.31,4631.2,28.3,1177.1,0.30329010824134606,0.21136286777138996,0
18-300-00108,2026-01-04,0.0,0.0,1.1999999999999929,1.2000000000000002,92.31,4631.2,28.3,1177.1,0.0,0.0,0
18-300-00108,2026-01-05,0.0,0.0,0.9999999999999929,1.2000000000000002,92.31,4631.2,28.3,1177.1,0.0,0.0,0
18-300-00108,2026-01-06,0.0,0.0,0.0,1.2000000000000002,92.31,4631.2,28.3,1177.1,0.0,0.0,0
18-300-00108,2026-01-07,0.0,0.0,0.0,1.2000000000000002,92.31,4631.2,28.3,1177.1,0.0,0.0,0
18-300-00108,2026-01-08,0.0,0.0,0.0,1.2000000000000002,92.31,4631.2,28.3,1177.1,0.0,0.0,0
18-300-00108,2026-01-09,0.0,0.0,0.0,1.0,92.31,4631.2,28.3,1177.1,0.0,0.0,0
18-300-00108,2026-01-10,0.0,0.0,0.0,0.0,92.31,4631.2,28.3,1177.1,0.0,0.0,0
18-300-00108,2026-01-11,0.0,0.0,0.0,0.0,92.31,4631.2,28.3,1177.1,0.0,0.0,0
18-300-00108,2026-01-12,0.0,0.0,0.0,0.0,92.31,4631.2,28.3,1177.1,0.0,0.0,0
18-300-00108,2026-01-13,0.0,0.0,0.0,0.0,92.31,4631.2,28.3,1177.1,0.0,0.0,0
18-300-00108,2026-01-14,0.0,0.0,0.0,0.0,92.31,4631.2,28.3,1177.1,0.0,0.0,0
18-300-00108,2026-01-15,0.0,0.0,0.0,0.0,92.31,4631.2,28.3,1177.1,0.0,0.0,0
18-300-00108,2026-01-16,0.0,0.0,0.0,0.0,92.31,4631.2,28.3,1177.1,0.0,0.0,0
18-300-00108,2026-01-17,0.0,0.0,0.0,0.0,92.31,4631.2,28.3,1177.1,0.0,0.0,0
18-300-00108,2026-01-18,0.0,0.0,0.0,0.0,92.31,4631.2,28.3,1177.1,0.0,0.0,0
18-300-00108,2026-01-19,0.0,0.0,0.0,0.0,92.31,4631.2,28.3,1177.1,0.0,0.0,0
18-300-00108,2026-01-20,0.0,0.0,0.0,0.0,92.31,4631.2,28.3,1177.1,0.0,0.0,0
18-300-00108,2026-01-21,0.0,0.0,0.0,0.0,92.31,4631.2,28.3,1177.1,0.0,0.0,0
18-300-00108,2026-01-22,0.0,0.0,0.0,0.0,92.31,4631.2,28.3,1177.1,0.0,0.0,0
18-300-00108,2026-01-23,0.0,0.0,0.0,0.0,92.31,4631.2,28.3,1177.1,0.0,0.0,0
18-300-00108,2026-01-24,0.0,0.0,0.0,0.0,92.31,4631.2,28.3,1177.1,0.0,0.0,0
18-300-00108,2026-01-25,0.0,0.0,0.0,0.0,92.31,4631.2,28.3,1177.1,0.0,0.0,0
18-300-00108,2026-01-26,0.0,0.0,0.0,0.0,92.31,4631.2,28.3,1177.1,0.0,0.0,0
18-300-00108,2026-01-27,0.0,0.0,0.0,0.0,92.31,4631.2,28.3,1177.1,0.0,0.0,0
18-300-00108,2026-01-28,0.0,0.0,0.0,0.0,92.31,4631.2,28.3,1177.1,0.0,0.0,0
18-300-00108,2026-01-29,0.0,0.0,0.0,0.0,92.31,4631.2,28.3,1177.1,0.0,0.0,0
18-300-00108,2026-01-30,0.0,0.0,0.0,0.0,92.31,4631.2,28.3,1177.1,0.0,0.0,0
18-300-00108,2026-01-31,0.0,0.0,0.0,0.0,92.31,4631.2,28.3,1177.1,0.0,0.0,0
18-300-00108,2026-02-01,0.0,0.0,0.0,0.0,92.31,4631.2,28.3,1177.1,0.0,0.0,0
18-300-00108,2026-02-02,0.0,0.0,0.0,0.0,92.31,4631.2,28.3,1177.1,0.0,0.0,0
18-300-00108,2026-02-03,0.0,0.08000000000000002,0.0,0.0,92.31,4631.2,28.3,1177.1,0.0,0.0,0
18-300-00108,2026-02-04,0.1,0.0,0.0999999999999929,0.10000000000000012,92.31,4631.2,28.3,1177.1,0.030329010824134604,0.021136286777138996,0
18-300-00108,2026-02-05,0.0,0.0,0.0999999999999929,0.10000000000000012,92.31,4631.2,28.3,1177.1,0.0,0.0,0
18-300-00108,2026-02-06,0.0,0.0,0.0999999999999929,0.10000000000000012,92.31,4631.2,28.3,1177.1,0.0,0.0,0
18-300-00108,2026-02-07,0.0,0.0,0.0,0.10000000000000012,92.31,4631.2,28.3,1177.1,0.0,0.0,0
18-300-00108,2026-02-08,0.0,0.0,0.0,0.10000000000000012,92.31,4631.2,28.3,1177.1,0.0,0.0,0
18-300-00108,2026-02-09,0.0,0.0,0.0,0.10000000000000012,92.31,4631.2,28.3,1177.1,0.0,0.0,0
18-300-00108,2026-02-10,0.0,0.0,0.0,0.10000000000000012,92.31,4631.2,28.3,1177.1,0.0,0.0,0
18-300-00108,2026-02-11,0.0,0.0,0.0,0.0,92.31,4631.2,28.3,1177.1,0.0,0.0,0
18-300-00108,2026-02-12,0.0,0.0,0.0,0.0,92.31,4631.2,28.3,1177.1,0.0,0.0,0
18-300-00108,2026-02-13,0.0,0.0,0.0,0.0,92.31,4631.2,28.3,1177.1,0.0,0.0,0
18-300-00108,2026-02-14,0.0,0.0,0.0,0.0,92.31,4631.2,28.3,1177.1,0.0,0.0,0
18-300-00108,2026-02-15,0.0,0.0,0.0,0.0,92.31,4631.2,28.3,1177.1,0.0,0.0,0
18-300-00108,2026-02-16,0.0,0.0,0.0,0.0,92.31,4631.2,28.3,1177.1,0.0,0.0,0
18-300-00108,2026-02-17,0.0,0.0,0.0,0.0,92.31,4631.2,28.3,1177.1,0.0,0.0,0
18-300-00108,2026-02-18,0.0,0.0,0.0,0.0,92.31,4631.2,28.3,1177.1,0.0,0.0,0
18-300-00108,2026-02-19,0.0,0.0,0.0,0.0,92.31,4631.2,28.3,1177.1,0.0,0.0,0
18-300-00108,2026-02-20,0.0,0.0,0.0,0.0,92.31,4631.2,28.3,1177.1,0.0,0.0,0
18-300-00108,2026-02-21,0.0,0.0,0.0,0.0,92.31,4631.2,28.3,1177.1,0.0,0.0,0
18-300-00108,2026-02-22,0.0,0.0,0.0,0.0,92.31,4631.2,28.3,1177.1,0.0,0.0,0
18-300-00108,2026-02-23,0.0,0.0,0.0,0.0,92.31,4631.2,28.3,1177.1,0.0,0.0,0
18-300-00108,2026-02-24,0.0,0.4,0.0,0.0,92.31,4631.2,28.3,1177.1,0.0,0.0,0
18-300-00108,2026-02-25,0.5,0.0,0.4999999999999929,0.5000000000000001,92.31,4631.2,28.3,1177.1,0.15164505412067303,0.10568143388569498,0
18-300-00108,2026-02-26,0.0,0.0,0.4999999999999929,0.5000000000000001,92.31,4631.2,28.3,1177.1,0.0,0.0,0
18-300-00108,2026-02-27,0.0,0.08000000000000002,0.4999999999999929,0.5000000000000001,92.31,4631.2,28.3,1177.1,0.0,0.0,0
18-300-00108,2026-02-28,0.1,0.7200000000000001,0.0999999999999929,0.6000000000000001,92.31,4631.2,28.3,1177.1,0.030329010824134604,0.021136286777138996,0
18-300-00108,2026-03-01,0.9,0.0,0.9999999999999929,1.5,92.31,4631.2,28.3,1177.1,0.2729610974172115,0.19022658099425097,0
18-300-00108,2026-03-02,0.0,0.0,0.9999999999999929,1.5,92.31,4631.2,28.3,1177.1,0.0,0.0,0
18-300-00108,2026-03-03,0.0,0.0,0.8999999999999929,1.5,92.31,4631.2,28.3,1177.1,0.0,0.0,0
18-300-00108,2026-03-04,0.0,0.0,0.0,1.0,92.31,4631.2,28.3,1177.1,0.0,0.0,0
18-300-00108,2026-03-05,0.0,0.0,0.0,1.0,92.31,4631.2,28.3,1177.1,0.0,0.0,0
18-300-00108,2026-03-06,0.0,0.0,0.0,1.0,92.31,4631.2,28.3,1177.1,0.0,0.0,0
18-300-00108,2026-03-07,0.0,0.0,0.0,0.9000000000000001,92.31,4631.2,28.3,1177.1,0.0,0.0,0
18-300-00108,2026-03-08,0.0,3.6,0.0,0.0,92.31,4631.2,28.3,1177.1,0.0,0.0,0
18-300-00108,2026-03-09,4.5,0.4,4.499999999999993,4.5,92.31,4631.2,28.3,1177.1,1.3648054870860573,0.9511329049712548,0
18-300-00108,2026-03-10,0.5,2.9600000000000004,4.999999999999993,5.0,92.31,4631.2,28.3,1177.1,0.15164505412067303,0.10568143388569498,0
18-300-00108,2026-03-11,3.7,1.04,8.699999999999992,8.7,92.31,4631.2,28.3,1177.1,1.1221734004929804,0.7820426107541428,0
18-300-00108,2026-03-12,1.3,63.6,5.499999999999993,10.0,92.31,4631.2,28.3,1177.1,0.39427714071374986,0.2747717281028069,0
18-300-00108,2026-03-13,79.5,42.72,84.5,89.5,92.31,4631.2,28.3,1177.1,24.11156360518701,16.8033479878255,1
18-300-00108,2026-03-14,53.4,13.680000000000001,134.2,142.9,92.31,4631.2,28.3,1177.1,16.19569178008788,11.286777138992223,1
18-300-00108,2026-03-15,17.1,52.64,150.0,160.0,92.31,4631.2,28.3,1177.1,5.186260850927018,3.6143050388907683,0
18-300-00108,2026-03-16,65.8,16.400000000000002,136.3,221.3,92.31,4631.2,28.3,1177.1,19.95648912228057,13.907676699357458,1
18-300-00108,2026-03-17,20.5,18.880000000000003,103.39999999999999,241.3,92.31,4631.2,28.3,1177.1,6.217447218947593,4.332938789313494,0
18-300-00108,2026-03-18,23.6,11.440000000000001,109.9,261.2,92.31,4631.2,28.3,1177.1,7.157646554495768,4.988163679404803,0
18-300-00108,2026-03-19,14.3,7.76,58.400000000000006,274.2,92.31,4631.2,28.3,1177.1,4.337048547851249,3.0224890091308763,0
18-300-00108,2026-03-20,9.7,5.920000000000001,47.6,204.4,92.31,4631.2,28.3,1177.1,2.9419140499410563,2.0502198173824824,0
18-300-00108,2026-03-21,7.4,0.24,31.4,158.4,92.31,4631.2,28.3,1177.1,2.244346800985961,1.5640852215082857,0
18-300-00108,2026-03-22,0.3,0.16000000000000003,17.4,141.6,92.31,4631.2,28.3,1177.1,0.09098703247240382,0.06340886033141699,0
18-300-00108,2026-03-23,0.2,11.040000000000001,7.9,76.0,92.31,4631.2,28.3,1177.1,0.06065802164826921,0.04227257355427799,0
18-300-00108,2026-03-24,13.8,2.32,14.3,69.3,92.31,4631.2,28.3,1177.1,4.1854034937305755,2.9168075752451816,0
18-300-00108,2026-03-25,2.9,0.0,16.9,48.6,92.31,4631.2,28.3,1177.1,0.8795413138999034,0.6129523165370309,0
18-300-00108,2026-03-26,0.0,0.24,16.7,34.3,92.31,4631.2,28.3,1177.1,0.0,0.0,0
18-300-00108,2026-03-27,0.3,19.44,3.1999999999999997,24.900000000000002,92.31,4631.2,28.3,1177.1,0.09098703247240382,0.06340886033141699,0
18-300-00108,2026-03-28,24.3,2.0,24.6,41.8,92.31,4631.2,28.3,1177.1,7.36994963026471,5.136117686844776,0
18-300-00108,2026-03-29,2.5,1.2800000000000002,27.1,44.0,92.31,4631.2,28.3,1177.1,0.7582252706033651,0.5284071694284749,0
18-300-00108,2026-03-30,1.6,4.5600000000000005,28.400000000000002,45.4,92.31,4631.2,28.3,1177.1,0.48526417318615367,0.33818058843422394,0
18-300-00108,2026-03-31,5.7,8.72,9.8,37.300000000000004,92.31,4631.2,28.3,1177.1,1.7287536169756725,1.2047683462969228,0
18-300-00108,2026-04-01,10.9,4.08,18.200000000000003,45.300000000000004,92.31,4631.2,28.3,1177.1,3.305862179830672,2.3038552587081504,0
18-300-00108,2026-04-02,5.1,2.4800000000000004,21.7,50.400000000000006,92.31,4631.2,28.3,1177.1,1.5467795520308647,1.0779506256340887,0
18-300-00108,2026-04-03,3.1,0.6400000000000001,19.1,53.2,92.31,4631.2,28.3,1177.1,0.9401993355481728,0.6552248900913089,0
18-300-00108,2026-04-04,0.8,0.0,9.0,29.7,92.31,4631.2,28.3,1177.1,0.24263208659307683,0.16909029421711197,0
18-300-00108,2026-04-05,0.0,0.0,3.9000000000000004,27.2,92.31,4631.2,28.3,1177.1,0.0,0.0,0
18-300-00108,2026-04-06,0.0,5.36,0.8,25.599999999999998,92.31,4631.2,28.3,1177.1,0.0,0.0,0
18-300-00108,2026-04-07,6.7,6.56,6.7,26.6,92.31,4631.2,28.3,1177.1,2.0320437252170187,1.4161312140683127,0
18-300-00108,2026-04-08,8.2,26.0,14.899999999999999,23.9,92.31,4631.2,28.3,1177.1,2.486978887579037,1.7331755157253974,0
18-300-00108,2026-04-09,32.5,4.32,47.4,51.3,92.31,4631.2,28.3,1177.1,9.856928517843746,6.869293202570173,0
18-300-00108,2026-04-10,5.4,0.16000000000000003,46.099999999999994,53.599999999999994,92.31,4631.2,28.3,1177.1,1.637766584503269,1.1413594859655058,0
18-300-00108,2026-04-11,0.2,15.040000000000001,38.1,53.0,92.31,4631.2,28.3,1177.1,0.06065802164826921,0.04227257355427799,0
18-300-00108,2026-04-12,18.8,0.0,24.400000000000002,71.8,92.31,4631.2,28.3,1177.1,5.701854034937306,3.9736219141021314,0
18-300-00108,2026-04-13,0.0,0.96,19.0,71.8,92.31,4631.2,28.3,1177.1,0.0,0.0,0
18-300-00108,2026-04-14,1.2,14.080000000000002,20.0,66.3,92.31,4631.2,28.3,1177.1,0.3639481298896153,0.25363544132566795,0
18-300-00108,2026-04-15,17.6,4.960000000000001,18.8,75.7,92.31,4631.2,28.3,1177.1,5.337905905047691,3.7199864727764633,0
18-300-00108,2026-04-16,6.2,1.6800000000000002,25.0,49.400000000000006,92.31,4631.2,28.3,1177.1,1.8803986710963456,1.3104497801826178,0
18-300-00108,2026-04-17,2.1,11.520000000000001,25.900000000000002,46.1,92.31,4631.2,28.3,1177.1,0.6369092273068268,0.4438620223199189,0
18-300-00108,2026-04-18,14.4,22.240000000000002,22.700000000000003,60.300000000000004,92.31,4631.2,28.3,1177.1,4.367377558675384,3.0436252959080154,0
18-300-00108,2026-04-19,27.8,24.480000000000004,44.3,69.3,92.31,4631.2,28.3,1177.1,8.43146500910942,5.875887724044641,0
18-300-00108,2026-04-20,30.6,29.12,72.8,99.9,92.31,4631.2,28.3,1177.1,9.280677312185189,6.467703753804533,0
18-300-00108,2026-04-21,36.4,6.16,94.80000000000001,135.1,92.31,4631.2,28.3,1177.1,11.039759939984995,7.693608386878594,0
18-300-00108,2026-04-22,7.7,1.1199999999999999,74.69999999999999,125.2,92.31,4631.2,28.3,1177.1,2.3353338334583644,1.6274940818397026,0
18-300-00108,2026-04-23,1.4,4.5600000000000005,45.5,120.39999999999999,92.31,4631.2,28.3,1177.1,0.42460615153788445,0.2959080148799459,0
18-300-00108,2026-04-24,5.7,2.2399999999999998,14.8,124.0,92.31,4631.2,28.3,1177.1,1.7287536169756725,1.2047683462969228,0
18-300-00108,2026-04-25,2.8,17.84,9.9,112.39999999999999,92.31,4631.2,28.3,1177.1,0.8492123030757689,0.5918160297598918,0
18-300-00108,2026-04-26,22.3,19.040000000000003,30.8,106.9,92.31,4631.2,28.3,1177.1,6.7633694137820175,4.713391951301996,0
18-300-00108,2026-04-27,23.8,2.4000000000000004,48.900000000000006,100.10000000000001,92.31,4631.2,28.3,1177.1,7.218304576144036,5.030436252959081,0
18-300-00108,2026-04-28,3.0,11.040000000000001,49.10000000000001,66.7,92.31,4631.2,28.3,1177.1,0.9098703247240382,0.6340886033141698,0
18-300-00108,2026-04-29,13.8,9.76,40.6,72.8,92.31,4631.2,28.3,1177.1,4.1854034937305755,2.9168075752451816,0
18-300-00108,2026-04-30,12.2,8.32,29.0,83.60000000000001,92.31,4631.2,28.3,1177.1,3.7001393205444217,2.5786269868109573,0
18-300-00108,2026-05-01,10.4,9.200000000000001,36.4,88.30000000000001,92.31,4631.2,28.3,1177.1,3.154217125709999,2.1981738248224554,0
18-300-00108,2026-05-02,11.5,2.4000000000000004,34.1,97.00000000000001,92.31,4631.2,28.3,1177.1,3.487836244775479,2.4306729793709843,0
18-300-00108,2026-05-03,3.0,0.08000000000000002,24.9,77.7,92.31,4631.2,28.3,1177.1,0.9098703247240382,0.6340886033141698,0
18-300-00108,2026-05-04,0.1,4.800000000000001,14.6,54.0,92.31,4631.2,28.3,1177.1,0.030329010824134604,0.021136286777138996,0
18-300-00108,2026-05-05,6.0,8.0,9.1,57.0,92.31,4631.2,28.3,1177.1,1.8197406494480763,1.2681772066283397,0
18-300-00108,2026-05-06,10.0,0.32000000000000006,16.1,53.2,92.31,4631.2,28.3,1177.1,3.0329010824134603,2.1136286777138995,0
18-300-00108,2026-05-07,0.4,2.9600000000000004,16.4,41.4,92.31,4631.2,28.3,1177.1,0.12131604329653842,0.08454514710855598,0
18-300-00108,2026-05-08,3.7,0.5599999999999999,14.1,34.7,92.31,4631.2,28.3,1177.1,1.1221734004929804,0.7820426107541428,0
18-300-00108,2026-05-09,0.7,1.8399999999999999,4.8,23.900000000000002,92.31,4631.2,28.3,1177.1,0.21230307576894222,0.14795400743997295,0
18-300-00108,2026-05-10,2.3,12.8,6.699999999999999,23.199999999999996,92.31,4631.2,28.3,1177.1,0.6975672489550959,0.48613459587419683,0
18-300-00108,2026-05-11,16.0,8.72,19.0,39.099999999999994,92.31,4631.2,28.3,1177.1,4.852641731861537,3.3818058843422394,0
18-300-00108,2026-05-12,10.9,42.160000000000004,29.200000000000003,44.0,92.31,4631.2,28.3,1177.1,3.305862179830672,2.3038552587081504,0
18-300-00108,2026-05-13,52.7,50.72,79.60000000000001,86.7,92.31,4631.2,28.3,1177.1,15.983388704318937,11.13882313155225,1
18-300-00108,2026-05-14,63.4,16.16,127.0,149.7,92.31,4631.2,28.3,1177.1,19.22859286250134,13.400405816706122,1
18-300-00108,2026-05-15,20.2,33.04,136.3,166.20000000000002,92.31,4631.2,28.3,1177.1,6.12646018647519,4.2695299289820765,0
18-300-00108,2026-05-16,41.3,43.68000000000001,124.9,206.79999999999998,92.31,4631.2,28.3,1177.1,12.525881470367592,8.729286438958404,0
18-300-00108,2026-05-17,54.6,9.840000000000002,116.1,259.1,92.31,4631.2,28.3,1177.1,16.559639909977495,11.540412580317891,1
18-300-00108,2026-05-18,12.3,1.04,108.2,255.4,92.31,4631.2,28.3,1177.1,3.7304683313685567,2.5997632735880964,0
18-300-00108,2026-05-19,1.3,2.4000000000000004,68.2,245.79999999999998,92.31,4631.2,28.3,1177.1,0.39427714071374986,0.2747717281028069,0
18-300-00108,2026-05-20,3.0,14.56,16.6,196.09999999999997,92.31,4631.2,28.3,1177.1,0.9098703247240382,0.6340886033141698,0
18-300-00108,2026-05-21,18.2,14.480000000000002,22.5,150.9,92.31,4631.2,28.3,1177.1,5.519879969992497,3.846804193439297,0
18-300-00108,2026-05-22,18.1,33.6,39.3,148.79999999999998,92.31,4631.2,28.3,1177.1,5.489550959168364,3.8256679066621584,0
18-300-00108,2026-05-23,42.0,48.64,78.3,149.5,92.31,4631.2,28.3,1177.1,12.738184546136536,8.877240446398378,0
18-300-00108,2026-05-24,60.8,33.28,120.89999999999999,155.7,92.31,4631.2,28.3,1177.1,18.44003858107384,12.850862360500509,1
18-300-00108,2026-05-25,41.6,7.359999999999999,144.4,185.0,92.31,4631.2,28.3,1177.1,12.616868502839996,8.792695299289822,0
18-300-00108,2026-05-26,9.2,2.16,111.6,192.9,92.31,4631.2,28.3,1177.1,2.7902689958203837,1.9445383834967873,0
18-300-00108,2026-05-27,2.7,18.400000000000002,53.5,192.60000000000002,92.31,4631.2,28.3,1177.1,0.8188832922516345,0.5706797429827529,0
18-300-00108,2026-05-28,23.0,0.0,34.9,197.39999999999998,92.31,4631.2,28.3,1177.1,6.975672489550958,4.8613459587419685,0
18-300-00108,2026-05-29,0.0,4.4799999999999995,25.7,179.3,92.31,4631.2,28.3,1177.1,0.0,0.0,0
18-300-00108,2026-05-30,5.6,2.9600000000000004,28.6,142.9,92.31,4631.2,28.3,1177.1,1.6984246061515378,1.1836320595197836,0
18-300-00108,2026-05-31,3.7,0.7200000000000001,9.3,85.8,92.31,4631.2,28.3,1177.1,1.1221734004929804,0.7820426107541428,0
18-300-00108,2026-06-01,0.9,1.52,10.2,45.1,92.31,4631.2,28.3,1177.1,0.2729610974172115,0.19022658099425097,0
18-300-00108,2026-06-02,1.9,19.44,6.5,37.800000000000004,92.31,4631.2,28.3,1177.1,0.5762512056585575,0.4015894487656409,0
18-300-00108,2026-06-03,24.3,34.0,27.1,59.4,92.31,4631.2,28.3,1177.1,7.36994963026471,5.136117686844776,0
18-300-00108,2026-06-04,42.5,17.52,68.7,78.9,92.31,4631.2,28.3,1177.1,12.889829600257206,8.982921880284072,0
18-300-00108,2026-06-05,21.9,18.56,88.69999999999999,100.8,92.31,4631.2,28.3,1177.1,6.6420533704854785,4.628846804193439,0
18-300-00108,2026-06-06,23.2,6.24,87.6,118.4,92.31,4631.2,28.3,1177.1,7.036330511199227,4.903618532296247,0
18-300-00108,2026-06-07,7.8,58.64,52.9,122.5,92.31,4631.2,28.3,1177.1,2.3656628442824994,1.6486303686168415,0
18-300-00108,2026-06-08,73.3,26.8,104.3,194.89999999999998,92.31,4631.2,28.3,1177.1,22.231164934090664,15.492898207642883,1
18-300-00108,2026-06-09,33.5,22.400000000000002,114.6,226.5,92.31,4631.2,28.3,1177.1,10.160218626085094,7.080656070341563,0
18-300-00108,2026-06-10,28.0,11.040000000000001,134.8,230.2,92.31,4631.2,28.3,1177.1,8.49212303075769,5.918160297598918,0
18-300-00108,2026-06-11,13.8,8.4,75.3,201.5,92.31,4631.2,28.3,1177.1,4.1854034937305755,2.9168075752451816,0
18-300-00108,2026-06-12,10.5,11.040000000000001,52.3,190.1,92.31,4631.2,28.3,1177.1,3.184546136534134,2.2193101115995946,0
18-300-00108,2026-06-13,13.8,17.12,38.1,180.70000000000002,92.31,4631.2,28.3,1177.1,4.1854034937305755,2.9168075752451816,0
18-300-00108,2026-06-14,21.4,20.480000000000004,45.7,194.3,92.31,4631.2,28.3,1177.1,6.490408316364805,4.523165370307745,0
18-300-00108,2026-06-15,25.6,3.44,60.8,146.6,92.31,4631.2,28.3,1177.1,7.764226770978459,5.410889414947583,0
18-300-00108,2026-06-16,4.3,13.040000000000001,51.300000000000004,117.4,92.31,4631.2,28.3,1177.1,1.304147465437788,0.9088603314169768,0
18-300-00108,2026-06-17,16.3,20.16,46.2,105.7,92.31,4631.2,28.3,1177.1,4.9436287643339405,3.4452147446736565,0
18-300-00108,2026-06-18,25.2,2.2399999999999998,45.8,117.10000000000001,92.31,4631.2,28.3,1177.1,7.64291072768192,5.326344267839026,0
18-300-00108,2026-06-19,2.8,9.840000000000002,44.300000000000004,109.4,92.31,4631.2,28.3,1177.1,0.8492123030757689,0.5918160297598918,0
18-300-00108,2026-06-20,12.3,57.52000000000001,40.3,107.89999999999999,92.31,4631.2,28.3,1177.1,3.7304683313685567,2.5997632735880964,0
18-300-00108,2026-06-21,71.9,20.96,87.0,158.4,92.31,4631.2,28.3,1177.1,21.806558782552784,15.19699019276294,1
18-300-00108,2026-06-22,26.2,36.72,110.4,159.0,92.31,4631.2,28.3,1177.1,7.946200835923267,5.537707135610416,0
18-300-00108,2026-06-23,45.9,27.439999999999998,144.0,200.6,92.31,4631.2,28.3,1177.1,13.921015968277784,9.701555630706798,0
18-300-00108,2026-06-24,34.3,4.24,106.39999999999998,218.60000000000002,92.31,4631.2,28.3,1177.1,10.402850712678168,7.249746364558675,0
18-300-00108,2026-06-25,5.3,13.12,85.49999999999997,198.7,92.31,4631.2,28.3,1177.1,1.6074375736791342,1.1202231991883667,0
18-300-00108,2026-06-26,16.4,8.56,55.999999999999986,212.3,92.31,4631.2,28.3,1177.1,4.973957775158074,3.466351031450795,0
18-300-00108,2026-06-27,10.7,13.840000000000002,32.399999999999984,210.7,92.31,4631.2,28.3,1177.1,3.2452041581824025,2.2615826851538725,0
18-300-00108,2026-06-28,17.3,46.480000000000004,44.399999999999984,156.1,92.31,4631.2,28.3,1177.1,5.246918872575287,3.656577612445046,0
18-300-00108,2026-06-29,58.1,5.44,86.1,188.0,92.31,4631.2,28.3,1177.1,17.621155288822205,12.280182617517756,1
18-300-00108,2026-06-30,6.8,13.440000000000001,82.19999999999999,148.9,92.31,4631.2,28.3,1177.1,2.0623727360411532,1.4372675008454516,0
18-300-00108,2026-07-01,16.8,4.960000000000001,81.69999999999999,131.4,92.31,4631.2,28.3,1177.1,5.095273818454614,3.550896178559351,0
18-300-00108,2026-07-02,6.2,2.5600000000000005,29.799999999999986,132.3,92.31,4631.2,28.3,1177.1,1.8803986710963456,1.3104497801826178,0
18-300-00108,2026-07-03,3.2,5.28,26.19999999999999,119.1,92.31,4631.2,28.3,1177.1,0.9705283463723073,0.6763611768684479,0
18-300-00108,2026-07-04,6.6,13.040000000000001,15.999999999999986,115.0,92.31,4631.2,28.3,1177.1,2.0017147143928837,1.3949949272911737,0
18-300-00108,2026-07-05,16.3,51.44,26.099999999999987,114.0,92.31,4631.2,28.3,1177.1,4.9436287643339405,3.4452147446736565,0
18-300-00108,2026-07-06,64.3,16.64,87.19999999999999,120.2,92.31,4631.2,28.3,1177.1,19.50155395991855,13.590632397700373,1
18-300-00108,2026-07-07,20.8,10.88,101.39999999999998,134.20000000000002,92.31,4631.2,28.3,1177.1,6.308434251419998,4.396347649644911,0
18-300-00108,2026-07-08,13.6,24.560000000000002,98.69999999999997,131.0,92.31,4631.2,28.3,1177.1,4.1247454720823065,2.8745350016909033,0
18-300-00108,2026-07-09,30.7,1.7600000000000002,65.1,155.5,92.31,4631.2,28.3,1177.1,9.311006323009323,6.488840040581671,0
18-300-00108,2026-07-10,2.2,17.76,46.49999999999999,154.5,92.31,4631.2,28.3,1177.1,0.6672382381309614,0.4649983090970579,0
18-300-00108,2026-07-11,22.2,55.04,55.09999999999999,170.1,92.31,4631.2,28.3,1177.1,6.733040402957882,4.692255664524857,0
18-300-00108,2026-07-12,68.8,63.6,93.19999999999999,222.60000000000002,92.31,4631.2,28.3,1177.1,20.86635944700461,14.541765302671628,1
18-300-00108,2026-07-13,79.5,10.16,170.49999999999997,237.8,92.31,4631.2,28.3,1177.1,24.11156360518701,16.8033479878255,1
18-300-00108,2026-07-14,12.7,17.44,160.99999999999997,229.7,92.31,4631.2,28.3,1177.1,3.8517843746650944,2.6843084206966523,0
18-300-00108,2026-07-15,21.8,9.920000000000002,113.99999999999997,237.89999999999998,92.31,4631.2,28.3,1177.1,6.611724359661344,4.607710517416301,0
18-300-00108,2026-07-16,12.4,20.16,46.89999999999997,219.6,92.31,4631.2,28.3,1177.1,3.7607973421926912,2.6208995603652356,0
18-300-00108,2026-07-17,25.2,19.12,59.39999999999998,242.6,92.31,4631.2,28.3,1177.1,7.64291072768192,5.326344267839026,0
18-300-00108,2026-07-18,23.9,42.72,61.49999999999997,244.3,92.31,4631.2,28.3,1177.1,7.248633586968171,5.0515725397362194,0
18-300-00108,2026-07-19,53.4,16.8,102.49999999999997,228.89999999999998,92.31,4631.2,28.3,1177.1,16.19569178008788,11.286777138992223,1
18-300-00108,2026-07-20,21.0,16.64,98.29999999999997,170.39999999999998,92.31,4631.2,28.3,1177.1,6.369092273068268,4.438620223199189,0
18-300-00108,2026-07-21,20.8,9.840000000000002,95.19999999999997,178.5,92.31,4631.2,28.3,1177.1,6.308434251419998,4.396347649644911,0
18-300-00108,2026-07-22,12.3,9.600000000000001,54.09999999999997,169.0,92.31,4631.2,28.3,1177.1,3.7304683313685567,2.5997632735880964,0
18-300-00108,2026-07-23,12.0,2.4000000000000004,45.09999999999997,168.60000000000002,92.31,4631.2,28.3,1177.1,3.6394812988961527,2.5363544132566793,0
18-300-00108,2026-07-24,3.0,0.6400000000000001,27.299999999999972,146.39999999999998,92.31,4631.2,28.3,1177.1,0.9098703247240382,0.6340886033141698,0
18-300-00108,2026-07-25,0.8,2.5600000000000005,15.799999999999972,123.3,92.31,4631.2,28.3,1177.1,0.24263208659307683,0.16909029421711197,0
18-300-00108,2026-07-26,3.2,8.72,6.999999999999972,73.10000000000001,92.31,4631.2,28.3,1177.1,0.9705283463723073,0.6763611768684479,0
18-300-00108,2026-07-27,10.9,1.2000000000000002,14.899999999999972,63.0,92.31,4631.2,28.3,1177.1,3.305862179830672,2.3038552587081504,0
18-300-00108,2026-07-28,1.5,52.08,15.599999999999971,43.7,92.31,4631.2,28.3,1177.1,0.4549351623620191,0.3170443016570849,0
18-300-00108,2026-07-29,65.1,21.76,77.49999999999997,96.5,92.31,4631.2,28.3,1177.1,19.744186046511626,13.759722691917485,1
18-300-00108,2026-07-30,27.2,16.32,93.79999999999997,111.7,92.31,4631.2,28.3,1177.1,8.249490944164613,5.7490700033818065,0
18-300-00108,2026-07-31,20.4,12.08,112.69999999999996,129.1,92.31,4631.2,28.3,1177.1,6.187118208123459,4.311802502536355,0
18-300-00108,2026-08-01,15.1,9.76,62.69999999999997,143.39999999999998,92.31,4631.2,28.3,1177.1,4.579680634444325,3.191579303347988,0
18-300-00108,2026-08-02,12.2,30.24,47.699999999999974,152.4,92.31,4631.2,28.3,1177.1,3.7001393205444217,2.5786269868109573,0
18-300-00108,2026-08-03,37.8,33.44,65.09999999999997,179.29999999999998,92.31,4631.2,28.3,1177.1,11.46436609152288,7.989516401758539,0
18-300-00108,2026-08-04,41.8,66.88,91.79999999999995,219.6,92.31,4631.2,28.3,1177.1,12.677526524488265,8.8349678728441,0
18-300-00108,2026-08-05,83.6,4.16,163.19999999999993,238.1,92.31,4631.2,28.3,1177.1,25.35505304897653,17.6699357456882,1
18-300-00108,2026-08-06,5.2,2.8800000000000003,130.59999999999997,216.1,92.31,4631.2,28.3,1177.1,1.5771085628549995,1.0990869124112277,0
18-300-00108,2026-08-07,3.6,6.88,92.39999999999995,199.3,92.31,4631.2,28.3,1177.1,1.091844389668846,0.7609063239770039,0
18-300-00108,2026-08-08,8.6,13.680000000000001,17.399999999999956,192.8,92.31,4631.2,28.3,1177.1,2.608294930875576,1.8177206628339535,0
18-300-00108,2026-08-09,17.1,2.5600000000000005,29.299999999999958,197.7,92.31,4631.2,28.3,1177.1,5.186260850927018,3.6143050388907683,0
18-300-00108,2026-08-10,3.2,0.7200000000000001,28.899999999999956,163.1,92.31,4631.2,28.3,1177.1,0.9705283463723073,0.6763611768684479,0
18-300-00108,2026-08-11,0.9,0.96,21.199999999999957,122.19999999999999,92.31,4631.2,28.3,1177.1,0.2729610974172115,0.19022658099425097,0
18-300-00108,2026-08-12,1.2,1.6800000000000002,5.2999999999999545,39.8,92.31,4631.2,28.3,1177.1,0.3639481298896153,0.25363544132566795,0
18-300-00108,2026-08-13,2.1,0.8800000000000001,4.199999999999954,36.699999999999996,92.31,4631.2,28.3,1177.1,0.6369092273068268,0.4438620223199189,0
18-300-00108,2026-08-14,1.1,2.9600000000000004,4.399999999999954,34.2,92.31,4631.2,28.3,1177.1,0.3336191190654807,0.23249915454852896,0
18-300-00108,2026-08-15,3.7,32.160000000000004,6.899999999999954,29.3,92.31,4631.2,28.3,1177.1,1.1221734004929804,0.7820426107541428,0
18-300-00108,2026-08-16,40.2,39.04,44.99999999999996,52.400000000000006,92.31,4631.2,28.3,1177.1,12.192262351302112,8.496787284409876,0
18-300-00108,2026-08-17,48.8,16.96,92.69999999999996,98.0,92.31,4631.2,28.3,1177.1,14.800557282177687,10.314507947243829,0
18-300-00108,2026-08-18,21.2,12.8,110.19999999999995,118.30000000000001,92.31,4631.2,28.3,1177.1,6.429750294716537,4.480892796753467,0
18-300-00108,2026-08-19,16.0,4.16,85.99999999999994,133.1,92.31,4631.2,28.3,1177.1,4.852641731861537,3.3818058843422394,0
18-300-00108,2026-08-20,5.2,12.08,42.39999999999995,136.20000000000002,92.31,4631.2,28.3,1177.1,1.5771085628549995,1.0990869124112277,0
18-300-00108,2026-08-21,15.1,1.1199999999999999,36.299999999999955,150.2,92.31,4631.2,28.3,1177.1,4.579680634444325,3.191579303347988,0
18-300-00108,2026-08-22,1.4,2.08,21.69999999999995,147.9,92.31,4631.2,28.3,1177.1,0.42460615153788445,0.2959080148799459,0
18-300-00108,2026-08-23,2.6,2.0,19.09999999999995,110.3,92.31,4631.2,28.3,1177.1,0.7885542814274997,0.5495434562056138,0
18-300-00108,2026-08-24,2.5,15.12,6.49999999999995,64.0,92.31,4631.2,28.3,1177.1,0.7582252706033651,0.5284071694284749,0
18-300-00108,2026-08-25,18.9,5.6000000000000005,23.99999999999995,61.699999999999996,92.31,4631.2,28.3,1177.1,5.73218304576144,3.9947582008792697,0
18-300-00108,2026-08-26,7.0,2.16,28.39999999999995,52.7,92.31,4631.2,28.3,1177.1,2.1230307576894223,1.4795400743997296,0
18-300-00108,2026-08-27,2.7,11.600000000000001,28.599999999999948,50.2,92.31,4631.2,28.3,1177.1,0.8188832922516345,0.5706797429827529,0
18-300-00108,2026-08-28,14.5,5.920000000000001,24.19999999999995,49.599999999999994,92.31,4631.2,28.3,1177.1,4.397706569499518,3.064761582685154,0
18-300-00108,2026-08-29,7.4,28.880000000000003,24.59999999999995,55.6,92.31,4631.2,28.3,1177.1,2.244346800985961,1.5640852215082857,0
18-300-00108,2026-08-30,36.1,24.72,57.99999999999996,89.1,92.31,4631.2,28.3,1177.1,10.948772907512593,7.630199526547178,0
18-300-00108,2026-08-31,30.9,5.84,74.39999999999995,117.5,92.31,4631.2,28.3,1177.1,9.371664344657592,6.5311126141359495,0
18-300-00108,2026-09-01,7.3,5.36,74.29999999999994,105.89999999999999,92.31,4631.2,28.3,1177.1,2.2140177901618263,1.5429489347311467,0
18-300-00108,2026-09-02,6.7,8.959999999999999,44.89999999999995,105.60000000000001,92.31,4631.2,28.3,1177.1,2.0320437252170187,1.4161312140683127,0
18-300-00108,2026-09-03,11.2,3.3600000000000003,25.19999999999995,114.10000000000001,92.31,4631.2,28.3,1177.1,3.3968492123030756,2.367264119039567,0
18-300-00108,2026-09-04,4.2,8.56,22.099999999999948,103.80000000000001,92.31,4631.2,28.3,1177.1,1.2738184546136535,0.8877240446398378,0
18-300-00108,2026-09-05,10.7,11.520000000000001,26.099999999999948,107.1,92.31,4631.2,28.3,1177.1,3.2452041581824025,2.2615826851538725,0
18-300-00108,2026-09-06,14.4,9.120000000000001,29.299999999999947,85.4,92.31,4631.2,28.3,1177.1,4.367377558675384,3.0436252959080154,0
18-300-00108,2026-09-07,11.4,1.2800000000000002,36.49999999999995,65.9,92.31,4631.2,28.3,1177.1,3.457507233951345,2.4095366925938455,0
18-300-00108,2026-09-08,1.6,1.52,27.399999999999952,60.2,92.31,4631.2,28.3,1177.1,0.48526417318615367,0.33818058843422394,0
18-300-00108,2026-09-09,1.9,1.04,14.89999999999995,55.4,92.31,4631.2,28.3,1177.1,0.5762512056585575,0.4015894487656409,0
18-300-00108,2026-09-10,1.3,5.84,4.79999999999995,45.5,92.31,4631.2,28.3,1177.1,0.39427714071374986,0.2747717281028069,0
18-300-00108,2026-09-11,7.3,9.120000000000001,10.49999999999995,48.6,92.31,4631.2,28.3,1177.1,2.2140177901618263,1.5429489347311467,0
18-300-00108,2026-09-12,11.4,18.72,19.99999999999995,49.300000000000004,92.31,4631.2,28.3,1177.1,3.457507233951345,2.4095366925938455,0
18-300-00108,2026-09-13,23.4,0.0,42.09999999999995,58.3,92.31,4631.2,28.3,1177.1,7.096988532847497,4.945891105850524,0
18-300-00108,2026-09-14,0.0,1.8399999999999999,34.799999999999955,46.9,92.31,4631.2,28.3,1177.1,0.0,0.0,0
18-300-00108,2026-09-15,2.3,7.5200000000000005,25.69999999999995,47.599999999999994,92.31,4631.2,28.3,1177.1,0.6975672489550959,0.48613459587419683,0
18-300-00108,2026-09-16,9.4,9.120000000000001,11.69999999999995,55.099999999999994,92.31,4631.2,28.3,1177.1,2.850927017468653,1.9868109570510657,0
18-300-00108,2026-09-17,11.4,15.680000000000001,23.09999999999995,65.2,92.31,4631.2,28.3,1177.1,3.457507233951345,2.4095366925938455,0
18-300-00108,2026-09-18,19.6,0.0,40.39999999999995,77.5,92.31,4631.2,28.3,1177.1,5.9444861215303835,4.142712208319243,0
18-300-00108,2026-09-19,0.0,0.0,30.999999999999954,66.1,92.31,4631.2,28.3,1177.1,0.0,0.0,0
18-301-00109,2025-09-19,13.5,0.6400000000000001,13.5,13.5,29.26,922.7,28.3,967.2,12.625578321216127,13.200352009386915,0
18-301-00109,2025-09-20,0.8,1.8399999999999999,14.3,14.3,29.26,922.7,28.3,967.2,0.7481824190350297,0.7822430820377432,0
18-301-00109,2025-09-21,2.3,8.4,16.6,16.6,29.26,922.7,28.3,967.2,2.1510244547257105,2.248948860858511,0
18-301-00109,2025-09-22,10.5,0.7200000000000001,13.6,27.1,29.26,922.7,28.3,967.2,9.819894249834766,10.266940451745379,0
18-301-00109,2025-09-23,0.9,2.64,13.7,28.0,29.26,922.7,28.3,967.2,0.8417052214144085,0.8800234672924611,0
18-301-00109,2025-09-24,3.3,0.0,14.7,31.3,29.26,922.7,28.3,967.2,3.0862524785194974,3.22675271340569,0
18-301-00109,2025-09-25,0.0,0.48,4.199999999999999,31.3,29.26,922.7,28.3,967.2,0.0,0.0,0
18-301-00109,2025-09-26,0.6,0.8800000000000001,3.9,18.4,29.26,922.7,28.3,967.2,0.5611368142762723,0.5866823115283073,0
18-301-00109,2025-09-27,1.1,4.0,1.7000000000000002,18.7,29.26,922.7,28.3,967.2,1.028750826173166,1.075584237801897,0
18-301-00109,2025-09-28,5.0,1.1199999999999999,6.7,21.4,29.26,922.7,28.3,967.2,4.676140118968935,4.889019262735895,0
18-301-00109,2025-09-29,1.4,9.840000000000002,7.5,12.3,29.26,922.7,28.3,967.2,1.309319233311302,1.3689253935660504,0
18-301-00109,2025-09-30,12.3,6.800000000000001,18.7,23.700000000000003,29.26,922.7,28.3,967.2,11.503304692663583,12.026987386330301,0
18-301-00109,2025-10-01,8.5,6.32,22.2,28.9,29.26,922.7,28.3,967.2,7.949438202247191,8.31133274665102,0
18-301-00109,2025-10-02,7.9,5.28,28.700000000000003,36.8,29.26,922.7,28.3,967.2,7.388301387970919,7.724650435122713,0
18-301-00109,2025-10-03,6.6,1.52,22.999999999999996,42.8,29.26,922.7,28.3,967.2,6.172504957038995,6.45350542681138,0
18-301-00109,2025-10-04,1.9,34.72,16.4,43.6,29.26,922.7,28.3,967.2,1.7769332452081954,1.8578273198396398,0
18-301-00109,2025-10-05,43.4,3.6,51.9,82.0,29.26,922.7,28.3,967.2,40.58889623265036,42.43668720054756,0
18-301-00109,2025-10-06,4.5,0.16000000000000003,49.8,85.1,29.26,922.7,28.3,967.2,4.208526107072043,4.400117336462305,0
18-301-00109,2025-10-07,0.2,0.8,48.1,72.99999999999999,29.26,922.7,28.3,967.2,0.18704560475875742,0.1955607705094358,0
18-301-00109,2025-10-08,1.0,0.7200000000000001,5.7,65.49999999999999,29.26,922.7,28.3,967.2,0.9352280237937871,0.9778038525471788,0
18-301-00109,2025-10-09,0.9,0.7200000000000001,2.1,58.5,29.26,922.7,28.3,967.2,0.8417052214144085,0.8800234672924611,0
18-301-00109,2025-10-10,0.9,1.1199999999999999,2.8,52.8,29.26,922.7,28.3,967.2,0.8417052214144085,0.8800234672924611,0
18-301-00109,2025-10-11,1.4,0.96,3.2,52.3,29.26,922.7,28.3,967.2,1.309319233311302,1.3689253935660504,0
18-301-00109,2025-10-12,1.2,0.32000000000000006,3.5,10.1,29.26,922.7,28.3,967.2,1.1222736285525445,1.1733646230566146,0
18-301-00109,2025-10-13,0.4,0.32000000000000006,2.9999999999999996,6.0,29.26,922.7,28.3,967.2,0.37409120951751484,0.3911215410188716,0
18-301-00109,2025-10-14,0.4,0.16000000000000003,2.0,6.199999999999999,29.26,922.7,28.3,967.2,0.37409120951751484,0.3911215410188716,0
18-301-00109,2025-10-15,0.2,0.32000000000000006,1.0,5.3999999999999995,29.26,922.7,28.3,967.2,0.18704560475875742,0.1955607705094358,0
18-301-00109,2025-10-16,0.4,0.0,1.0,4.9,29.26,922.7,28.3,967.2,0.37409120951751484,0.3911215410188716,0
18-301-00109,2025-10-17,0.0,0.0,0.6000000000000001,4.0,29.26,922.7,28.3,967.2,0.0,0.0,0
18-301-00109,2025-10-18,0.0,0.0,0.4,2.6,29.26,922.7,28.3,967.2,0.0,0.0,0
18-301-00109,2025-10-19,0.0,0.0,0.0,1.4000000000000001,29.26,922.7,28.3,967.2,0.0,0.0,0
18-301-00109,2025-10-20,0.0,0.0,0.0,1.0,29.26,922.7,28.3,967.2,0.0,0.0,0
18-301-00109,2025-10-21,0.0,0.0,0.0,0.6000000000000001,29.26,922.7,28.3,967.2,0.0,0.0,0
18-301-00109,2025-10-22,0.0,0.24,0.0,0.4,29.26,922.7,28.3,967.2,0.0,0.0,0
18-301-00109,2025-10-23,0.3,1.7600000000000002,0.3,0.3,29.26,922.7,28.3,967.2,0.28056840713813613,0.29334115576415365,0
18-301-00109,2025-10-24,2.2,0.24,2.5,2.5,29.26,922.7,28.3,967.2,2.057501652346332,2.151168475603794,0
18-301-00109,2025-10-25,0.3,0.0,2.8,2.8,29.26,922.7,28.3,967.2,0.28056840713813613,0.29334115576415365,0
18-301-00109,2025-10-26,0.0,0.0,2.5,2.8,29.26,922.7,28.3,967.2,0.0,0.0,0
18-301-00109,2025-10-27,0.0,0.0,0.3,2.8,29.26,922.7,28.3,967.2,0.0,0.0,0
18-301-00109,2025-10-28,0.0,2.8800000000000003,0.0,2.8,29.26,922.7,28.3,967.2,0.0,0.0,0
18-301-00109,2025-10-29,3.6,13.12,3.6,6.4,29.26,922.7,28.3,967.2,3.366820885657634,3.5200938691698442,0
18-301-00109,2025-10-30,16.4,7.2,20.0,22.5,29.26,922.7,28.3,967.2,15.337739590218106,16.035983181773734,0
18-301-00109,2025-10-31,9.0,41.760000000000005,29.0,29.3,29.26,922.7,28.3,967.2,8.417052214144086,8.80023467292461,0
18-301-00109,2025-11-01,52.2,0.16000000000000003,77.6,81.2,29.26,922.7,28.3,967.2,48.8189028420357,51.04136110296274,1
18-301-00109,2025-11-02,0.2,0.08000000000000002,61.400000000000006,81.4,29.26,922.7,28.3,967.2,0.18704560475875742,0.1955607705094358,0
18-301-00109,2025-11-03,0.1,0.0,52.5,81.5,29.26,922.7,28.3,967.2,0.09352280237937871,0.0977803852547179,0
18-301-00109,2025-11-04,0.0,0.0,0.30000000000000004,81.5,29.26,922.7,28.3,967.2,0.0,0.0,0
18-301-00109,2025-11-05,0.0,0.8800000000000001,0.1,77.9,29.26,922.7,28.3,967.2,0.0,0.0,0
18-301-00109,2025-11-06,1.1,0.08000000000000002,1.1,62.6,29.26,922.7,28.3,967.2,1.028750826173166,1.075584237801897,0
18-301-00109,2025-11-07,0.1,0.0,1.2000000000000002,53.7,29.26,922.7,28.3,967.2,0.09352280237937871,0.0977803852547179,0
18-301-00109,2025-11-08,0.0,0.0,1.2000000000000002,1.5000000000000002,29.26,922.7,28.3,967.2,0.0,0.0,0
18-301-00109,2025-11-09,0.0,0.0,0.1,1.3000000000000003,29.26,922.7,28.3,967.2,0.0,0.0,0
18-301-00109,2025-11-10,0.0,0.0,0.0,1.2000000000000002,29.26,922.7,28.3,967.2,0.0,0.0,0
18-301-00109,2025-11-11,0.0,0.0,0.0,1.2000000000000002,29.26,922.7,28.3,967.2,0.0,0.0,0
18-301-00109,2025-11-12,0.0,0.0,0.0,1.2000000000000002,29.26,922.7,28.3,967.2,0.0,0.0,0
18-301-00109,2025-11-13,0.0,0.0,0.0,0.1,29.26,922.7,28.3,967.2,0.0,0.0,0
18-301-00109,2025-11-14,0.0,0.0,0.0,0.0,29.26,922.7,28.3,967.2,0.0,0.0,0
18-301-00109,2025-11-15,0.0,0.0,0.0,0.0,29.26,922.7,28.3,967.2,0.0,0.0,0
18-301-00109,2025-11-16,0.0,0.0,0.0,0.0,29.26,922.7,28.3,967.2,0.0,0.0,0
18-301-00109,2025-11-17,0.0,0.0,0.0,0.0,29.26,922.7,28.3,967.2,0.0,0.0,0
18-301-00109,2025-11-18,0.0,0.0,0.0,0.0,29.26,922.7,28.3,967.2,0.0,0.0,0
18-301-00109,2025-11-19,0.0,0.0,0.0,0.0,29.26,922.7,28.3,967.2,0.0,0.0,0
18-301-00109,2025-11-20,0.0,0.08000000000000002,0.0,0.0,29.26,922.7,28.3,967.2,0.0,0.0,0
18-301-00109,2025-11-21,0.1,0.16000000000000003,0.1,0.1,29.26,922.7,28.3,967.2,0.09352280237937871,0.0977803852547179,0
18-301-00109,2025-11-22,0.2,0.32000000000000006,0.30000000000000004,0.30000000000000004,29.26,922.7,28.3,967.2,0.18704560475875742,0.1955607705094358,0
18-301-00109,2025-11-23,0.4,0.0,0.7000000000000001,0.7000000000000001,29.26,922.7,28.3,967.2,0.37409120951751484,0.3911215410188716,0
18-301-00109,2025-11-24,0.0,0.08000000000000002,0.6000000000000001,0.7000000000000001,29.26,922.7,28.3,967.2,0.0,0.0,0
18-301-00109,2025-11-25,0.1,0.0,0.5,0.8,29.26,922.7,28.3,967.2,0.09352280237937871,0.0977803852547179,0
18-301-00109,2025-11-26,0.0,0.0,0.1,0.8,29.26,922.7,28.3,967.2,0.0,0.0,0
18-301-00109,2025-11-27,0.0,0.0,0.1,0.8,29.26,922.7,28.3,967.2,0.0,0.0,0
18-301-00109,2025-11-28,0.0,0.0,0.0,0.7000000000000001,29.26,922.7,28.3,967.2,0.0,0.0,0
18-301-00109,2025-11-29,0.0,0.0,0.0,0.5,29.26,922.7,28.3,967.2,0.0,0.0,0
18-301-00109,2025-11-30,0.0,0.0,0.0,0.1,29.26,922.7,28.3,967.2,0.0,0.0,0
18-301-00109,2025-12-01,0.0,0.0,0.0,0.1,29.26,922.7,28.3,967.2,0.0,0.0,0
18-301-00109,2025-12-02,0.0,0.0,0.0,0.0,29.26,922.7,28.3,967.2,0.0,0.0,0
18-301-00109,2025-12-03,0.0,0.0,0.0,0.0,29.26,922.7,28.3,967.2,0.0,0.0,0
18-301-00109,2025-12-04,0.0,0.0,0.0,0.0,29.26,922.7,28.3,967.2,0.0,0.0,0
18-301-00109,2025-12-05,0.0,0.0,0.0,0.0,29.26,922.7,28.3,967.2,0.0,0.0,0
18-301-00109,2025-12-06,0.0,0.0,0.0,0.0,29.26,922.7,28.3,967.2,0.0,0.0,0
18-301-00109,2025-12-07,0.0,0.0,0.0,0.0,29.26,922.7,28.3,967.2,0.0,0.0,0
18-301-00109,2025-12-08,0.0,0.0,0.0,0.0,29.26,922.7,28.3,967.2,0.0,0.0,0
18-301-00109,2025-12-09,0.0,0.0,0.0,0.0,29.26,922.7,28.3,967.2,0.0,0.0,0
18-301-00109,2025-12-10,0.0,0.0,0.0,0.0,29.26,922.7,28.3,967.2,0.0,0.0,0
18-301-00109,2025-12-11,0.0,0.0,0.0,0.0,29.26,922.7,28.3,967.2,0.0,0.0,0
18-301-00109,2025-12-12,0.0,0.0,0.0,0.0,29.26,922.7,28.3,967.2,0.0,0.0,0
18-301-00109,2025-12-13,0.0,0.0,0.0,0.0,29.26,922.7,28.3,967.2,0.0,0.0,0
18-301-00109,2025-12-14,0.0,0.0,0.0,0.0,29.26,922.7,28.3,967.2,0.0,0.0,0
18-301-00109,2025-12-15,0.0,0.0,0.0,0.0,29.26,922.7,28.3,967.2,0.0,0.0,0
18-301-00109,2025-12-16,0.0,0.0,0.0,0.0,29.26,922.7,28.3,967.2,0.0,0.0,0
18-301-00109,2025-12-17,0.0,0.0,0.0,0.0,29.26,922.7,28.3,967.2,0.0,0.0,0
18-301-00109,2025-12-18,0.0,0.0,0.0,0.0,29.26,922.7,28.3,967.2,0.0,0.0,0
18-301-00109,2025-12-19,0.0,0.0,0.0,0.0,29.26,922.7,28.3,967.2,0.0,0.0,0
18-301-00109,2025-12-20,0.0,0.0,0.0,0.0,29.26,922.7,28.3,967.2,0.0,0.0,0
18-301-00109,2025-12-21,0.0,0.0,0.0,0.0,29.26,922.7,28.3,967.2,0.0,0.0,0
18-301-00109,2025-12-22,0.0,0.0,0.0,0.0,29.26,922.7,28.3,967.2,0.0,0.0,0
18-301-00109,2025-12-23,0.0,0.0,0.0,0.0,29.26,922.7,28.3,967.2,0.0,0.0,0
18-301-00109,2025-12-24,0.0,0.0,0.0,0.0,29.26,922.7,28.3,967.2,0.0,0.0,0
18-301-00109,2025-12-25,0.0,0.0,0.0,0.0,29.26,922.7,28.3,967.2,0.0,0.0,0
18-301-00109,2025-12-26,0.0,0.0,0.0,0.0,29.26,922.7,28.3,967.2,0.0,0.0,0
18-301-00109,2025-12-27,0.0,0.0,0.0,0.0,29.26,922.7,28.3,967.2,0.0,0.0,0
18-301-00109,2025-12-28,0.0,0.0,0.0,0.0,29.26,922.7,28.3,967.2,0.0,0.0,0
18-301-00109,2025-12-29,0.0,0.16000000000000003,0.0,0.0,29.26,922.7,28.3,967.2,0.0,0.0,0
18-301-00109,2025-12-30,0.2,0.0,0.2,0.2,29.26,922.7,28.3,967.2,0.18704560475875742,0.1955607705094358,0
18-301-00109,2025-12-31,0.0,0.0,0.2,0.2,29.26,922.7,28.3,967.2,0.0,0.0,0
18-301-00109,2026-01-01,0.0,0.0,0.2,0.2,29.26,922.7,28.3,967.2,0.0,0.0,0
18-301-00109,2026-01-02,0.0,0.16000000000000003,0.0,0.2,29.26,922.7,28.3,967.2,0.0,0.0,0
18-301-00109,2026-01-03,0.2,0.0,0.2,0.4,29.26,922.7,28.3,967.2,0.18704560475875742,0.1955607705094358,0
18-301-00109,2026-01-04,0.0,0.0,0.2,0.4,29.26,922.7,28.3,967.2,0.0,0.0,0
18-301-00109,2026-01-05,0.0,0.0,0.2,0.4,29.26,922.7,28.3,967.2,0.0,0.0,0
18-301-00109,2026-01-06,0.0,0.0,0.0,0.2,29.26,922.7,28.3,967.2,0.0,0.0,0
18-301-00109,2026-01-07,0.0,0.0,0.0,0.2,29.26,922.7,28.3,967.2,0.0,0.0,0
18-301-00109,2026-01-08,0.0,0.0,0.0,0.2,29.26,922.7,28.3,967.2,0.0,0.0,0
18-301-00109,2026-01-09,0.0,0.0,0.0,0.2,29.26,922.7,28.3,967.2,0.0,0.0,0
18-301-00109,2026-01-10,0.0,0.0,0.0,0.0,29.26,922.7,28.3,967.2,0.0,0.0,0
18-301-00109,2026-01-11,0.0,0.0,0.0,0.0,29.26,922.7,28.3,967.2,0.0,0.0,0
18-301-00109,2026-01-12,0.0,0.0,0.0,0.0,29.26,922.7,28.3,967.2,0.0,0.0,0
18-301-00109,2026-01-13,0.0,0.0,0.0,0.0,29.26,922.7,28.3,967.2,0.0,0.0,0
18-301-00109,2026-01-14,0.0,0.0,0.0,0.0,29.26,922.7,28.3,967.2,0.0,0.0,0
18-301-00109,2026-01-15,0.0,0.0,0.0,0.0,29.26,922.7,28.3,967.2,0.0,0.0,0
18-301-00109,2026-01-16,0.0,0.0,0.0,0.0,29.26,922.7,28.3,967.2,0.0,0.0,0
18-301-00109,2026-01-17,0.0,0.0,0.0,0.0,29.26,922.7,28.3,967.2,0.0,0.0,0
18-301-00109,2026-01-18,0.0,0.0,0.0,0.0,29.26,922.7,28.3,967.2,0.0,0.0,0
18-301-00109,2026-01-19,0.0,0.0,0.0,0.0,29.26,922.7,28.3,967.2,0.0,0.0,0
18-301-00109,2026-01-20,0.0,0.0,0.0,0.0,29.26,922.7,28.3,967.2,0.0,0.0,0
18-301-00109,2026-01-21,0.0,0.0,0.0,0.0,29.26,922.7,28.3,967.2,0.0,0.0,0
18-301-00109,2026-01-22,0.0,0.0,0.0,0.0,29.26,922.7,28.3,967.2,0.0,0.0,0
18-301-00109,2026-01-23,0.0,0.0,0.0,0.0,29.26,922.7,28.3,967.2,0.0,0.0,0
18-301-00109,2026-01-24,0.0,0.0,0.0,0.0,29.26,922.7,28.3,967.2,0.0,0.0,0
18-301-00109,2026-01-25,0.0,0.0,0.0,0.0,29.26,922.7,28.3,967.2,0.0,0.0,0
18-301-00109,2026-01-26,0.0,0.0,0.0,0.0,29.26,922.7,28.3,967.2,0.0,0.0,0
18-301-00109,2026-01-27,0.0,0.0,0.0,0.0,29.26,922.7,28.3,967.2,0.0,0.0,0
18-301-00109,2026-01-28,0.0,0.0,0.0,0.0,29.26,922.7,28.3,967.2,0.0,0.0,0
18-301-00109,2026-01-29,0.0,0.0,0.0,0.0,29.26,922.7,28.3,967.2,0.0,0.0,0
18-301-00109,2026-01-30,0.0,0.0,0.0,0.0,29.26,922.7,28.3,967.2,0.0,0.0,0
18-301-00109,2026-01-31,0.0,0.0,0.0,0.0,29.26,922.7,28.3,967.2,0.0,0.0,0
18-301-00109,2026-02-01,0.0,0.0,0.0,0.0,29.26,922.7,28.3,967.2,0.0,0.0,0
18-301-00109,2026-02-02,0.0,0.0,0.0,0.0,29.26,922.7,28.3,967.2,0.0,0.0,0
18-301-00109,2026-02-03,0.0,0.0,0.0,0.0,29.26,922.7,28.3,967.2,0.0,0.0,0
18-301-00109,2026-02-04,0.0,0.0,0.0,0.0,29.26,922.7,28.3,967.2,0.0,0.0,0
18-301-00109,2026-02-05,0.0,0.0,0.0,0.0,29.26,922.7,28.3,967.2,0.0,0.0,0
18-301-00109,2026-02-06,0.0,0.0,0.0,0.0,29.26,922.7,28.3,967.2,0.0,0.0,0
18-301-00109,2026-02-07,0.0,0.0,0.0,0.0,29.26,922.7,28.3,967.2,0.0,0.0,0
18-301-00109,2026-02-08,0.0,0.0,0.0,0.0,29.26,922.7,28.3,967.2,0.0,0.0,0
18-301-00109,2026-02-09,0.0,0.0,0.0,0.0,29.26,922.7,28.3,967.2,0.0,0.0,0
18-301-00109,2026-02-10,0.0,0.0,0.0,0.0,29.26,922.7,28.3,967.2,0.0,0.0,0
18-301-00109,2026-02-11,0.0,0.0,0.0,0.0,29.26,922.7,28.3,967.2,0.0,0.0,0
18-301-00109,2026-02-12,0.0,0.0,0.0,0.0,29.26,922.7,28.3,967.2,0.0,0.0,0
18-301-00109,2026-02-13,0.0,0.0,0.0,0.0,29.26,922.7,28.3,967.2,0.0,0.0,0
18-301-00109,2026-02-14,0.0,0.0,0.0,0.0,29.26,922.7,28.3,967.2,0.0,0.0,0
18-301-00109,2026-02-15,0.0,0.0,0.0,0.0,29.26,922.7,28.3,967.2,0.0,0.0,0
18-301-00109,2026-02-16,0.0,0.0,0.0,0.0,29.26,922.7,28.3,967.2,0.0,0.0,0
18-301-00109,2026-02-17,0.0,0.0,0.0,0.0,29.26,922.7,28.3,967.2,0.0,0.0,0
18-301-00109,2026-02-18,0.0,0.0,0.0,0.0,29.26,922.7,28.3,967.2,0.0,0.0,0
18-301-00109,2026-02-19,0.0,0.0,0.0,0.0,29.26,922.7,28.3,967.2,0.0,0.0,0
18-301-00109,2026-02-20,0.0,0.0,0.0,0.0,29.26,922.7,28.3,967.2,0.0,0.0,0
18-301-00109,2026-02-21,0.0,0.0,0.0,0.0,29.26,922.7,28.3,967.2,0.0,0.0,0
18-301-00109,2026-02-22,0.0,0.0,0.0,0.0,29.26,922.7,28.3,967.2,0.0,0.0,0
18-301-00109,2026-02-23,0.0,0.0,0.0,0.0,29.26,922.7,28.3,967.2,0.0,0.0,0
18-301-00109,2026-02-24,0.0,0.5599999999999999,0.0,0.0,29.26,922.7,28.3,967.2,0.0,0.0,0
18-301-00109,2026-02-25,0.7,0.0,0.7,0.7,29.26,922.7,28.3,967.2,0.654659616655651,0.6844626967830252,0
18-301-00109,2026-02-26,0.0,0.0,0.7,0.7,29.26,922.7,28.3,967.2,0.0,0.0,0
18-301-00109,2026-02-27,0.0,0.0,0.7,0.7,29.26,922.7,28.3,967.2,0.0,0.0,0
18-301-00109,2026-02-28,0.0,0.5599999999999999,0.0,0.7,29.26,922.7,28.3,967.2,0.0,0.0,0
18-301-00109,2026-03-01,0.7,0.0,0.7,1.4,29.26,922.7,28.3,967.2,0.654659616655651,0.6844626967830252,0
18-301-00109,2026-03-02,0.0,0.0,0.7,1.4,29.26,922.7,28.3,967.2,0.0,0.0,0
18-301-00109,2026-03-03,0.0,0.0,0.7,1.4,29.26,922.7,28.3,967.2,0.0,0.0,0
18-301-00109,2026-03-04,0.0,0.0,0.0,0.7,29.26,922.7,28.3,967.2,0.0,0.0,0
18-301-00109,2026-03-05,0.0,0.0,0.0,0.7,29.26,922.7,28.3,967.2,0.0,0.0,0
18-301-00109,2026-03-06,0.0,0.0,0.0,0.7,29.26,922.7,28.3,967.2,0.0,0.0,0
18-301-00109,2026-03-07,0.0,0.0,0.0,0.7,29.26,922.7,28.3,967.2,0.0,0.0,0
18-301-00109,2026-03-08,0.0,5.04,0.0,0.0,29.26,922.7,28.3,967.2,0.0,0.0,0
18-301-00109,2026-03-09,6.3,1.52,6.3,6.3,29.26,922.7,28.3,967.2,5.8919365499008585,6.160164271047226,0
18-301-00109,2026-03-10,1.9,0.16000000000000003,8.2,8.2,29.26,922.7,28.3,967.2,1.7769332452081954,1.8578273198396398,0
18-301-00109,2026-03-11,0.2,1.7600000000000002,8.4,8.4,29.26,922.7,28.3,967.2,0.18704560475875742,0.1955607705094358,0
18-301-00109,2026-03-12,2.2,8.8,4.300000000000001,10.6,29.26,922.7,28.3,967.2,2.057501652346332,2.151168475603794,0
18-301-00109,2026-03-13,11.0,22.0,13.4,21.6,29.26,922.7,28.3,967.2,10.28750826173166,10.755842378018968,0
18-301-00109,2026-03-14,27.5,31.28,40.7,49.1,29.26,922.7,28.3,967.2,25.718770654329145,26.889605945047418,0
18-301-00109,2026-03-15,39.1,33.44,77.6,88.2,29.26,922.7,28.3,967.2,36.567415730337075,38.2321306345947,0
18-301-00109,2026-03-16,41.8,0.0,108.4,123.7,29.26,922.7,28.3,967.2,39.092531394580305,40.87220103647208,0
18-301-00109,2026-03-17,0.0,11.600000000000001,80.9,121.8,29.26,922.7,28.3,967.2,0.0,0.0,0
18-301-00109,2026-03-18,14.5,0.5599999999999999,56.3,136.1,29.26,922.7,28.3,967.2,13.560806345009913,14.178155861934094,0
18-301-00109,2026-03-19,0.7,3.9200000000000004,15.2,134.6,29.26,922.7,28.3,967.2,0.654659616655651,0.6844626967830252,0
18-301-00109,2026-03-20,4.9,4.64,20.1,128.5,29.26,922.7,28.3,967.2,4.582617316589557,4.7912388774811765,0
18-301-00109,2026-03-21,5.8,0.16000000000000003,11.4,106.80000000000001,29.26,922.7,28.3,967.2,5.424322538003965,5.671262344773638,0
18-301-00109,2026-03-22,0.2,0.6400000000000001,10.9,67.89999999999999,29.26,922.7,28.3,967.2,0.18704560475875742,0.1955607705094358,0
18-301-00109,2026-03-23,0.8,3.5200000000000005,6.8,26.9,29.26,922.7,28.3,967.2,0.7481824190350297,0.7822430820377432,0
18-301-00109,2026-03-24,4.4,0.7200000000000001,5.4,31.3,29.26,922.7,28.3,967.2,4.115003304692664,4.302336951207588,0
18-301-00109,2026-03-25,0.9,0.08000000000000002,6.1000000000000005,17.7,29.26,922.7,28.3,967.2,0.8417052214144085,0.8800234672924611,0
18-301-00109,2026-03-26,0.1,0.0,5.4,17.1,29.26,922.7,28.3,967.2,0.09352280237937871,0.0977803852547179,0
18-301-00109,2026-03-27,0.0,33.839999999999996,1.0,12.2,29.26,922.7,28.3,967.2,0.0,0.0,0
18-301-00109,2026-03-28,42.3,16.16,42.4,48.699999999999996,29.26,922.7,28.3,967.2,39.56014540647719,41.36110296274566,0
18-301-00109,2026-03-29,20.2,7.76,62.5,68.69999999999999,29.26,922.7,28.3,967.2,18.8916060806345,19.751637821453013,0
18-301-00109,2026-03-30,9.7,4.64,72.19999999999999,77.6,29.26,922.7,28.3,967.2,9.071711830799735,9.484697369707634,0
18-301-00109,2026-03-31,5.8,8.72,35.699999999999996,78.99999999999999,29.26,922.7,28.3,967.2,5.424322538003965,5.671262344773638,0
18-301-00109,2026-04-01,10.9,0.4,26.4,89.0,29.26,922.7,28.3,967.2,10.19398545935228,10.65806199276425,0
18-301-00109,2026-04-02,0.5,2.4800000000000004,17.2,89.39999999999999,29.26,922.7,28.3,967.2,0.46761401189689356,0.4889019262735894,0
18-301-00109,2026-04-03,3.1,0.8800000000000001,14.499999999999998,92.49999999999999,29.26,922.7,28.3,967.2,2.89920687376074,3.0311919428962546,0
18-301-00109,2026-04-04,1.1,0.0,4.7,51.3,29.26,922.7,28.3,967.2,1.028750826173166,1.075584237801897,0
18-301-00109,2026-04-05,0.0,0.0,4.2,31.099999999999998,29.26,922.7,28.3,967.2,0.0,0.0,0
18-301-00109,2026-04-06,0.0,0.96,1.1,21.4,29.26,922.7,28.3,967.2,0.0,0.0,0
18-301-00109,2026-04-07,1.2,2.72,1.2,16.799999999999997,29.26,922.7,28.3,967.2,1.1222736285525445,1.1733646230566146,0
18-301-00109,2026-04-08,3.4,12.08,4.6,9.3,29.26,922.7,28.3,967.2,3.1797752808988764,3.324533098660408,0
18-301-00109,2026-04-09,15.1,0.8800000000000001,19.7,23.9,29.26,922.7,28.3,967.2,14.121943159286186,14.764838173462401,0
18-301-00109,2026-04-10,1.1,0.0,19.6,21.9,29.26,922.7,28.3,967.2,1.028750826173166,1.075584237801897,0
18-301-00109,2026-04-11,0.0,0.8800000000000001,16.200000000000003,20.8,29.26,922.7,28.3,967.2,0.0,0.0,0
18-301-00109,2026-04-12,1.1,0.16000000000000003,2.2,21.9,29.26,922.7,28.3,967.2,1.028750826173166,1.075584237801897,0
18-301-00109,2026-04-13,0.2,0.5599999999999999,1.3,22.099999999999998,29.26,922.7,28.3,967.2,0.18704560475875742,0.1955607705094358,0
18-301-00109,2026-04-14,0.7,4.24,2.0,21.6,29.26,922.7,28.3,967.2,0.654659616655651,0.6844626967830252,0
18-301-00109,2026-04-15,5.3,3.3600000000000003,6.199999999999999,23.5,29.26,922.7,28.3,967.2,4.9567085261070725,5.182360418500048,0
18-301-00109,2026-04-16,4.2,2.64,10.2,12.600000000000001,29.26,922.7,28.3,967.2,3.9279576999339065,4.1067761806981515,0
18-301-00109,2026-04-17,3.3,15.440000000000001,12.8,14.8,29.26,922.7,28.3,967.2,3.0862524785194974,3.22675271340569,0
18-301-00109,2026-04-18,19.3,20.96,26.8,34.1,29.26,922.7,28.3,967.2,18.049900859220095,18.871614354160553,0
18-301-00109,2026-04-19,26.2,10.88,48.8,59.2,29.26,922.7,28.3,967.2,24.502974223397224,25.618460936736085,0
18-301-00109,2026-04-20,13.6,16.16,59.1,72.60000000000001,29.26,922.7,28.3,967.2,12.719101123595506,13.298132394641632,0
18-301-00109,2026-04-21,20.2,1.92,60.0,92.1,29.26,922.7,28.3,967.2,18.8916060806345,19.751637821453013,0
18-301-00109,2026-04-22,2.4,0.96,36.199999999999996,89.2,29.26,922.7,28.3,967.2,2.244547257105089,2.346729246113229,0
18-301-00109,2026-04-23,1.2,2.72,23.800000000000004,86.2,29.26,922.7,28.3,967.2,1.1222736285525445,1.1733646230566146,0
18-301-00109,2026-04-24,3.4,4.16,7.0,86.30000000000001,29.26,922.7,28.3,967.2,3.1797752808988764,3.324533098660408,0
18-301-00109,2026-04-25,5.2,25.12,9.8,72.19999999999999,29.26,922.7,28.3,967.2,4.8631857237276925,5.08458003324533,0
18-301-00109,2026-04-26,31.4,85.04,40.0,77.4,29.26,922.7,28.3,967.2,29.366159947124917,30.703040969981416,0
18-301-00109,2026-04-27,106.3,1.2000000000000002,142.9,170.1,29.26,922.7,28.3,967.2,99.41473892927957,103.9405495257651,1
18-301-00109,2026-04-28,1.5,11.840000000000002,139.2,151.39999999999998,29.26,922.7,28.3,967.2,1.4028420356906808,1.4667057788207682,0
18-301-00109,2026-04-29,14.8,5.36,122.6,163.8,29.26,922.7,28.3,967.2,13.84137475214805,14.471497017698248,0
18-301-00109,2026-04-30,6.7,6.96,22.999999999999986,169.3,29.26,922.7,28.3,967.2,6.266027759418375,6.551285812066099,0
18-301-00109,2026-05-01,8.7,9.200000000000001,30.199999999999985,174.60000000000002,29.26,922.7,28.3,967.2,8.136483807005947,8.506893517160455,0
18-301-00109,2026-05-02,11.5,0.32000000000000006,26.899999999999984,180.9,29.26,922.7,28.3,967.2,10.755122273628551,11.244744304292556,0
18-301-00109,2026-05-03,0.4,0.8,20.599999999999984,149.9,29.26,922.7,28.3,967.2,0.37409120951751484,0.3911215410188716,0
18-301-00109,2026-05-04,1.0,6.08,12.899999999999986,44.600000000000016,29.26,922.7,28.3,967.2,0.9352280237937871,0.9778038525471788,0
18-301-00109,2026-05-05,7.6,6.4,8.999999999999986,50.70000000000002,29.26,922.7,28.3,967.2,7.107732980832782,7.431309279358559,0
18-301-00109,2026-05-06,8.0,0.96,16.599999999999987,43.90000000000002,29.26,922.7,28.3,967.2,7.481824190350297,7.822430820377431,0
18-301-00109,2026-05-07,1.2,0.8800000000000001,16.799999999999986,38.40000000000001,29.26,922.7,28.3,967.2,1.1222736285525445,1.1733646230566146,0
18-301-00109,2026-05-08,1.1,0.0,10.299999999999986,30.800000000000015,29.26,922.7,28.3,967.2,1.028750826173166,1.075584237801897,0
18-301-00109,2026-05-09,0.0,7.359999999999999,2.2999999999999856,19.300000000000015,29.26,922.7,28.3,967.2,0.0,0.0,0
18-301-00109,2026-05-10,9.2,3.04,10.299999999999985,28.100000000000016,29.26,922.7,28.3,967.2,8.604097818902842,8.995795443434044,0
18-301-00109,2026-05-11,3.8,1.92,12.999999999999986,30.900000000000016,29.26,922.7,28.3,967.2,3.553866490416391,3.7156546396792796,0
18-301-00109,2026-05-12,2.4,33.2,15.399999999999984,25.700000000000014,29.26,922.7,28.3,967.2,2.244547257105089,2.346729246113229,0
18-301-00109,2026-05-13,41.5,21.28,47.69999999999999,59.20000000000002,29.26,922.7,28.3,967.2,38.811962987442165,40.578859880707924,0
18-301-00109,2026-05-14,26.6,4.720000000000001,70.5,84.60000000000002,29.26,922.7,28.3,967.2,24.87706543291474,26.00958247775496,0
18-301-00109,2026-05-15,5.9,33.6,73.99999999999999,89.40000000000002,29.26,922.7,28.3,967.2,5.517845340383345,5.769042730028356,0
18-301-00109,2026-05-16,42.0,35.2,74.49999999999999,131.40000000000003,29.26,922.7,28.3,967.2,39.27957699933906,41.067761806981515,0
18-301-00109,2026-05-17,44.0,23.52,91.89999999999998,166.20000000000002,29.26,922.7,28.3,967.2,41.15003304692664,43.023369512075874,0
18-301-00109,2026-05-18,29.4,4.64,115.39999999999998,191.8,29.26,922.7,28.3,967.2,27.49570389953734,28.747433264887057,0
18-301-00109,2026-05-19,5.8,1.2000000000000002,79.19999999999997,195.20000000000002,29.26,922.7,28.3,967.2,5.424322538003965,5.671262344773638,0
18-301-00109,2026-05-20,1.5,19.52,36.69999999999998,155.2,29.26,922.7,28.3,967.2,1.4028420356906808,1.4667057788207682,0
18-301-00109,2026-05-21,24.4,13.600000000000001,31.699999999999985,153.0,29.26,922.7,28.3,967.2,22.819563780568405,23.858414002151164,0
18-301-00109,2026-05-22,17.0,31.200000000000003,42.899999999999984,164.1,29.26,922.7,28.3,967.2,15.898876404494382,16.62266549330204,0
18-301-00109,2026-05-23,39.0,40.080000000000005,80.39999999999998,161.10000000000002,29.26,922.7,28.3,967.2,36.4738929279577,38.134350249339974,0
18-301-00109,2026-05-24,50.1,39.760000000000005,106.1,167.20000000000002,29.26,922.7,28.3,967.2,46.85492399206874,48.987973012613665,1
18-301-00109,2026-05-25,49.7,5.760000000000001,138.79999999999998,187.5,29.26,922.7,28.3,967.2,46.480832782551225,48.596851471594796,0
18-301-00109,2026-05-26,7.2,0.32000000000000006,106.99999999999999,188.90000000000003,29.26,922.7,28.3,967.2,6.733641771315268,7.0401877383396885,0
18-301-00109,2026-05-27,0.4,16.56,57.29999999999999,187.8,29.26,922.7,28.3,967.2,0.37409120951751484,0.3911215410188716,0
18-301-00109,2026-05-28,20.7,1.2800000000000002,28.299999999999986,184.10000000000002,29.26,922.7,28.3,967.2,19.35922009253139,20.2405397477266,0
18-301-00109,2026-05-29,1.6,5.760000000000001,22.69999999999999,168.70000000000002,29.26,922.7,28.3,967.2,1.4963648380700594,1.5644861640754864,0
18-301-00109,2026-05-30,7.2,2.8000000000000003,29.499999999999986,136.90000000000003,29.26,922.7,28.3,967.2,6.733641771315268,7.0401877383396885,0
18-301-00109,2026-05-31,3.5,0.0,12.299999999999986,90.30000000000003,29.26,922.7,28.3,967.2,3.273298083278255,3.422313483915126,0
18-301-00109,2026-06-01,0.0,2.2399999999999998,10.699999999999987,40.600000000000016,29.26,922.7,28.3,967.2,0.0,0.0,0
18-301-00109,2026-06-02,2.8,14.719999999999999,6.299999999999986,36.20000000000001,29.26,922.7,28.3,967.2,2.618638466622604,2.7378507871321007,0
18-301-00109,2026-06-03,18.4,16.64,21.199999999999985,54.20000000000002,29.26,922.7,28.3,967.2,17.208195637805684,17.99159088686809,0
18-301-00109,2026-06-04,20.8,9.68,41.999999999999986,54.30000000000001,29.26,922.7,28.3,967.2,19.45274289491077,20.33832013298132,0
18-301-00109,2026-06-05,12.1,6.96,51.29999999999999,64.80000000000001,29.26,922.7,28.3,967.2,11.316259087904825,11.831426615820865,0
18-301-00109,2026-06-06,8.7,7.76,41.59999999999999,66.30000000000001,29.26,922.7,28.3,967.2,8.136483807005947,8.506893517160455,0
18-301-00109,2026-06-07,9.7,16.72,30.499999999999986,72.50000000000001,29.26,922.7,28.3,967.2,9.071711830799735,9.484697369707634,0
18-301-00109,2026-06-08,20.9,23.28,39.29999999999998,93.4,29.26,922.7,28.3,967.2,19.546265697290153,20.43610051823604,0
18-301-00109,2026-06-09,29.1,13.040000000000001,59.69999999999999,119.70000000000002,29.26,922.7,28.3,967.2,27.21513549239921,28.454092109122907,0
18-301-00109,2026-06-10,16.3,39.68000000000001,66.29999999999998,117.60000000000001,29.26,922.7,28.3,967.2,15.244216787838731,15.938202796519017,0
18-301-00109,2026-06-11,49.6,5.120000000000001,95.0,146.40000000000003,29.26,922.7,28.3,967.2,46.38730998017184,48.499071086340074,0
18-301-00109,2026-06-12,6.4,9.28,72.3,140.70000000000002,29.26,922.7,28.3,967.2,5.9854593522802375,6.257944656301945,0
18-301-00109,2026-06-13,11.6,14.56,67.6,143.60000000000002,29.26,922.7,28.3,967.2,10.84864507600793,11.342524689547275,0
18-301-00109,2026-06-14,18.2,18.0,36.19999999999999,152.10000000000002,29.26,922.7,28.3,967.2,17.021150033046926,17.796030116358654,0
18-301-00109,2026-06-15,22.5,5.04,52.3,153.70000000000002,29.26,922.7,28.3,967.2,21.04263053536021,22.000586682311525,0
18-301-00109,2026-06-16,6.3,8.72,46.99999999999999,130.9,29.26,922.7,28.3,967.2,5.8919365499008585,6.160164271047226,0
18-301-00109,2026-06-17,10.9,15.600000000000001,39.69999999999999,125.50000000000003,29.26,922.7,28.3,967.2,10.19398545935228,10.65806199276425,0
18-301-00109,2026-06-18,19.5,4.32,36.69999999999999,95.4,29.26,922.7,28.3,967.2,18.23694646397885,19.067175124669987,0
18-301-00109,2026-06-19,5.4,28.72,35.79999999999999,94.4,29.26,922.7,28.3,967.2,5.0502313284864515,5.280140803754766,0
18-301-00109,2026-06-20,35.9,51.760000000000005,60.79999999999999,118.70000000000002,29.26,922.7,28.3,967.2,33.57468605419696,35.10315830644372,0
18-301-00109,2026-06-21,64.7,21.6,106.0,165.2,29.26,922.7,28.3,967.2,60.50925313945803,63.263909259802475,1
18-301-00109,2026-06-22,27.0,18.0,127.59999999999998,169.7,29.26,922.7,28.3,967.2,25.251156642432253,26.40070401877383,0
18-301-00109,2026-06-23,22.5,25.12,114.19999999999999,185.90000000000003,29.26,922.7,28.3,967.2,21.04263053536021,22.000586682311525,0
18-301-00109,2026-06-24,31.4,6.16,80.89999999999998,206.4,29.26,922.7,28.3,967.2,29.366159947124917,30.703040969981416,0
18-301-00109,2026-06-25,7.7,13.92,61.59999999999999,194.60000000000002,29.26,922.7,28.3,967.2,7.201255783212161,7.529089664613277,0
18-301-00109,2026-06-26,17.4,8.48,56.499999999999986,206.6,29.26,922.7,28.3,967.2,16.272967614011893,17.01378703432091,0
18-301-00109,2026-06-27,10.6,21.36,35.69999999999998,181.3,29.26,922.7,28.3,967.2,9.913417052214145,10.364720837000096,0
18-301-00109,2026-06-28,26.7,31.6,54.69999999999999,143.3,29.26,922.7,28.3,967.2,24.970588235294116,26.107362863009676,0
18-301-00109,2026-06-29,39.5,16.56,76.79999999999998,155.8,29.26,922.7,28.3,967.2,36.9415069398546,38.623252175613565,0
18-301-00109,2026-06-30,20.7,11.120000000000001,86.89999999999999,154.0,29.26,922.7,28.3,967.2,19.35922009253139,20.2405397477266,0
18-301-00109,2026-07-01,13.9,9.200000000000001,74.1,136.5,29.26,922.7,28.3,967.2,12.999669530733641,13.591473550405787,0
18-301-00109,2026-07-02,11.5,8.32,46.099999999999994,140.3,29.26,922.7,28.3,967.2,10.755122273628551,11.244744304292556,0
18-301-00109,2026-07-03,10.4,8.56,35.8,133.3,29.26,922.7,28.3,967.2,9.726371447455385,10.16916006649066,0
18-301-00109,2026-07-04,10.7,20.96,32.599999999999994,133.4,29.26,922.7,28.3,967.2,10.006939854593522,10.462501222254813,0
18-301-00109,2026-07-05,26.2,31.12,47.3,132.9,29.26,922.7,28.3,967.2,24.502974223397224,25.618460936736085,0
18-301-00109,2026-07-06,38.9,11.520000000000001,75.79999999999998,132.3,29.26,922.7,28.3,967.2,36.38037012557832,38.03656986408526,0
18-301-00109,2026-07-07,14.4,17.6,79.5,126.00000000000001,29.26,922.7,28.3,967.2,13.467283542630536,14.080375476679377,0
18-301-00109,2026-07-08,22.0,26.64,75.29999999999998,134.10000000000002,29.26,922.7,28.3,967.2,20.57501652346332,21.511684756037937,0
18-301-00109,2026-07-09,33.3,16.240000000000002,69.69999999999999,155.9,29.26,922.7,28.3,967.2,31.14309319233311,32.56086828982105,0
18-301-00109,2026-07-10,20.3,21.200000000000003,75.59999999999998,165.8,29.26,922.7,28.3,967.2,18.98512888301388,19.849418206707732,0
18-301-00109,2026-07-11,26.5,35.52,80.09999999999998,181.60000000000002,29.26,922.7,28.3,967.2,24.78354263053536,25.911802092500242,0
18-301-00109,2026-07-12,44.4,159.20000000000002,91.19999999999999,199.8,29.26,922.7,28.3,967.2,41.524124256444146,43.41449105309474,0
18-301-00109,2026-07-13,199.0,4.0,269.9,359.90000000000003,29.26,922.7,28.3,967.2,186.11037673496364,194.5829666568886,1
18-301-00109,2026-07-14,5.0,12.56,248.39999999999998,350.5,29.26,922.7,28.3,967.2,4.676140118968935,4.889019262735895,0
18-301-00109,2026-07-15,15.7,2.4800000000000004,219.69999999999996,344.2,29.26,922.7,28.3,967.2,14.683079973562458,15.351520484990708,0
18-301-00109,2026-07-16,3.1,18.64,23.799999999999972,314.00000000000006,29.26,922.7,28.3,967.2,2.89920687376074,3.0311919428962546,0
18-301-00109,2026-07-17,23.3,19.44,42.09999999999997,317.00000000000006,29.26,922.7,28.3,967.2,21.79081295439524,22.78282976434927,0
18-301-00109,2026-07-18,24.3,32.800000000000004,50.699999999999974,314.8,29.26,922.7,28.3,967.2,22.72604097818903,23.76063361689645,0
18-301-00109,2026-07-19,41.0,21.44,88.59999999999997,311.4,29.26,922.7,28.3,967.2,38.34434897554527,40.08995795443433,0
18-301-00109,2026-07-20,26.8,4.0,92.09999999999998,139.20000000000005,29.26,922.7,28.3,967.2,25.0641110376735,26.205143248264395,0
18-301-00109,2026-07-21,5.0,20.480000000000004,72.79999999999998,139.20000000000005,29.26,922.7,28.3,967.2,4.676140118968935,4.889019262735895,0
18-301-00109,2026-07-22,25.6,10.4,57.39999999999998,149.10000000000002,29.26,922.7,28.3,967.2,23.94183740912095,25.03177862520778,0
18-301-00109,2026-07-23,13.0,1.4400000000000002,43.59999999999997,159.00000000000003,29.26,922.7,28.3,967.2,12.157964309319233,12.711450083113325,0
18-301-00109,2026-07-24,1.8,0.7200000000000001,40.39999999999997,137.50000000000003,29.26,922.7,28.3,967.2,1.683410442828817,1.7600469345849221,0
18-301-00109,2026-07-25,0.9,1.4400000000000002,15.69999999999997,114.10000000000004,29.26,922.7,28.3,967.2,0.8417052214144085,0.8800234672924611,0
18-301-00109,2026-07-26,1.8,3.28,4.499999999999972,74.90000000000003,29.26,922.7,28.3,967.2,1.683410442828817,1.7600469345849221,0
18-301-00109,2026-07-27,4.1,0.32000000000000006,6.799999999999971,52.20000000000003,29.26,922.7,28.3,967.2,3.8344348975545266,4.008995795443433,0
18-301-00109,2026-07-28,0.4,27.84,6.299999999999971,47.60000000000003,29.26,922.7,28.3,967.2,0.37409120951751484,0.3911215410188716,0
18-301-00109,2026-07-29,34.8,14.240000000000002,39.29999999999997,56.800000000000026,29.26,922.7,28.3,967.2,32.54593522802379,34.02757406864182,0
18-301-00109,2026-07-30,17.8,12.240000000000002,52.99999999999997,61.60000000000002,29.26,922.7,28.3,967.2,16.64705882352941,17.404908575339785,0
18-301-00109,2026-07-31,15.3,9.600000000000001,67.89999999999998,75.10000000000002,29.26,922.7,28.3,967.2,14.308988764044944,14.960398943971837,0
18-301-00109,2026-08-01,12.0,8.24,45.09999999999997,86.20000000000002,29.26,922.7,28.3,967.2,11.222736285525446,11.733646230566146,0
18-301-00109,2026-08-02,10.3,9.840000000000002,37.59999999999997,94.70000000000003,29.26,922.7,28.3,967.2,9.632848645076008,10.071379681235943,0
18-301-00109,2026-08-03,12.3,20.96,34.59999999999997,102.90000000000003,29.26,922.7,28.3,967.2,11.503304692663583,12.026987386330301,0
18-301-00109,2026-08-04,26.2,32.0,48.79999999999997,128.70000000000002,29.26,922.7,28.3,967.2,24.502974223397224,25.618460936736085,0
18-301-00109,2026-08-05,40.0,4.5600000000000005,78.49999999999997,133.90000000000003,29.26,922.7,28.3,967.2,37.40912095175148,39.11215410188716,0
18-301-00109,2026-08-06,5.7,2.72,71.89999999999996,121.80000000000004,29.26,922.7,28.3,967.2,5.330799735624587,5.57348195951892,0
18-301-00109,2026-08-07,3.4,13.600000000000001,49.09999999999997,109.90000000000002,29.26,922.7,28.3,967.2,3.1797752808988764,3.324533098660408,0
18-301-00109,2026-08-08,17.0,6.56,26.099999999999973,114.90000000000003,29.26,922.7,28.3,967.2,15.898876404494382,16.62266549330204,0
18-301-00109,2026-08-09,8.2,1.6800000000000002,28.599999999999973,112.80000000000003,29.26,922.7,28.3,967.2,7.668869795109053,8.017991590886867,0
18-301-00109,2026-08-10,2.1,0.96,27.299999999999972,102.60000000000004,29.26,922.7,28.3,967.2,1.9639788499669533,2.0533880903490758,0
18-301-00109,2026-08-11,1.2,1.7600000000000002,11.499999999999972,77.60000000000002,29.26,922.7,28.3,967.2,1.1222736285525445,1.1733646230566146,0
18-301-00109,2026-08-12,2.2,2.64,5.499999999999972,39.800000000000026,29.26,922.7,28.3,967.2,2.057501652346332,2.151168475603794,0
18-301-00109,2026-08-13,3.3,17.36,6.699999999999971,37.40000000000003,29.26,922.7,28.3,967.2,3.0862524785194974,3.22675271340569,0
18-301-00109,2026-08-14,21.7,3.6799999999999997,27.19999999999997,55.70000000000003,29.26,922.7,28.3,967.2,20.29444811632518,21.21834360027378,0
18-301-00109,2026-08-15,4.6,0.4,29.599999999999973,43.300000000000026,29.26,922.7,28.3,967.2,4.302048909451421,4.497897721717022,0
18-301-00109,2026-08-16,0.5,16.880000000000003,26.79999999999997,35.60000000000002,29.26,922.7,28.3,967.2,0.46761401189689356,0.4889019262735894,0
18-301-00109,2026-08-17,21.1,7.6000000000000005,26.19999999999997,54.60000000000003,29.26,922.7,28.3,967.2,19.73331130204891,20.631661288745477,0
18-301-00109,2026-08-18,9.5,1.36,31.099999999999973,62.90000000000003,29.26,922.7,28.3,967.2,8.884666226040979,9.2891365991982,0
18-301-00109,2026-08-19,1.7,0.4,32.299999999999976,62.400000000000034,29.26,922.7,28.3,967.2,1.5898876404494382,1.662266549330204,0
18-301-00109,2026-08-20,0.5,10.4,11.69999999999997,59.60000000000003,29.26,922.7,28.3,967.2,0.46761401189689356,0.4889019262735894,0
18-301-00109,2026-08-21,13.0,1.2000000000000002,15.19999999999997,50.900000000000034,29.26,922.7,28.3,967.2,12.157964309319233,12.711450083113325,0
18-301-00109,2026-08-22,1.5,4.0,14.999999999999972,47.800000000000026,29.26,922.7,28.3,967.2,1.4028420356906808,1.4667057788207682,0
18-301-00109,2026-08-23,5.0,1.1199999999999999,19.49999999999997,52.300000000000026,29.26,922.7,28.3,967.2,4.676140118968935,4.889019262735895,0
18-301-00109,2026-08-24,1.4,10.4,7.899999999999972,32.60000000000003,29.26,922.7,28.3,967.2,1.309319233311302,1.3689253935660504,0
18-301-00109,2026-08-25,13.0,8.8,19.39999999999997,36.10000000000003,29.26,922.7,28.3,967.2,12.157964309319233,12.711450083113325,0
18-301-00109,2026-08-26,11.0,4.88,25.39999999999997,45.40000000000003,29.26,922.7,28.3,967.2,10.28750826173166,10.755842378018968,0
18-301-00109,2026-08-27,6.1,4.5600000000000005,30.099999999999973,51.00000000000003,29.26,922.7,28.3,967.2,5.704890945142101,5.964603500537791,0
18-301-00109,2026-08-28,5.7,4.24,22.799999999999972,43.700000000000024,29.26,922.7,28.3,967.2,5.330799735624587,5.57348195951892,0
18-301-00109,2026-08-29,5.3,18.0,17.099999999999973,47.50000000000003,29.26,922.7,28.3,967.2,4.9567085261070725,5.182360418500048,0
18-301-00109,2026-08-30,22.5,5.68,33.49999999999997,65.00000000000003,29.26,922.7,28.3,967.2,21.04263053536021,22.000586682311525,0
18-301-00109,2026-08-31,7.1,14.64,34.89999999999997,70.70000000000003,29.26,922.7,28.3,967.2,6.640118968935889,6.9424073530849695,0
18-301-00109,2026-09-01,18.3,0.24,47.89999999999998,76.00000000000003,29.26,922.7,28.3,967.2,17.114672835426305,17.893810501613373,0
18-301-00109,2026-09-02,0.3,1.4400000000000002,25.699999999999974,65.30000000000003,29.26,922.7,28.3,967.2,0.28056840713813613,0.29334115576415365,0
18-301-00109,2026-09-03,1.8,15.92,20.399999999999974,61.000000000000036,29.26,922.7,28.3,967.2,1.683410442828817,1.7600469345849221,0
18-301-00109,2026-09-04,19.9,2.5600000000000005,21.999999999999975,75.20000000000003,29.26,922.7,28.3,967.2,18.611037673496362,19.45829666568886,0
18-301-00109,2026-09-05,3.2,2.8800000000000003,24.899999999999974,73.10000000000004,29.26,922.7,28.3,967.2,2.9927296761401188,3.1289723281509727,0
18-301-00109,2026-09-06,3.6,3.3600000000000003,26.699999999999974,54.20000000000003,29.26,922.7,28.3,967.2,3.366820885657634,3.5200938691698442,0
18-301-00109,2026-09-07,4.2,1.36,10.999999999999975,51.30000000000003,29.26,922.7,28.3,967.2,3.9279576999339065,4.1067761806981515,0
18-301-00109,2026-09-08,1.7,1.4400000000000002,9.499999999999975,34.70000000000003,29.26,922.7,28.3,967.2,1.5898876404494382,1.662266549330204,0
18-301-00109,2026-09-09,1.8,2.4000000000000004,7.699999999999975,36.20000000000003,29.26,922.7,28.3,967.2,1.683410442828817,1.7600469345849221,0
18-301-00109,2026-09-10,3.0,2.4800000000000004,6.499999999999974,37.40000000000003,29.26,922.7,28.3,967.2,2.8056840713813616,2.9334115576415365,0
18-301-00109,2026-09-11,3.1,8.4,7.899999999999974,20.60000000000003,29.26,922.7,28.3,967.2,2.89920687376074,3.0311919428962546,0
18-301-00109,2026-09-12,10.5,16.16,16.599999999999973,27.900000000000027,29.26,922.7,28.3,967.2,9.819894249834766,10.266940451745379,0
18-301-00109,2026-09-13,20.2,0.24,33.79999999999997,44.50000000000003,29.26,922.7,28.3,967.2,18.8916060806345,19.751637821453013,0
18-301-00109,2026-09-14,0.3,1.8399999999999999,30.99999999999997,40.60000000000002,29.26,922.7,28.3,967.2,0.28056840713813613,0.29334115576415365,0
18-301-00109,2026-09-15,2.3,4.720000000000001,22.79999999999997,41.20000000000003,29.26,922.7,28.3,967.2,2.1510244547257105,2.248948860858511,0
18-301-00109,2026-09-16,5.9,19.52,8.499999999999975,45.30000000000003,29.26,922.7,28.3,967.2,5.517845340383345,5.769042730028356,0
18-301-00109,2026-09-17,24.4,19.44,32.59999999999997,66.70000000000002,29.26,922.7,28.3,967.2,22.819563780568405,23.858414002151164,0
18-301-00109,2026-09-18,24.3,0.0,54.59999999999998,87.90000000000003,29.26,922.7,28.3,967.2,22.72604097818903,23.76063361689645,0
18-301-00109,2026-09-19,0.0,0.0,48.699999999999974,77.40000000000003,29.26,922.7,28.3,967.2,0.0,0.0,0
18-301-00110,2025-09-19,8.8,0.08000000000000002,8.8,8.8,32.47,2546.6,28.3,822.4,7.440693158051988,3.325020781379884,0
18-301-00110,2025-09-20,0.1,1.2800000000000002,8.9,8.9,32.47,2546.6,28.3,822.4,0.08455333134149985,0.03778432706113505,0
18-301-00110,2025-09-21,1.6,7.040000000000001,10.5,10.5,32.47,2546.6,28.3,822.4,1.3528533014639976,0.6045492329781608,0
18-301-00110,2025-09-22,8.8,3.12,10.5,19.3,32.47,2546.6,28.3,822.4,7.440693158051988,3.325020781379884,0
18-301-00110,2025-09-23,3.9,3.04,14.3,23.2,32.47,2546.6,28.3,822.4,3.2975799223184943,1.4735887553842666,0
18-301-00110,2025-09-24,3.8,0.0,16.5,27.0,32.47,2546.6,28.3,822.4,3.213026590976994,1.4358044283231315,0
18-301-00110,2025-09-25,0.0,5.2,7.6999999999999975,27.0,32.47,2546.6,28.3,822.4,0.0,0.0,0
18-301-00110,2025-09-26,6.5,0.8,10.299999999999997,24.7,32.47,2546.6,28.3,822.4,5.495966537197491,2.455981258973778,0
18-301-00110,2025-09-27,1.0,3.6799999999999997,7.499999999999997,25.599999999999998,32.47,2546.6,28.3,822.4,0.8455333134149986,0.3778432706113504,0
18-301-00110,2025-09-28,4.6,1.04,12.099999999999998,28.6,32.47,2546.6,28.3,822.4,3.8894532417089933,1.7380790448122119,0
18-301-00110,2025-09-29,1.3,5.2,6.899999999999997,21.099999999999998,32.47,2546.6,28.3,822.4,1.0991933074394982,0.49119625179475557,0
18-301-00110,2025-09-30,6.5,6.800000000000001,12.399999999999997,23.7,32.47,2546.6,28.3,822.4,5.495966537197491,2.455981258973778,0
18-301-00110,2025-10-01,8.5,10.64,16.299999999999997,28.4,32.47,2546.6,28.3,822.4,7.187033164027488,3.2116678001964787,0
18-301-00110,2025-10-02,13.3,10.96,28.299999999999997,41.7,32.47,2546.6,28.3,822.4,11.245593068419481,5.025315499130961,0
18-301-00110,2025-10-03,13.7,17.36,35.5,48.9,32.47,2546.6,28.3,822.4,11.58380639378548,5.176452807375501,0
18-301-00110,2025-10-04,21.7,38.56,48.699999999999996,69.6,32.47,2546.6,28.3,822.4,18.348072901105468,8.199198972266304,0
18-301-00110,2025-10-05,48.2,3.6799999999999997,83.6,113.2,32.47,2546.6,28.3,822.4,40.754705706602934,18.212045643467093,0
18-301-00110,2025-10-06,4.6,0.7200000000000001,74.5,116.49999999999999,32.47,2546.6,28.3,822.4,3.8894532417089933,1.7380790448122119,0
18-301-00110,2025-10-07,0.9,3.28,53.7,110.89999999999999,32.47,2546.6,28.3,822.4,0.7609799820734987,0.3400589435502154,0
18-301-00110,2025-10-08,4.1,2.72,9.6,106.5,32.47,2546.6,28.3,822.4,3.4666865850014936,1.5491574095065366,0
18-301-00110,2025-10-09,3.4,0.6400000000000001,8.4,96.6,32.47,2546.6,28.3,822.4,2.874813265610995,1.2846671200785915,0
18-301-00110,2025-10-10,0.8,0.96,8.299999999999999,83.7,32.47,2546.6,28.3,822.4,0.6764266507319988,0.3022746164890804,0
18-301-00110,2025-10-11,1.2,1.1199999999999999,5.4,63.2,32.47,2546.6,28.3,822.4,1.0146399760979983,0.4534119247336205,0
18-301-00110,2025-10-12,1.4,0.24,3.4,16.4,32.47,2546.6,28.3,822.4,1.1837466387809978,0.5289805788558906,0
18-301-00110,2025-10-13,0.3,0.0,2.8999999999999995,12.1,32.47,2546.6,28.3,822.4,0.25365999402449957,0.11335298118340513,0
18-301-00110,2025-10-14,0.0,0.08000000000000002,1.7,11.2,32.47,2546.6,28.3,822.4,0.0,0.0,0
18-301-00110,2025-10-15,0.1,0.32000000000000006,0.4,7.2,32.47,2546.6,28.3,822.4,0.08455333134149985,0.03778432706113505,0
18-301-00110,2025-10-16,0.4,0.0,0.5,4.2,32.47,2546.6,28.3,822.4,0.3382133253659994,0.1511373082445402,0
18-301-00110,2025-10-17,0.0,0.5599999999999999,0.5,3.4000000000000004,32.47,2546.6,28.3,822.4,0.0,0.0,0
18-301-00110,2025-10-18,0.7,0.0,1.1,2.9,32.47,2546.6,28.3,822.4,0.5918733193904989,0.2644902894279453,0
18-301-00110,2025-10-19,0.0,1.36,0.7,1.5,32.47,2546.6,28.3,822.4,0.0,0.0,0
18-301-00110,2025-10-20,1.7,0.0,2.4,2.9,32.47,2546.6,28.3,822.4,1.4374066328054975,0.6423335600392958,0
18-301-00110,2025-10-21,0.0,0.0,1.7,2.9,32.47,2546.6,28.3,822.4,0.0,0.0,0
18-301-00110,2025-10-22,0.0,0.0,1.7,2.8,32.47,2546.6,28.3,822.4,0.0,0.0,0
18-301-00110,2025-10-23,0.0,2.2399999999999998,0.0,2.4,32.47,2546.6,28.3,822.4,0.0,0.0,0
18-301-00110,2025-10-24,2.8,0.96,2.8,5.199999999999999,32.47,2546.6,28.3,822.4,2.3674932775619957,1.0579611577117811,0
18-301-00110,2025-10-25,1.2,0.0,4.0,5.699999999999999,32.47,2546.6,28.3,822.4,1.0146399760979983,0.4534119247336205,0
18-301-00110,2025-10-26,0.0,0.0,4.0,5.699999999999999,32.47,2546.6,28.3,822.4,0.0,0.0,0
18-301-00110,2025-10-27,0.0,0.0,1.2,4.0,32.47,2546.6,28.3,822.4,0.0,0.0,0
18-301-00110,2025-10-28,0.0,2.5600000000000005,0.0,4.0,32.47,2546.6,28.3,822.4,0.0,0.0,0
18-301-00110,2025-10-29,3.2,14.480000000000002,3.2,7.2,32.47,2546.6,28.3,822.4,2.7057066029279953,1.2090984659563215,0
18-301-00110,2025-10-30,18.1,15.440000000000001,21.3,25.3,32.47,2546.6,28.3,822.4,15.304152972811474,6.838963198065444,0
18-301-00110,2025-10-31,19.3,47.04,40.6,41.8,32.47,2546.6,28.3,822.4,16.318792948909472,7.292375122799064,0
18-301-00110,2025-11-01,58.8,0.32000000000000006,96.19999999999999,99.4,32.47,2546.6,28.3,822.4,49.71735882880191,22.217184311947406,1
18-301-00110,2025-11-02,0.4,0.16000000000000003,78.5,99.8,32.47,2546.6,28.3,822.4,0.3382133253659994,0.1511373082445402,0
18-301-00110,2025-11-03,0.2,0.0,59.4,100.0,32.47,2546.6,28.3,822.4,0.1691066626829997,0.0755686541222701,0
18-301-00110,2025-11-04,0.0,0.4,0.6000000000000001,100.0,32.47,2546.6,28.3,822.4,0.0,0.0,0
18-301-00110,2025-11-05,0.5,1.6,0.7,97.3,32.47,2546.6,28.3,822.4,0.4227666567074993,0.1889216353056752,0
18-301-00110,2025-11-06,2.0,0.16000000000000003,2.5,81.19999999999999,32.47,2546.6,28.3,822.4,1.6910666268299972,0.7556865412227008,0
18-301-00110,2025-11-07,0.2,0.0,2.7,62.09999999999999,32.47,2546.6,28.3,822.4,0.1691066626829997,0.0755686541222701,0
18-301-00110,2025-11-08,0.0,0.0,2.2,3.299999999999993,32.47,2546.6,28.3,822.4,0.0,0.0,0
18-301-00110,2025-11-09,0.0,0.0,0.2,2.8999999999999932,32.47,2546.6,28.3,822.4,0.0,0.0,0
18-301-00110,2025-11-10,0.0,0.0,0.0,2.699999999999993,32.47,2546.6,28.3,822.4,0.0,0.0,0
18-301-00110,2025-11-11,0.0,0.0,0.0,2.699999999999993,32.47,2546.6,28.3,822.4,0.0,0.0,0
18-301-00110,2025-11-12,0.0,0.0,0.0,2.199999999999993,32.47,2546.6,28.3,822.4,0.0,0.0,0
18-301-00110,2025-11-13,0.0,0.08000000000000002,0.0,0.1999999999999929,32.47,2546.6,28.3,822.4,0.0,0.0,0
18-301-00110,2025-11-14,0.1,0.0,0.1,0.0999999999999929,32.47,2546.6,28.3,822.4,0.08455333134149985,0.03778432706113505,0
18-301-00110,2025-11-15,0.0,0.0,0.1,0.0999999999999929,32.47,2546.6,28.3,822.4,0.0,0.0,0
18-301-00110,2025-11-16,0.0,0.0,0.1,0.0999999999999929,32.47,2546.6,28.3,822.4,0.0,0.0,0
18-301-00110,2025-11-17,0.0,0.0,0.0,0.0999999999999929,32.47,2546.6,28.3,822.4,0.0,0.0,0
18-301-00110,2025-11-18,0.0,0.0,0.0,0.0999999999999929,32.47,2546.6,28.3,822.4,0.0,0.0,0
18-301-00110,2025-11-19,0.0,0.0,0.0,0.0999999999999929,32.47,2546.6,28.3,822.4,0.0,0.0,0
18-301-00110,2025-11-20,0.0,0.0,0.0,0.0999999999999929,32.47,2546.6,28.3,822.4,0.0,0.0,0
18-301-00110,2025-11-21,0.0,0.24,0.0,0.0,32.47,2546.6,28.3,822.4,0.0,0.0,0
18-301-00110,2025-11-22,0.3,0.08000000000000002,0.3,0.2999999999999929,32.47,2546.6,28.3,822.4,0.25365999402449957,0.11335298118340513,0
18-301-00110,2025-11-23,0.1,0.0,0.4,0.3999999999999929,32.47,2546.6,28.3,822.4,0.08455333134149985,0.03778432706113505,0
18-301-00110,2025-11-24,0.0,0.0,0.4,0.3999999999999929,32.47,2546.6,28.3,822.4,0.0,0.0,0
18-301-00110,2025-11-25,0.0,0.0,0.1,0.3999999999999929,32.47,2546.6,28.3,822.4,0.0,0.0,0
18-301-00110,2025-11-26,0.0,0.0,0.0,0.3999999999999929,32.47,2546.6,28.3,822.4,0.0,0.0,0
18-301-00110,2025-11-27,0.0,0.0,0.0,0.3999999999999929,32.47,2546.6,28.3,822.4,0.0,0.0,0
18-301-00110,2025-11-28,0.0,0.0,0.0,0.3999999999999929,32.47,2546.6,28.3,822.4,0.0,0.0,0
18-301-00110,2025-11-29,0.0,0.0,0.0,0.0999999999999929,32.47,2546.6,28.3,822.4,0.0,0.0,0
18-301-00110,2025-11-30,0.0,0.0,0.0,0.0,32.47,2546.6,28.3,822.4,0.0,0.0,0
18-301-00110,2025-12-01,0.0,0.0,0.0,0.0,32.47,2546.6,28.3,822.4,0.0,0.0,0
18-301-00110,2025-12-02,0.0,0.0,0.0,0.0,32.47,2546.6,28.3,822.4,0.0,0.0,0
18-301-00110,2025-12-03,0.0,0.0,0.0,0.0,32.47,2546.6,28.3,822.4,0.0,0.0,0
18-301-00110,2025-12-04,0.0,0.0,0.0,0.0,32.47,2546.6,28.3,822.4,0.0,0.0,0
18-301-00110,2025-12-05,0.0,0.0,0.0,0.0,32.47,2546.6,28.3,822.4,0.0,0.0,0
18-301-00110,2025-12-06,0.0,0.0,0.0,0.0,32.47,2546.6,28.3,822.4,0.0,0.0,0
18-301-00110,2025-12-07,0.0,0.0,0.0,0.0,32.47,2546.6,28.3,822.4,0.0,0.0,0
18-301-00110,2025-12-08,0.0,0.0,0.0,0.0,32.47,2546.6,28.3,822.4,0.0,0.0,0
18-301-00110,2025-12-09,0.0,0.0,0.0,0.0,32.47,2546.6,28.3,822.4,0.0,0.0,0
18-301-00110,2025-12-10,0.0,0.0,0.0,0.0,32.47,2546.6,28.3,822.4,0.0,0.0,0
18-301-00110,2025-12-11,0.0,0.0,0.0,0.0,32.47,2546.6,28.3,822.4,0.0,0.0,0
18-301-00110,2025-12-12,0.0,0.0,0.0,0.0,32.47,2546.6,28.3,822.4,0.0,0.0,0
18-301-00110,2025-12-13,0.0,0.0,0.0,0.0,32.47,2546.6,28.3,822.4,0.0,0.0,0
18-301-00110,2025-12-14,0.0,0.0,0.0,0.0,32.47,2546.6,28.3,822.4,0.0,0.0,0
18-301-00110,2025-12-15,0.0,0.0,0.0,0.0,32.47,2546.6,28.3,822.4,0.0,0.0,0
18-301-00110,2025-12-16,0.0,0.0,0.0,0.0,32.47,2546.6,28.3,822.4,0.0,0.0,0
18-301-00110,2025-12-17,0.0,0.0,0.0,0.0,32.47,2546.6,28.3,822.4,0.0,0.0,0
18-301-00110,2025-12-18,0.0,0.0,0.0,0.0,32.47,2546.6,28.3,822.4,0.0,0.0,0
18-301-00110,2025-12-19,0.0,0.0,0.0,0.0,32.47,2546.6,28.3,822.4,0.0,0.0,0
18-301-00110,2025-12-20,0.0,0.0,0.0,0.0,32.47,2546.6,28.3,822.4,0.0,0.0,0
18-301-00110,2025-12-21,0.0,0.0,0.0,0.0,32.47,2546.6,28.3,822.4,0.0,0.0,0
18-301-00110,2025-12-22,0.0,0.0,0.0,0.0,32.47,2546.6,28.3,822.4,0.0,0.0,0
18-301-00110,2025-12-23,0.0,0.0,0.0,0.0,32.47,2546.6,28.3,822.4,0.0,0.0,0
18-301-00110,2025-12-24,0.0,0.0,0.0,0.0,32.47,2546.6,28.3,822.4,0.0,0.0,0
18-301-00110,2025-12-25,0.0,0.0,0.0,0.0,32.47,2546.6,28.3,822.4,0.0,0.0,0
18-301-00110,2025-12-26,0.0,0.0,0.0,0.0,32.47,2546.6,28.3,822.4,0.0,0.0,0
18-301-00110,2025-12-27,0.0,0.0,0.0,0.0,32.47,2546.6,28.3,822.4,0.0,0.0,0
18-301-00110,2025-12-28,0.0,0.0,0.0,0.0,32.47,2546.6,28.3,822.4,0.0,0.0,0
18-301-00110,2025-12-29,0.0,0.24,0.0,0.0,32.47,2546.6,28.3,822.4,0.0,0.0,0
18-301-00110,2025-12-30,0.3,0.0,0.3,0.2999999999999929,32.47,2546.6,28.3,822.4,0.25365999402449957,0.11335298118340513,0
18-301-00110,2025-12-31,0.0,0.0,0.3,0.2999999999999929,32.47,2546.6,28.3,822.4,0.0,0.0,0
18-301-00110,2026-01-01,0.0,0.0,0.3,0.2999999999999929,32.47,2546.6,28.3,822.4,0.0,0.0,0
18-301-00110,2026-01-02,0.0,0.4,0.0,0.2999999999999929,32.47,2546.6,28.3,822.4,0.0,0.0,0
18-301-00110,2026-01-03,0.5,1.2800000000000002,0.5,0.7999999999999929,32.47,2546.6,28.3,822.4,0.4227666567074993,0.1889216353056752,0
18-301-00110,2026-01-04,1.6,0.0,2.1,2.3999999999999932,32.47,2546.6,28.3,822.4,1.3528533014639976,0.6045492329781608,0
18-301-00110,2026-01-05,0.0,0.0,2.1,2.3999999999999932,32.47,2546.6,28.3,822.4,0.0,0.0,0
18-301-00110,2026-01-06,0.0,0.0,1.6,2.0999999999999934,32.47,2546.6,28.3,822.4,0.0,0.0,0
18-301-00110,2026-01-07,0.0,0.0,0.0,2.0999999999999934,32.47,2546.6,28.3,822.4,0.0,0.0,0
18-301-00110,2026-01-08,0.0,0.0,0.0,2.0999999999999934,32.47,2546.6,28.3,822.4,0.0,0.0,0
18-301-00110,2026-01-09,0.0,0.0,0.0,2.0999999999999934,32.47,2546.6,28.3,822.4,0.0,0.0,0
18-301-00110,2026-01-10,0.0,0.0,0.0,1.599999999999993,32.47,2546.6,28.3,822.4,0.0,0.0,0
18-301-00110,2026-01-11,0.0,0.0,0.0,0.0,32.47,2546.6,28.3,822.4,0.0,0.0,0
18-301-00110,2026-01-12,0.0,0.0,0.0,0.0,32.47,2546.6,28.3,822.4,0.0,0.0,0
18-301-00110,2026-01-13,0.0,0.0,0.0,0.0,32.47,2546.6,28.3,822.4,0.0,0.0,0
18-301-00110,2026-01-14,0.0,0.0,0.0,0.0,32.47,2546.6,28.3,822.4,0.0,0.0,0
18-301-00110,2026-01-15,0.0,0.0,0.0,0.0,32.47,2546.6,28.3,822.4,0.0,0.0,0
18-301-00110,2026-01-16,0.0,0.0,0.0,0.0,32.47,2546.6,28.3,822.4,0.0,0.0,0
18-301-00110,2026-01-17,0.0,0.0,0.0,0.0,32.47,2546.6,28.3,822.4,0.0,0.0,0
18-301-00110,2026-01-18,0.0,0.0,0.0,0.0,32.47,2546.6,28.3,822.4,0.0,0.0,0
18-301-00110,2026-01-19,0.0,0.16000000000000003,0.0,0.0,32.47,2546.6,28.3,822.4,0.0,0.0,0
18-301-00110,2026-01-20,0.2,0.0,0.2,0.1999999999999929,32.47,2546.6,28.3,822.4,0.1691066626829997,0.0755686541222701,0
18-301-00110,2026-01-21,0.0,0.0,0.2,0.1999999999999929,32.47,2546.6,28.3,822.4,0.0,0.0,0
18-301-00110,2026-01-22,0.0,0.0,0.2,0.1999999999999929,32.47,2546.6,28.3,822.4,0.0,0.0,0
18-301-00110,2026-01-23,0.0,0.0,0.0,0.1999999999999929,32.47,2546.6,28.3,822.4,0.0,0.0,0
18-301-00110,2026-01-24,0.0,0.0,0.0,0.1999999999999929,32.47,2546.6,28.3,822.4,0.0,0.0,0
18-301-00110,2026-01-25,0.0,0.0,0.0,0.1999999999999929,32.47,2546.6,28.3,822.4,0.0,0.0,0
18-301-00110,2026-01-26,0.0,0.0,0.0,0.1999999999999929,32.47,2546.6,28.3,822.4,0.0,0.0,0
18-301-00110,2026-01-27,0.0,0.0,0.0,0.0,32.47,2546.6,28.3,822.4,0.0,0.0,0
18-301-00110,2026-01-28,0.0,0.0,0.0,0.0,32.47,2546.6,28.3,822.4,0.0,0.0,0
18-301-00110,2026-01-29,0.0,0.0,0.0,0.0,32.47,2546.6,28.3,822.4,0.0,0.0,0
18-301-00110,2026-01-30,0.0,0.0,0.0,0.0,32.47,2546.6,28.3,822.4,0.0,0.0,0
18-301-00110,2026-01-31,0.0,0.0,0.0,0.0,32.47,2546.6,28.3,822.4,0.0,0.0,0
18-301-00110,2026-02-01,0.0,0.0,0.0,0.0,32.47,2546.6,28.3,822.4,0.0,0.0,0
18-301-00110,2026-02-02,0.0,0.0,0.0,0.0,32.47,2546.6,28.3,822.4,0.0,0.0,0
18-301-00110,2026-02-03,0.0,0.0,0.0,0.0,32.47,2546.6,28.3,822.4,0.0,0.0,0
18-301-00110,2026-02-04,0.0,0.0,0.0,0.0,32.47,2546.6,28.3,822.4,0.0,0.0,0
18-301-00110,2026-02-05,0.0,0.0,0.0,0.0,32.47,2546.6,28.3,822.4,0.0,0.0,0
18-301-00110,2026-02-06,0.0,0.0,0.0,0.0,32.47,2546.6,28.3,822.4,0.0,0.0,0
18-301-00110,2026-02-07,0.0,0.0,0.0,0.0,32.47,2546.6,28.3,822.4,0.0,0.0,0
18-301-00110,2026-02-08,0.0,0.0,0.0,0.0,32.47,2546.6,28.3,822.4,0.0,0.0,0
18-301-00110,2026-02-09,0.0,0.0,0.0,0.0,32.47,2546.6,28.3,822.4,0.0,0.0,0
18-301-00110,2026-02-10,0.0,0.0,0.0,0.0,32.47,2546.6,28.3,822.4,0.0,0.0,0
18-301-00110,2026-02-11,0.0,0.0,0.0,0.0,32.47,2546.6,28.3,822.4,0.0,0.0,0
18-301-00110,2026-02-12,0.0,0.0,0.0,0.0,32.47,2546.6,28.3,822.4,0.0,0.0,0
18-301-00110,2026-02-13,0.0,0.0,0.0,0.0,32.47,2546.6,28.3,822.4,0.0,0.0,0
18-301-00110,2026-02-14,0.0,0.0,0.0,0.0,32.47,2546.6,28.3,822.4,0.0,0.0,0
18-301-00110,2026-02-15,0.0,0.0,0.0,0.0,32.47,2546.6,28.3,822.4,0.0,0.0,0
18-301-00110,2026-02-16,0.0,0.0,0.0,0.0,32.47,2546.6,28.3,822.4,0.0,0.0,0
18-301-00110,2026-02-17,0.0,0.0,0.0,0.0,32.47,2546.6,28.3,822.4,0.0,0.0,0
18-301-00110,2026-02-18,0.0,0.0,0.0,0.0,32.47,2546.6,28.3,822.4,0.0,0.0,0
18-301-00110,2026-02-19,0.0,0.0,0.0,0.0,32.47,2546.6,28.3,822.4,0.0,0.0,0
18-301-00110,2026-02-20,0.0,0.0,0.0,0.0,32.47,2546.6,28.3,822.4,0.0,0.0,0
18-301-00110,2026-02-21,0.0,0.0,0.0,0.0,32.47,2546.6,28.3,822.4,0.0,0.0,0
18-301-00110,2026-02-22,0.0,0.0,0.0,0.0,32.47,2546.6,28.3,822.4,0.0,0.0,0
18-301-00110,2026-02-23,0.0,0.16000000000000003,0.0,0.0,32.47,2546.6,28.3,822.4,0.0,0.0,0
18-301-00110,2026-02-24,0.2,0.08000000000000002,0.2,0.1999999999999929,32.47,2546.6,28.3,822.4,0.1691066626829997,0.0755686541222701,0
18-301-00110,2026-02-25,0.1,0.0,0.30000000000000004,0.29999999999999294,32.47,2546.6,28.3,822.4,0.08455333134149985,0.03778432706113505,0
18-301-00110,2026-02-26,0.0,0.0,0.30000000000000004,0.29999999999999294,32.47,2546.6,28.3,822.4,0.0,0.0,0
18-301-00110,2026-02-27,0.0,0.0,0.1,0.29999999999999294,32.47,2546.6,28.3,822.4,0.0,0.0,0
18-301-00110,2026-02-28,0.0,0.0,0.0,0.29999999999999294,32.47,2546.6,28.3,822.4,0.0,0.0,0
18-301-00110,2026-03-01,0.0,0.0,0.0,0.29999999999999294,32.47,2546.6,28.3,822.4,0.0,0.0,0
18-301-00110,2026-03-02,0.0,0.0,0.0,0.29999999999999294,32.47,2546.6,28.3,822.4,0.0,0.0,0
18-301-00110,2026-03-03,0.0,0.0,0.0,0.0999999999999929,32.47,2546.6,28.3,822.4,0.0,0.0,0
18-301-00110,2026-03-04,0.0,0.0,0.0,0.0,32.47,2546.6,28.3,822.4,0.0,0.0,0
18-301-00110,2026-03-05,0.0,0.0,0.0,0.0,32.47,2546.6,28.3,822.4,0.0,0.0,0
18-301-00110,2026-03-06,0.0,0.0,0.0,0.0,32.47,2546.6,28.3,822.4,0.0,0.0,0
18-301-00110,2026-03-07,0.0,0.5599999999999999,0.0,0.0,32.47,2546.6,28.3,822.4,0.0,0.0,0
18-301-00110,2026-03-08,0.7,5.28,0.7,0.6999999999999929,32.47,2546.6,28.3,822.4,0.5918733193904989,0.2644902894279453,0
18-301-00110,2026-03-09,6.6,3.3600000000000003,7.3,7.299999999999993,32.47,2546.6,28.3,822.4,5.580519868538991,2.493765586034913,0
18-301-00110,2026-03-10,4.2,0.08000000000000002,11.5,11.499999999999993,32.47,2546.6,28.3,822.4,3.551239916342994,1.586941736567672,0
18-301-00110,2026-03-11,0.1,1.52,10.9,11.599999999999993,32.47,2546.6,28.3,822.4,0.08455333134149985,0.03778432706113505,0
18-301-00110,2026-03-12,1.9,33.44,6.2,13.499999999999993,32.47,2546.6,28.3,822.4,1.606513295488497,0.7179022141615657,0
18-301-00110,2026-03-13,41.8,9.440000000000001,43.8,55.29999999999999,32.47,2546.6,28.3,822.4,35.34329250074694,15.793848711554448,0
18-301-00110,2026-03-14,11.8,3.44,55.5,67.1,32.47,2546.6,28.3,822.4,9.977293098296984,4.4585505932139355,0
18-301-00110,2026-03-15,4.3,23.36,57.9,70.69999999999999,32.47,2546.6,28.3,822.4,3.6357932476844934,1.6247260636288068,0
18-301-00110,2026-03-16,29.2,0.08000000000000002,45.3,93.3,32.47,2546.6,28.3,822.4,24.689572751717957,11.033023501851432,0
18-301-00110,2026-03-17,0.1,4.88,33.6,89.19999999999999,32.47,2546.6,28.3,822.4,0.08455333134149985,0.03778432706113505,0
18-301-00110,2026-03-18,6.1,3.84,35.4,95.19999999999999,32.47,2546.6,28.3,822.4,5.157753211831491,2.3048439507292375,0
18-301-00110,2026-03-19,4.8,5.120000000000001,11.0,98.1,32.47,2546.6,28.3,822.4,4.058559904391993,1.813647698934482,0
18-301-00110,2026-03-20,6.4,9.76,17.3,62.699999999999996,32.47,2546.6,28.3,822.4,5.4114132058559905,2.418196931912643,0
18-301-00110,2026-03-21,12.2,0.0,23.4,63.09999999999999,32.47,2546.6,28.3,822.4,10.315506423662981,4.609687901458475,0
18-301-00110,2026-03-22,0.0,0.24,18.6,58.79999999999999,32.47,2546.6,28.3,822.4,0.0,0.0,0
18-301-00110,2026-03-23,0.3,4.0,12.500000000000002,29.89999999999999,32.47,2546.6,28.3,822.4,0.25365999402449957,0.11335298118340513,0
18-301-00110,2026-03-24,5.0,0.5599999999999999,5.300000000000002,34.79999999999999,32.47,2546.6,28.3,822.4,4.227666567074992,1.889216353056752,0
18-301-00110,2026-03-25,0.7,0.0,6.000000000000002,29.39999999999999,32.47,2546.6,28.3,822.4,0.5918733193904989,0.2644902894279453,0
18-301-00110,2026-03-26,0.0,0.08000000000000002,5.700000000000002,24.59999999999999,32.47,2546.6,28.3,822.4,0.0,0.0,0
18-301-00110,2026-03-27,0.1,22.72,0.8000000000000017,18.299999999999994,32.47,2546.6,28.3,822.4,0.08455333134149985,0.03778432706113505,0
18-301-00110,2026-03-28,28.4,12.880000000000003,28.5,34.49999999999999,32.47,2546.6,28.3,822.4,24.01314610098596,10.730748885362352,0
18-301-00110,2026-03-29,16.1,1.4400000000000002,44.6,50.599999999999994,32.47,2546.6,28.3,822.4,13.613086345981477,6.0832766568427425,0
18-301-00110,2026-03-30,1.8,3.7600000000000002,46.3,52.099999999999994,32.47,2546.6,28.3,822.4,1.5219599641469974,0.6801178871004308,0
18-301-00110,2026-03-31,4.7,15.92,22.6,51.8,32.47,2546.6,28.3,822.4,3.974006573050494,1.7758633718733472,0
18-301-00110,2026-04-01,19.9,0.16000000000000003,26.4,71.0,32.47,2546.6,28.3,822.4,16.82611293695847,7.519081085165873,0
18-301-00110,2026-04-02,0.2,1.4400000000000002,24.799999999999997,71.19999999999999,32.47,2546.6,28.3,822.4,0.1691066626829997,0.0755686541222701,0
18-301-00110,2026-04-03,1.8,0.32000000000000006,21.9,72.9,32.47,2546.6,28.3,822.4,1.5219599641469974,0.6801178871004308,0
18-301-00110,2026-04-04,0.4,0.0,2.4,44.89999999999999,32.47,2546.6,28.3,822.4,0.3382133253659994,0.1511373082445402,0
18-301-00110,2026-04-05,0.0,0.0,2.1999999999999997,28.79999999999999,32.47,2546.6,28.3,822.4,0.0,0.0,0
18-301-00110,2026-04-06,0.0,0.8800000000000001,0.4,26.99999999999999,32.47,2546.6,28.3,822.4,0.0,0.0,0
18-301-00110,2026-04-07,1.1,3.28,1.1,23.39999999999999,32.47,2546.6,28.3,822.4,0.9300866447564985,0.4156275976724855,0
18-301-00110,2026-04-08,4.1,5.84,5.199999999999999,7.5999999999999925,32.47,2546.6,28.3,822.4,3.4666865850014936,1.5491574095065366,0
18-301-00110,2026-04-09,7.3,1.04,12.5,14.699999999999992,32.47,2546.6,28.3,822.4,6.172393187929489,2.758255875462858,0
18-301-00110,2026-04-10,1.3,0.0,12.7,14.199999999999992,32.47,2546.6,28.3,822.4,1.0991933074394982,0.49119625179475557,0
18-301-00110,2026-04-11,0.0,0.8800000000000001,8.6,13.799999999999994,32.47,2546.6,28.3,822.4,0.0,0.0,0
18-301-00110,2026-04-12,1.1,0.0,2.4000000000000004,14.899999999999993,32.47,2546.6,28.3,822.4,0.9300866447564985,0.4156275976724855,0
18-301-00110,2026-04-13,0.0,0.48,1.1,14.899999999999993,32.47,2546.6,28.3,822.4,0.0,0.0,0
18-301-00110,2026-04-14,0.6,4.720000000000001,1.7000000000000002,14.399999999999993,32.47,2546.6,28.3,822.4,0.5073199880489991,0.22670596236681026,0
18-301-00110,2026-04-15,5.9,2.08,6.5,16.199999999999996,32.47,2546.6,28.3,822.4,4.988646549148492,2.2292752966069678,0
18-301-00110,2026-04-16,2.6,2.16,9.1,11.499999999999993,32.47,2546.6,28.3,822.4,2.1983866148789963,0.9823925035895111,0
18-301-00110,2026-04-17,2.7,45.84,11.200000000000001,12.899999999999993,32.47,2546.6,28.3,822.4,2.2829399462204965,1.0201768306506462,0
18-301-00110,2026-04-18,57.3,39.04,62.599999999999994,70.19999999999999,32.47,2546.6,28.3,822.4,48.449058858679415,21.65041940603038,1
18-301-00110,2026-04-19,48.8,19.28,108.79999999999998,117.89999999999999,32.47,2546.6,28.3,822.4,41.262025694651925,18.4387516058339,0
18-301-00110,2026-04-20,24.1,10.32,130.2,142.0,32.47,2546.6,28.3,822.4,20.377352853301467,9.106022821733546,0
18-301-00110,2026-04-21,12.9,5.36,85.80000000000001,154.3,32.47,2546.6,28.3,822.4,10.90737974305348,4.874178190886421,0
18-301-00110,2026-04-22,6.7,2.08,43.7,155.1,32.47,2546.6,28.3,822.4,5.66507319988049,2.531549913096048,0
18-301-00110,2026-04-23,2.6,5.28,22.2,155.1,32.47,2546.6,28.3,822.4,2.1983866148789963,0.9823925035895111,0
18-301-00110,2026-04-24,6.6,4.4799999999999995,15.9,158.99999999999997,32.47,2546.6,28.3,822.4,5.580519868538991,2.493765586034913,0
18-301-00110,2026-04-25,5.6,20.560000000000002,14.799999999999999,107.3,32.47,2546.6,28.3,822.4,4.734986555123991,2.1159223154235622,0
18-301-00110,2026-04-26,25.7,22.32,37.9,84.19999999999999,32.47,2546.6,28.3,822.4,21.73020615476546,9.710572054711706,0
18-301-00110,2026-04-27,27.9,4.08,59.199999999999996,88.0,32.47,2546.6,28.3,822.4,23.590379444278458,10.541827250056677,0
18-301-00110,2026-04-28,5.1,10.48,58.699999999999996,80.19999999999999,32.47,2546.6,28.3,822.4,4.312219898416492,1.9270006801178872,0
18-301-00110,2026-04-29,13.1,5.84,46.099999999999994,86.6,32.47,2546.6,28.3,822.4,11.076486405736482,4.949746845008691,0
18-301-00110,2026-04-30,7.3,12.72,25.5,91.29999999999998,32.47,2546.6,28.3,822.4,6.172393187929489,2.758255875462858,0
18-301-00110,2026-05-01,15.9,13.840000000000002,36.3,100.6,32.47,2546.6,28.3,822.4,13.443979683298478,6.007708002720472,0
18-301-00110,2026-05-02,17.3,0.4,40.5,112.29999999999998,32.47,2546.6,28.3,822.4,14.627726322079475,6.536688581576363,0
18-301-00110,2026-05-03,0.5,6.720000000000001,33.7,87.1,32.47,2546.6,28.3,822.4,0.4227666567074993,0.1889216353056752,0
18-301-00110,2026-05-04,8.4,9.920000000000002,26.200000000000003,67.6,32.47,2546.6,28.3,822.4,7.102479832685988,3.173883473135344,0
18-301-00110,2026-05-05,12.4,7.6000000000000005,21.3,74.89999999999999,32.47,2546.6,28.3,822.4,10.484613086345982,4.685256555580746,0
18-301-00110,2026-05-06,9.5,0.24,30.3,71.3,32.47,2546.6,28.3,822.4,8.032566477442487,3.5895110708078293,0
18-301-00110,2026-05-07,0.3,2.9600000000000004,22.2,64.3,32.47,2546.6,28.3,822.4,0.25365999402449957,0.11335298118340513,0
18-301-00110,2026-05-08,3.7,0.08000000000000002,13.5,52.099999999999994,32.47,2546.6,28.3,822.4,3.128473259635495,1.3980201012619966,0
18-301-00110,2026-05-09,0.1,8.08,4.1,34.9,32.47,2546.6,28.3,822.4,0.08455333134149985,0.03778432706113505,0
18-301-00110,2026-05-10,10.1,1.36,13.899999999999999,44.499999999999986,32.47,2546.6,28.3,822.4,8.539886465491485,3.8162170331746395,0
18-301-00110,2026-05-11,1.7,3.44,11.9,37.79999999999999,32.47,2546.6,28.3,822.4,1.4374066328054975,0.6423335600392958,0
18-301-00110,2026-05-12,4.3,33.04,16.1,29.699999999999992,32.47,2546.6,28.3,822.4,3.6357932476844934,1.6247260636288068,0
18-301-00110,2026-05-13,41.3,64.88,47.3,61.499999999999986,32.47,2546.6,28.3,822.4,34.92052584403944,15.604927076248773,0
18-301-00110,2026-05-14,81.1,11.440000000000001,126.69999999999999,142.29999999999998,32.47,2546.6,28.3,822.4,68.57275171795638,30.64308924658052,1
18-301-00110,2026-05-15,14.3,11.040000000000001,136.7,152.89999999999998,32.47,2546.6,28.3,822.4,12.091126381834481,5.403158769742311,0
18-301-00110,2026-05-16,13.8,40.88,109.19999999999999,166.59999999999997,32.47,2546.6,28.3,822.4,11.668359725126981,5.214237134436636,0
18-301-00110,2026-05-17,51.1,13.12,79.2,207.59999999999997,32.47,2546.6,28.3,822.4,43.20675231550643,19.30779112824001,1
18-301-00110,2026-05-18,16.4,2.64,81.30000000000001,222.29999999999998,32.47,2546.6,28.3,822.4,13.866746340005975,6.196629638026146,0
18-301-00110,2026-05-19,3.3,2.72,70.8,221.29999999999998,32.47,2546.6,28.3,822.4,2.7902599342694954,1.2468827930174564,0
18-301-00110,2026-05-20,3.4,19.200000000000003,23.099999999999998,183.4,32.47,2546.6,28.3,822.4,2.874813265610995,1.2846671200785915,0
18-301-00110,2026-05-21,24.0,7.120000000000001,30.7,126.29999999999998,32.47,2546.6,28.3,822.4,20.292799521959967,9.06823849467241,0
18-301-00110,2026-05-22,8.9,14.080000000000002,36.3,120.89999999999999,32.47,2546.6,28.3,822.4,7.525246489393487,3.362805108441019,0
18-301-00110,2026-05-23,17.6,44.88,50.5,124.69999999999999,32.47,2546.6,28.3,822.4,14.881386316103976,6.650041562759768,0
18-301-00110,2026-05-24,56.1,29.92,82.6,129.7,32.47,2546.6,28.3,822.4,47.43441888258142,21.197007481296758,1
18-301-00110,2026-05-25,37.4,3.84,111.1,150.7,32.47,2546.6,28.3,822.4,31.622945921720948,14.131338320864506,0
18-301-00110,2026-05-26,4.8,0.0,98.3,152.2,32.47,2546.6,28.3,822.4,4.058559904391993,1.813647698934482,0
18-301-00110,2026-05-27,0.0,4.0,42.199999999999996,148.79999999999998,32.47,2546.6,28.3,822.4,0.0,0.0,0
18-301-00110,2026-05-28,5.0,0.08000000000000002,9.8,129.79999999999998,32.47,2546.6,28.3,822.4,4.227666567074992,1.889216353056752,0
18-301-00110,2026-05-29,0.1,5.36,5.1,120.99999999999999,32.47,2546.6,28.3,822.4,0.08455333134149985,0.03778432706113505,0
18-301-00110,2026-05-30,6.7,0.8800000000000001,11.8,110.09999999999998,32.47,2546.6,28.3,822.4,5.66507319988049,2.531549913096048,0
18-301-00110,2026-05-31,1.1,0.08000000000000002,7.9,55.09999999999999,32.47,2546.6,28.3,822.4,0.9300866447564985,0.4156275976724855,0
18-301-00110,2026-06-01,0.1,0.8,7.9,17.799999999999986,32.47,2546.6,28.3,822.4,0.08455333134149985,0.03778432706113505,0
18-301-00110,2026-06-02,1.0,4.960000000000001,2.2,13.999999999999984,32.47,2546.6,28.3,822.4,0.8455333134149986,0.3778432706113504,0
18-301-00110,2026-06-03,6.2,29.04,7.300000000000001,20.19999999999999,32.47,2546.6,28.3,822.4,5.242306543172991,2.342628277790373,0
18-301-00110,2026-06-04,36.3,14.080000000000002,43.5,51.499999999999986,32.47,2546.6,28.3,822.4,30.692859276964445,13.71571072319202,0
18-301-00110,2026-06-05,17.6,25.6,60.1,68.99999999999999,32.47,2546.6,28.3,822.4,14.881386316103976,6.650041562759768,0
18-301-00110,2026-06-06,32.0,10.08,85.9,94.29999999999998,32.47,2546.6,28.3,822.4,27.057066029279955,12.090984659563214,0
18-301-00110,2026-06-07,12.6,18.8,62.2,105.79999999999998,32.47,2546.6,28.3,822.4,10.653719749028982,4.7608252097030155,0
18-301-00110,2026-06-08,23.5,45.760000000000005,68.1,129.2,32.47,2546.6,28.3,822.4,19.87003286525247,8.879316859366735,0
18-301-00110,2026-06-09,57.2,12.56,93.30000000000001,185.39999999999998,32.47,2546.6,28.3,822.4,48.364505527337926,21.612635078969245,1
18-301-00110,2026-06-10,15.7,30.880000000000003,96.4,194.9,32.47,2546.6,28.3,822.4,13.274873020615477,5.932139348598201,0
18-301-00110,2026-06-11,38.6,6.32,111.50000000000001,197.2,32.47,2546.6,28.3,822.4,32.637585897818944,14.584750245598128,0
18-301-00110,2026-06-12,7.9,3.5200000000000005,62.2,187.5,32.47,2546.6,28.3,822.4,6.679713175978489,2.9849618378296685,0
18-301-00110,2026-06-13,4.4,17.84,50.900000000000006,159.9,32.47,2546.6,28.3,822.4,3.720346579025994,1.662510390689942,0
18-301-00110,2026-06-14,22.3,12.240000000000002,34.60000000000001,169.6,32.47,2546.6,28.3,822.4,18.85539288915447,8.425904934633115,0
18-301-00110,2026-06-15,15.3,18.0,42.000000000000014,161.4,32.47,2546.6,28.3,822.4,12.936659695249478,5.781002040353662,0
18-301-00110,2026-06-16,22.5,8.16,60.10000000000001,126.69999999999999,32.47,2546.6,28.3,822.4,19.02449955183747,8.501473588755385,0
18-301-00110,2026-06-17,10.2,26.400000000000002,48.00000000000001,121.19999999999999,32.47,2546.6,28.3,822.4,8.624439796832984,3.8540013602357743,0
18-301-00110,2026-06-18,33.0,1.36,65.7,115.6,32.47,2546.6,28.3,822.4,27.902599342694952,12.468827930174564,0
18-301-00110,2026-06-19,1.7,29.84,44.900000000000006,109.39999999999998,32.47,2546.6,28.3,822.4,1.4374066328054975,0.6423335600392958,0
18-301-00110,2026-06-20,37.3,46.160000000000004,72.0,142.29999999999998,32.47,2546.6,28.3,822.4,31.53839259037944,14.09355399380337,0
18-301-00110,2026-06-21,57.7,20.96,96.70000000000002,177.7,32.47,2546.6,28.3,822.4,48.78727218404542,21.80155671427492,1
18-301-00110,2026-06-22,26.2,34.64,121.2,188.6,32.47,2546.6,28.3,822.4,22.152972811472964,9.899493690017382,0
18-301-00110,2026-06-23,43.3,24.560000000000002,127.2,209.39999999999998,32.47,2546.6,28.3,822.4,36.61159247086943,16.360613617471472,0
18-301-00110,2026-06-24,30.7,16.8,100.2,229.89999999999998,32.47,2546.6,28.3,822.4,25.957872721840452,11.599788407768457,0
18-301-00110,2026-06-25,21.0,21.680000000000003,95.0,217.89999999999998,32.47,2546.6,28.3,822.4,17.75619958171497,7.934708682838359,0
18-301-00110,2026-06-26,27.1,11.840000000000002,78.8,243.29999999999998,32.47,2546.6,28.3,822.4,22.91395279354646,10.239552633567598,0
18-301-00110,2026-06-27,14.8,22.240000000000002,62.9,220.79999999999998,32.47,2546.6,28.3,822.4,12.51389303854198,5.592080405047986,0
18-301-00110,2026-06-28,27.8,39.6,69.7,190.89999999999998,32.47,2546.6,28.3,822.4,23.50582611293696,10.504042922995543,0
18-301-00110,2026-06-29,49.5,8.24,92.1,214.2,32.47,2546.6,28.3,822.4,41.85389901404243,18.703241895261847,0
18-301-00110,2026-06-30,10.3,12.16,87.6,181.2,32.47,2546.6,28.3,822.4,8.708993128174486,3.8917856872969097,0
18-301-00110,2026-07-01,15.2,7.2,75.0,165.7,32.47,2546.6,28.3,822.4,12.852106363907977,5.743217713292526,0
18-301-00110,2026-07-02,9.0,10.64,34.5,153.7,32.47,2546.6,28.3,822.4,7.609799820734987,3.400589435502154,0
18-301-00110,2026-07-03,13.3,4.64,37.5,139.9,32.47,2546.6,28.3,822.4,11.245593068419481,5.025315499130961,0
18-301-00110,2026-07-04,5.8,18.32,28.1,130.89999999999998,32.47,2546.6,28.3,822.4,4.904093217806991,2.1914909695458324,0
18-301-00110,2026-07-05,22.9,33.6,42.0,125.99999999999999,32.47,2546.6,28.3,822.4,19.362712877203464,8.652610896999924,0
18-301-00110,2026-07-06,42.0,9.28,70.7,118.49999999999999,32.47,2546.6,28.3,822.4,35.51239916342994,15.869417365676718,0
18-301-00110,2026-07-07,11.6,16.72,76.5,119.79999999999998,32.47,2546.6,28.3,822.4,9.808186435613981,4.382981939091665,0
18-301-00110,2026-07-08,20.9,18.400000000000002,74.5,125.49999999999999,32.47,2546.6,28.3,822.4,17.67164625037347,7.896924355777224,0
18-301-00110,2026-07-09,23.0,9.600000000000001,55.5,139.5,32.47,2546.6,28.3,822.4,19.447266208544967,8.69039522406106,0
18-301-00110,2026-07-10,12.0,18.96,55.9,138.2,32.47,2546.6,28.3,822.4,10.146399760979984,4.534119247336205,0
18-301-00110,2026-07-11,23.7,105.84000000000002,58.7,156.09999999999997,32.47,2546.6,28.3,822.4,20.039139527935465,8.954885513489005,0
18-301-00110,2026-07-12,132.3,165.36,168.0,265.5,32.47,2546.6,28.3,822.4,111.86405736480432,49.98866470188167,1
18-301-00110,2026-07-13,206.7,17.36,362.7,430.2,32.47,2546.6,28.3,822.4,174.7717358828802,78.10020403536613,1
18-301-00110,2026-07-14,21.7,14.719999999999999,360.7,440.29999999999995,32.47,2546.6,28.3,822.4,18.348072901105468,8.199198972266304,0
18-301-00110,2026-07-15,18.4,2.4000000000000004,246.79999999999998,437.8,32.47,2546.6,28.3,822.4,15.557812966835973,6.9523161792488475,0
18-301-00110,2026-07-16,3.0,20.480000000000004,43.099999999999994,417.8,32.47,2546.6,28.3,822.4,2.536599940244996,1.1335298118340513,0
18-301-00110,2026-07-17,25.6,18.8,47.0,431.4,32.47,2546.6,28.3,822.4,21.645652823423962,9.672787727650572,0
18-301-00110,2026-07-18,23.5,38.72,52.1,431.2,32.47,2546.6,28.3,822.4,19.87003286525247,8.879316859366735,0
18-301-00110,2026-07-19,48.4,27.200000000000003,97.5,347.29999999999995,32.47,2546.6,28.3,822.4,40.92381236928593,18.28761429758936,0
18-301-00110,2026-07-20,34.0,3.12,105.9,174.59999999999997,32.47,2546.6,28.3,822.4,28.748132656109952,12.846671200785915,0
18-301-00110,2026-07-21,3.9,21.840000000000003,86.30000000000001,156.79999999999998,32.47,2546.6,28.3,822.4,3.2975799223184943,1.4735887553842666,0
18-301-00110,2026-07-22,27.3,4.88,65.2,165.69999999999996,32.47,2546.6,28.3,822.4,23.08305945622946,10.315121287689868,0
18-301-00110,2026-07-23,6.1,1.92,37.3,168.79999999999998,32.47,2546.6,28.3,822.4,5.157753211831491,2.3048439507292375,0
18-301-00110,2026-07-24,2.4,0.8800000000000001,35.8,145.59999999999997,32.47,2546.6,28.3,822.4,2.0292799521959966,0.906823849467241,0
18-301-00110,2026-07-25,1.1,0.4,9.6,123.19999999999996,32.47,2546.6,28.3,822.4,0.9300866447564985,0.4156275976724855,0
18-301-00110,2026-07-26,0.5,8.56,4.0,75.29999999999997,32.47,2546.6,28.3,822.4,0.4227666567074993,0.1889216353056752,0
18-301-00110,2026-07-27,10.7,0.16000000000000003,12.299999999999999,51.99999999999997,32.47,2546.6,28.3,822.4,9.047206453540484,4.042922995541449,0
18-301-00110,2026-07-28,0.2,20.96,11.399999999999999,48.29999999999997,32.47,2546.6,28.3,822.4,0.1691066626829997,0.0755686541222701,0
18-301-00110,2026-07-29,26.2,24.16,37.099999999999994,47.199999999999974,32.47,2546.6,28.3,822.4,22.152972811472964,9.899493690017382,0
18-301-00110,2026-07-30,30.2,12.880000000000003,56.599999999999994,71.29999999999997,32.47,2546.6,28.3,822.4,25.535106065132954,11.410866772462782,0
18-301-00110,2026-07-31,16.1,8.08,72.5,84.99999999999997,32.47,2546.6,28.3,822.4,13.613086345981477,6.0832766568427425,0
18-301-00110,2026-08-01,10.1,25.040000000000003,56.4,93.99999999999997,32.47,2546.6,28.3,822.4,8.539886465491485,3.8162170331746395,0
18-301-00110,2026-08-02,31.3,20.880000000000003,57.5,124.79999999999997,32.47,2546.6,28.3,822.4,26.465192709889457,11.826494370135268,0
18-301-00110,2026-08-03,26.1,36.080000000000005,67.5,140.19999999999996,32.47,2546.6,28.3,822.4,22.068419480131464,9.861709362956248,0
18-301-00110,2026-08-04,45.1,20.240000000000002,102.5,185.09999999999997,32.47,2546.6,28.3,822.4,38.13355243501644,17.040731504571905,0
18-301-00110,2026-08-05,25.3,3.44,96.50000000000001,184.19999999999996,32.47,2546.6,28.3,822.4,21.391992829399463,9.559434746467167,0
18-301-00110,2026-08-06,4.3,1.2800000000000002,74.7,158.29999999999998,32.47,2546.6,28.3,822.4,3.6357932476844934,1.6247260636288068,0
18-301-00110,2026-08-07,1.6,12.56,31.200000000000006,143.79999999999998,32.47,2546.6,28.3,822.4,1.3528533014639976,0.6045492329781608,0
18-301-00110,2026-08-08,15.7,14.080000000000002,21.60000000000001,149.39999999999998,32.47,2546.6,28.3,822.4,13.274873020615477,5.932139348598201,0
18-301-00110,2026-08-09,17.6,1.2800000000000002,34.900000000000006,135.7,32.47,2546.6,28.3,822.4,14.881386316103976,6.650041562759768,0
18-301-00110,2026-08-10,1.6,0.08000000000000002,34.900000000000006,111.19999999999997,32.47,2546.6,28.3,822.4,1.3528533014639976,0.6045492329781608,0
18-301-00110,2026-08-11,0.1,1.8399999999999999,19.30000000000001,66.19999999999997,32.47,2546.6,28.3,822.4,0.08455333134149985,0.03778432706113505,0
18-301-00110,2026-08-12,2.3,2.8000000000000003,4.000000000000011,43.199999999999974,32.47,2546.6,28.3,822.4,1.9447266208544967,0.8690395224061059,0
18-301-00110,2026-08-13,3.5,4.08,5.900000000000011,42.39999999999997,32.47,2546.6,28.3,822.4,2.9593665969524947,1.3224514471397266,0
18-301-00110,2026-08-14,5.1,3.9200000000000004,10.900000000000011,45.89999999999997,32.47,2546.6,28.3,822.4,4.312219898416492,1.9270006801178872,0
18-301-00110,2026-08-15,4.9,0.6400000000000001,13.50000000000001,35.09999999999997,32.47,2546.6,28.3,822.4,4.143113235733494,1.8514320259956172,0
18-301-00110,2026-08-16,0.8,21.76,10.800000000000011,18.299999999999972,32.47,2546.6,28.3,822.4,0.6764266507319988,0.3022746164890804,0
18-301-00110,2026-08-17,27.2,9.36,32.90000000000001,43.89999999999997,32.47,2546.6,28.3,822.4,22.99850612488796,10.277336960628732,0
18-301-00110,2026-08-18,11.7,0.6400000000000001,39.70000000000001,55.49999999999997,32.47,2546.6,28.3,822.4,9.892739766955483,4.4207662661528,0
18-301-00110,2026-08-19,0.8,0.8800000000000001,39.7,53.99999999999997,32.47,2546.6,28.3,822.4,0.6764266507319988,0.3022746164890804,0
18-301-00110,2026-08-20,1.1,8.64,13.60000000000001,51.59999999999997,32.47,2546.6,28.3,822.4,0.9300866447564985,0.4156275976724855,0
18-301-00110,2026-08-21,10.8,1.52,12.700000000000012,57.29999999999997,32.47,2546.6,28.3,822.4,9.131759784881986,4.080707322602585,0
18-301-00110,2026-08-22,1.9,2.08,13.800000000000011,54.29999999999997,32.47,2546.6,28.3,822.4,1.606513295488497,0.7179022141615657,0
18-301-00110,2026-08-23,2.6,8.24,15.300000000000011,56.09999999999997,32.47,2546.6,28.3,822.4,2.1983866148789963,0.9823925035895111,0
18-301-00110,2026-08-24,10.3,27.680000000000003,14.800000000000011,39.199999999999974,32.47,2546.6,28.3,822.4,8.708993128174486,3.8917856872969097,0
18-301-00110,2026-08-25,34.6,8.48,47.500000000000014,62.09999999999998,32.47,2546.6,28.3,822.4,29.25545264415895,13.073377163152726,0
18-301-00110,2026-08-26,10.6,6.720000000000001,55.500000000000014,71.89999999999998,32.47,2546.6,28.3,822.4,8.962653122198985,4.005138668480314,0
18-301-00110,2026-08-27,8.4,7.120000000000001,53.600000000000016,79.19999999999996,32.47,2546.6,28.3,822.4,7.102479832685988,3.173883473135344,0
18-301-00110,2026-08-28,8.9,3.3600000000000003,27.900000000000013,77.29999999999997,32.47,2546.6,28.3,822.4,7.525246489393487,3.362805108441019,0
18-301-00110,2026-08-29,4.2,11.76,21.500000000000014,79.59999999999998,32.47,2546.6,28.3,822.4,3.551239916342994,1.586941736567672,0
18-301-00110,2026-08-30,14.7,10.0,27.800000000000015,91.69999999999997,32.47,2546.6,28.3,822.4,12.429339707200478,5.5542960779868515,0
18-301-00110,2026-08-31,12.5,17.6,31.400000000000013,93.89999999999998,32.47,2546.6,28.3,822.4,10.569166417687482,4.723040882641881,0
18-301-00110,2026-09-01,22.0,0.7200000000000001,49.20000000000002,81.29999999999997,32.47,2546.6,28.3,822.4,18.601732895129967,8.31255195344971,0
18-301-00110,2026-09-02,0.9,4.08,35.40000000000001,71.59999999999998,32.47,2546.6,28.3,822.4,0.7609799820734987,0.3400589435502154,0
18-301-00110,2026-09-03,5.1,3.44,28.000000000000014,68.29999999999997,32.47,2546.6,28.3,822.4,4.312219898416492,1.9270006801178872,0
18-301-00110,2026-09-04,4.3,2.72,10.300000000000015,63.699999999999974,32.47,2546.6,28.3,822.4,3.6357932476844934,1.6247260636288068,0
18-301-00110,2026-09-05,3.4,2.4000000000000004,12.800000000000013,62.89999999999997,32.47,2546.6,28.3,822.4,2.874813265610995,1.2846671200785915,0
18-301-00110,2026-09-06,3.0,10.240000000000002,10.700000000000014,51.199999999999974,32.47,2546.6,28.3,822.4,2.536599940244996,1.1335298118340513,0
18-301-00110,2026-09-07,12.8,0.8,19.200000000000014,51.49999999999997,32.47,2546.6,28.3,822.4,10.822826411711981,4.836393863825286,0
18-301-00110,2026-09-08,1.0,0.8,16.80000000000001,30.49999999999997,32.47,2546.6,28.3,822.4,0.8455333134149986,0.3778432706113504,0
18-301-00110,2026-09-09,1.0,1.52,14.800000000000013,30.599999999999973,32.47,2546.6,28.3,822.4,0.8455333134149986,0.3778432706113504,0
18-301-00110,2026-09-10,1.9,1.6800000000000002,3.9000000000000123,27.39999999999997,32.47,2546.6,28.3,822.4,1.606513295488497,0.7179022141615657,0
18-301-00110,2026-09-11,2.1,10.8,5.000000000000012,25.19999999999997,32.47,2546.6,28.3,822.4,1.775619958171497,0.793470868283836,0
18-301-00110,2026-09-12,13.5,20.400000000000002,17.500000000000014,35.29999999999997,32.47,2546.6,28.3,822.4,11.41469973110248,5.100884153253231,0
18-301-00110,2026-09-13,25.5,0.0,41.100000000000016,57.79999999999997,32.47,2546.6,28.3,822.4,21.561099492082462,9.635003400589436,0
18-301-00110,2026-09-14,0.0,0.4,39.000000000000014,44.99999999999997,32.47,2546.6,28.3,822.4,0.0,0.0,0
18-301-00110,2026-09-15,0.5,1.6800000000000002,26.000000000000014,44.49999999999997,32.47,2546.6,28.3,822.4,0.4227666567074993,0.1889216353056752,0
18-301-00110,2026-09-16,2.1,11.520000000000001,2.6000000000000143,45.59999999999997,32.47,2546.6,28.3,822.4,1.775619958171497,0.793470868283836,0
18-301-00110,2026-09-17,14.4,19.12,17.000000000000014,58.099999999999966,32.47,2546.6,28.3,822.4,12.17567971317598,5.440943096803446,0
18-301-00110,2026-09-18,23.9,0.0,40.40000000000001,79.89999999999998,32.47,2546.6,28.3,822.4,20.208246190618464,9.030454167611275,0
18-301-00110,2026-09-19,0.0,0.0,38.30000000000001,66.39999999999998,32.47,2546.6,28.3,822.4,0.0,0.0,0
