City,Latitude,Longitude,Rainfall_mm,River_Level_m,Soil_Moisture_%,Elevation_m,Risk_Label
Mumbai,19.076,72.8777,19.93,10.71,22.42,14,2
Mumbai,19.076,72.8777,40.46,14.62,30.03,14,2
Mumbai,19.076,72.8777,41.58,16.85,28.57,14,2
Mumbai,19.076,72.8777,20.85,10.24,12.02,14,2
Mumbai,19.076,72.8777,14.84,6.14,10.0,14,0
Mumbai,19.076,72.8777,0.0,4.97,10.0,14,0
Mumbai,19.076,72.8777,0.0,4.18,14.66,14,0
Mumbai,19.076,72.8777,5.48,8.23,10.0,14,0
Mumbai,19.076,72.8777,0.0,7.22,10.0,14,0
Mumbai,19.076,72.8777,17.51,9.3,11.09,14,0
Mumbai,19.076,72.8777,0.0,10.7,10.0,14,2
Mumbai,19.076,72.8777,0.0,8.65,10.0,14,0
Mumbai,19.076,72.8777,14.18,5.92,10.0,14,0
Mumbai,19.076,72.8777,13.94,11.26,12.86,14,2
Mumbai,19.076,72.8777,7.69,7.94,10.0,14,0
Mumbai,19.076,72.8777,0.0,6.08,10.57,14,0
Mumbai,19.076,72.8777,16.87,6.85,16.74,14,0
Mumbai,19.076,72.8777,2.3,6.11,10.0,14,0
Mumbai,19.076,72.8777,30.62,14.99,16.1,14,2
Mumbai,19.076,72.8777,3.82,8.43,12.81,14,0
Mumbai,19.076,72.8777,0.42,6.71,10.0,14,0
Mumbai,19.076,72.8777,0.0,8.63,13.56,14,0
Mumbai,19.076,72.8777,8.56,10.72,10.46,14,2
Mumbai,19.076,72.8777,0.0,7.72,15.38,14,0
Mumbai,19.076,72.8777,9.28,11.99,10.0,14,2
Mumbai,19.076,72.8777,26.44,12.46,18.16,14,2
Mumbai,19.076,72.8777,11.84,5.39,10.0,14,0
Mumbai,19.076,72.8777,17.14,13.38,10.0,14,2
Mumbai,19.076,72.8777,0.0,6.0,10.0,14,0
Mumbai,19.076,72.8777,16.58,9.26,18.39,14,0
Mumbai,19.076,72.8777,11.94,11.33,10.0,14,2
Mumbai,19.076,72.8777,3.45,6.91,10.0,14,0
Mumbai,19.076,72.8777,15.92,10.71,12.79,14,2
Mumbai,19.076,72.8777,5.31,5.23,10.0,14,0
Mumbai,19.076,72.8777,3.15,6.02,10.0,14,0
Mumbai,19.076,72.8777,18.08,14.39,16.21,14,2
Mumbai,19.076,72.8777,15.15,9.88,10.0,14,2
Mumbai,19.076,72.8777,9.47,9.01,32.21,14,0
Mumbai,19.076,72.8777,6.15,8.83,10.0,14,0
Mumbai,19.076,72.8777,0.0,9.29,10.0,14,0
Mumbai,19.076,72.8777,25.82,10.35,34.68,14,2
Mumbai,19.076,72.8777,0.0,8.17,21.9,14,0
Mumbai,19.076,72.8777,0.0,5.87,10.0,14,0
Mumbai,19.076,72.8777,0.0,3.9,10.0,14,0
Mumbai,19.076,72.8777,0.0,7.95,10.0,14,0
Mumbai,19.076,72.8777,41.0,13.63,29.58,14,2
Mumbai,19.076,72.8777,26.27,9.79,23.29,14,0
Mumbai,19.076,72.8777,36.14,11.01,30.76,14,2
Mumbai,19.076,72.8777,15.2,11.6,10.0,14,2
Mumbai,19.076,72.8777,0.0,8.04,10.0,14,0
Mumbai,19.076,72.8777,15.01,10.69,10.0,14,2
Mumbai,19.076,72.8777,14.65,10.52,10.0,14,2
Mumbai,19.076,72.8777,47.32,17.41,25.94,14,2
Mumbai,19.076,72.8777,23.13,9.68,26.38,14,0
Mumbai,19.076,72.8777,33.17,11.99,36.17,14,2
Mumbai,19.076,72.8777,18.26,12.3,33.57,14,2
Mumbai,19.076,72.8777,5.09,6.51,10.0,14,0
Mumbai,19.076,72.8777,0.0,6.85,10.0,14,0
Mumbai,19.076,72.8777,15.53,11.76,12.56,14,2
Mumbai,19.076,72.8777,39.07,14.28,58.46,14,2
Mumbai,19.076,72.8777,22.51,9.79,10.0,14,0
Mumbai,19.076,72.8777,19.65,10.48,22.86,14,2
Mumbai,19.076,72.8777,19.46,10.75,10.0,14,2
Mumbai,19.076,72.8777,0.0,6.11,10.0,14,0
Mumbai,19.076,72.8777,14.28,7.36,13.16,14,0
Mumbai,19.076,72.8777,17.71,8.77,15.7,14,0
Mumbai,19.076,72.8777,11.16,6.95,12.51,14,0
Mumbai,19.076,72.8777,21.22,13.41,27.51,14,2
Mumbai,19.076,72.8777,0.0,5.12,10.0,14,0
Mumbai,19.076,72.8777,20.28,12.09,54.75,14,2
Mumbai,19.076,72.8777,21.42,13.55,26.67,14,2
Mumbai,19.076,72.8777,23.03,10.98,26.01,14,2
Mumbai,19.076,72.8777,0.0,6.53,10.0,14,0
Mumbai,19.076,72.8777,11.64,13.96,10.0,14,2
Mumbai,19.076,72.8777,23.73,8.52,14.26,14,0
Mumbai,19.076,72.8777,31.78,13.48,14.65,14,2
Mumbai,19.076,72.8777,0.0,8.36,10.0,14,0
Mumbai,19.076,72.8777,14.33,9.96,10.0,14,2
Mumbai,19.076,72.8777,52.88,18.84,22.05,14,2
Mumbai,19.076,72.8777,13.73,8.42,19.51,14,0
Mumbai,19.076,72.8777,0.0,6.77,10.0,14,0
Mumbai,19.076,72.8777,27.32,10.06,18.51,14,2
Mumbai,19.076,72.8777,0.5,5.79,18.06,14,0
Mumbai,19.076,72.8777,18.1,8.1,23.66,14,0
Mumbai,19.076,72.8777,52.44,19.55,26.76,14,2
Mumbai,19.076,72.8777,0.32,9.6,10.0,14,0
Mumbai,19.076,72.8777,18.88,12.32,10.0,14,2
Mumbai,19.076,72.8777,8.81,2.28,10.0,14,0
Mumbai,19.076,72.8777,4.95,5.49,20.28,14,0
Mumbai,19.076,72.8777,0.0,6.12,10.0,14,0
Mumbai,19.076,72.8777,38.83,11.89,42.69,14,2
Mumbai,19.076,72.8777,10.2,7.08,12.78,14,0
Mumbai,19.076,72.8777,13.98,8.6,11.88,14,0
Mumbai,19.076,72.8777,2.29,7.69,10.0,14,0
Mumbai,19.076,72.8777,41.72,12.87,54.71,14,2
Mumbai,19.076,72.8777,0.0,6.7,10.0,14,0
Mumbai,19.076,72.8777,15.62,8.88,10.41,14,0
Mumbai,19.076,72.8777,0.14,5.85,10.0,14,0
Mumbai,19.076,72.8777,17.14,9.04,22.71,14,0
Mumbai,19.076,72.8777,16.15,11.85,19.21,14,2
Mumbai,19.076,72.8777,0.0,5.88,10.0,14,0
Mumbai,19.076,72.8777,22.21,11.4,18.94,14,2
Mumbai,19.076,72.8777,35.55,12.93,33.91,14,2
Mumbai,19.076,72.8777,5.96,7.76,15.75,14,0
Mumbai,19.076,72.8777,26.51,13.93,34.26,14,2
Mumbai,19.076,72.8777,10.42,10.45,10.0,14,2
Mumbai,19.076,72.8777,16.48,10.04,14.16,14,2
Mumbai,19.076,72.8777,21.9,9.74,38.45,14,0
Mumbai,19.076,72.8777,0.0,4.57,11.58,14,0
Mumbai,19.076,72.8777,25.83,13.41,26.95,14,2
Mumbai,19.076,72.8777,9.76,7.16,10.0,14,0
Mumbai,19.076,72.8777,0.0,8.95,10.0,14,0
Mumbai,19.076,72.8777,0.0,6.36,10.0,14,0
Mumbai,19.076,72.8777,0.0,5.36,10.0,14,0
Mumbai,19.076,72.8777,14.9,8.97,10.0,14,0
Mumbai,19.076,72.8777,14.64,7.03,10.0,14,0
Mumbai,19.076,72.8777,0.0,6.57,10.0,14,0
Mumbai,19.076,72.8777,39.51,16.62,30.01,14,2
Mumbai,19.076,72.8777,9.62,6.92,10.0,14,0
Mumbai,19.076,72.8777,4.23,8.49,10.0,14,0
Mumbai,19.076,72.8777,20.39,14.14,15.22,14,2
Mumbai,19.076,72.8777,18.03,11.99,10.42,14,2
Mumbai,19.076,72.8777,14.48,9.92,12.56,14,2
Mumbai,19.076,72.8777,0.0,7.05,10.0,14,0
Mumbai,19.076,72.8777,39.02,16.72,52.75,14,2
Mumbai,19.076,72.8777,0.0,8.74,10.0,14,0
Mumbai,19.076,72.8777,53.8,16.14,34.64,14,2
Mumbai,19.076,72.8777,0.0,2.75,10.0,14,0
Mumbai,19.076,72.8777,0.0,7.3,10.0,14,0
Mumbai,19.076,72.8777,47.52,18.41,32.25,14,2
Mumbai,19.076,72.8777,0.0,7.98,10.0,14,0
Mumbai,19.076,72.8777,46.63,18.68,32.61,14,2
Mumbai,19.076,72.8777,0.0,9.71,10.0,14,0
Mumbai,19.076,72.8777,34.76,10.76,21.81,14,2
Mumbai,19.076,72.8777,10.1,9.11,10.0,14,0
Mumbai,19.076,72.8777,22.46,9.36,16.54,14,0
Mumbai,19.076,72.8777,12.41,10.51,17.04,14,2
Mumbai,19.076,72.8777,0.0,3.93,12.78,14,0
Mumbai,19.076,72.8777,16.65,8.83,28.83,14,0
Mumbai,19.076,72.8777,12.31,11.82,10.53,14,2
Mumbai,19.076,72.8777,51.21,20.75,38.48,14,2
Mumbai,19.076,72.8777,29.43,14.18,37.23,14,2
Mumbai,19.076,72.8777,0.0,8.37,10.58,14,0
Mumbai,19.076,72.8777,0.0,4.63,10.0,14,0
Mumbai,19.076,72.8777,4.61,9.36,18.71,14,0
Mumbai,19.076,72.8777,11.48,12.55,10.0,14,2
Mumbai,19.076,72.8777,0.0,6.89,10.0,14,0
Mumbai,19.076,72.8777,9.35,4.73,10.0,14,0
Mumbai,19.076,72.8777,0.0,8.34,10.0,14,0
Mumbai,19.076,72.8777,0.0,5.97,10.0,14,0
Mumbai,19.076,72.8777,27.72,14.45,17.71,14,2
Mumbai,19.076,72.8777,0.78,6.1,10.0,14,0
Mumbai,19.076,72.8777,15.84,8.1,13.25,14,0
Mumbai,19.076,72.8777,0.0,5.6,10.0,14,0
Mumbai,19.076,72.8777,27.26,12.01,14.44,14,2
Mumbai,19.076,72.8777,43.68,15.19,11.93,14,2
Mumbai,19.076,72.8777,0.0,9.73,10.0,14,0
Mumbai,19.076,72.8777,0.0,13.16,11.2,14,2
Mumbai,19.076,72.8777,21.07,9.3,10.0,14,0
Mumbai,19.076,72.8777,0.0,5.71,10.0,14,0
Mumbai,19.076,72.8777,151.92,39.15,100.0,14,3
Mumbai,19.076,72.8777,28.24,15.69,27.98,14,2
Mumbai,19.076,72.8777,0.0,6.62,13.96,14,0
Mumbai,19.076,72.8777,0.0,4.2,10.0,14,0
Mumbai,19.076,72.8777,0.0,6.03,10.0,14,0
Mumbai,19.076,72.8777,0.0,7.1,10.0,14,0
Mumbai,19.076,72.8777,27.43,12.39,25.85,14,2
Mumbai,19.076,72.8777,30.42,11.93,31.89,14,2
Mumbai,19.076,72.8777,76.54,20.35,81.66,14,2
Mumbai,19.076,72.8777,93.26,24.33,80.31,14,2
Mumbai,19.076,72.8777,0.0,3.39,10.0,14,0
Mumbai,19.076,72.8777,11.7,10.62,10.0,14,2
Mumbai,19.076,72.8777,24.57,9.49,18.17,14,0
Mumbai,19.076,72.8777,3.4,9.69,10.0,14,0
Mumbai,19.076,72.8777,90.84,22.91,65.44,14,2
Mumbai,19.076,72.8777,148.43,37.84,100.0,14,2
Mumbai,19.076,72.8777,67.01,19.19,58.49,14,2
Mumbai,19.076,72.8777,149.96,37.67,100.0,14,2
Mumbai,19.076,72.8777,0.47,6.23,10.0,14,0
Mumbai,19.076,72.8777,86.19,25.98,65.69,14,2
Mumbai,19.076,72.8777,88.39,23.86,63.95,14,2
Mumbai,19.076,72.8777,0.0,7.04,16.76,14,0
Mumbai,19.076,72.8777,40.68,14.7,41.47,14,2
Mumbai,19.076,72.8777,36.46,11.33,40.6,14,2
Mumbai,19.076,72.8777,51.15,16.4,50.58,14,2
Mumbai,19.076,72.8777,40.41,14.16,23.83,14,2
Mumbai,19.076,72.8777,42.14,13.72,48.81,14,2
Mumbai,19.076,72.8777,66.6,22.4,48.18,14,2
Mumbai,19.076,72.8777,16.08,8.26,10.0,14,0
Mumbai,19.076,72.8777,0.0,8.74,13.56,14,0
Mumbai,19.076,72.8777,38.9,18.53,20.54,14,2
Mumbai,19.076,72.8777,0.0,3.44,14.96,14,0
Mumbai,19.076,72.8777,43.48,15.59,36.59,14,2
Mumbai,19.076,72.8777,190.41,45.3,100.0,14,3
Mumbai,19.076,72.8777,64.12,20.27,53.8,14,2
Mumbai,19.076,72.8777,0.0,10.19,10.0,14,2
Mumbai,19.076,72.8777,0.0,6.75,25.39,14,0
Mumbai,19.076,72.8777,51.15,16.91,36.65,14,2
Mumbai,19.076,72.8777,0.0,3.69,10.0,14,0
Mumbai,19.076,72.8777,53.41,17.01,59.42,14,2
Mumbai,19.076,72.8777,8.91,5.77,10.0,14,0
Mumbai,19.076,72.8777,0.0,6.54,10.0,14,0
Mumbai,19.076,72.8777,72.01,23.65,47.43,14,2
Mumbai,19.076,72.8777,79.35,22.33,52.42,14,2
Mumbai,19.076,72.8777,102.51,27.62,74.18,14,2
Mumbai,19.076,72.8777,87.96,23.44,64.9,14,2
Mumbai,19.076,72.8777,27.21,11.36,35.66,14,2
Mumbai,19.076,72.8777,0.0,9.49,10.0,14,0
Mumbai,19.076,72.8777,11.5,8.56,10.0,14,0
Mumbai,19.076,72.8777,44.75,13.73,53.32,14,2
Mumbai,19.076,72.8777,45.02,18.55,28.97,14,2
Mumbai,19.076,72.8777,0.0,5.95,10.0,14,0
Mumbai,19.076,72.8777,0.0,8.43,10.0,14,0
Mumbai,19.076,72.8777,0.0,6.28,11.59,14,0
Mumbai,19.076,72.8777,0.0,8.23,10.0,14,0
Mumbai,19.076,72.8777,169.02,39.76,100.0,14,3
Mumbai,19.076,72.8777,0.0,4.18,10.0,14,0
Mumbai,19.076,72.8777,0.0,2.84,16.96,14,0
Mumbai,19.076,72.8777,48.48,16.5,48.5,14,2
Mumbai,19.076,72.8777,32.83,12.84,25.69,14,2
Mumbai,19.076,72.8777,49.82,13.54,33.63,14,2
Mumbai,19.076,72.8777,5.87,8.21,10.0,14,0
Mumbai,19.076,72.8777,0.0,5.44,10.0,14,0
Mumbai,19.076,72.8777,60.7,21.2,53.29,14,2
Mumbai,19.076,72.8777,45.38,18.04,26.27,14,2
Mumbai,19.076,72.8777,76.5,18.62,48.4,14,2
Mumbai,19.076,72.8777,0.0,7.05,10.0,14,0
Mumbai,19.076,72.8777,42.02,14.18,19.55,14,2
Mumbai,19.076,72.8777,0.0,4.3,10.0,14,0
Mumbai,19.076,72.8777,0.0,7.99,10.0,14,0
Mumbai,19.076,72.8777,0.0,8.4,10.0,14,0
Mumbai,19.076,72.8777,0.0,12.12,10.0,14,2
Mumbai,19.076,72.8777,58.27,17.25,48.41,14,2
Mumbai,19.076,72.8777,9.05,7.56,25.36,14,0
Mumbai,19.076,72.8777,84.51,22.78,56.73,14,2
Mumbai,19.076,72.8777,85.07,22.56,65.58,14,2
Mumbai,19.076,72.8777,16.71,11.58,24.01,14,2
Mumbai,19.076,72.8777,41.27,16.37,43.83,14,2
Mumbai,19.076,72.8777,56.67,19.25,30.07,14,2
Mumbai,19.076,72.8777,35.1,14.88,30.15,14,2
Mumbai,19.076,72.8777,58.47,16.14,51.24,14,2
Mumbai,19.076,72.8777,22.52,11.43,24.83,14,2
Mumbai,19.076,72.8777,24.28,11.92,10.0,14,2
Mumbai,19.076,72.8777,36.07,14.66,24.06,14,2
Mumbai,19.076,72.8777,58.41,16.89,50.85,14,2
Mumbai,19.076,72.8777,0.0,9.06,10.0,14,0
Mumbai,19.076,72.8777,31.95,15.17,32.69,14,2
Mumbai,19.076,72.8777,38.26,13.62,44.7,14,2
Mumbai,19.076,72.8777,206.23,47.52,100.0,14,3
Mumbai,19.076,72.8777,0.0,6.16,10.0,14,0
Mumbai,19.076,72.8777,0.0,5.16,10.0,14,0
Mumbai,19.076,72.8777,0.0,8.97,10.0,14,0
Mumbai,19.076,72.8777,27.33,13.82,33.54,14,2
Mumbai,19.076,72.8777,118.01,29.33,89.1,14,2
Mumbai,19.076,72.8777,0.0,5.89,10.0,14,0
Mumbai,19.076,72.8777,26.04,15.05,15.12,14,2
Mumbai,19.076,72.8777,0.0,7.94,10.0,14,0
Mumbai,19.076,72.8777,0.0,10.1,17.96,14,2
Mumbai,19.076,72.8777,0.0,6.22,10.0,14,0
Mumbai,19.076,72.8777,91.13,24.87,64.92,14,2
Mumbai,19.076,72.8777,0.0,5.54,10.0,14,0
Mumbai,19.076,72.8777,20.17,10.0,18.37,14,2
Mumbai,19.076,72.8777,26.13,14.6,32.96,14,2
Mumbai,19.076,72.8777,39.96,16.36,50.43,14,2
Mumbai,19.076,72.8777,75.74,21.43,69.92,14,2
Mumbai,19.076,72.8777,67.62,22.16,59.17,14,2
Mumbai,19.076,72.8777,95.46,28.43,69.87,14,2
Mumbai,19.076,72.8777,72.6,21.19,59.55,14,2
Mumbai,19.076,72.8777,64.91,18.35,56.11,14,2
Mumbai,19.076,72.8777,49.86,17.35,40.35,14,2
Mumbai,19.076,72.8777,0.0,8.49,14.95,14,0
Mumbai,19.076,72.8777,14.27,10.39,10.0,14,2
Mumbai,19.076,72.8777,20.76,11.25,28.7,14,2
Mumbai,19.076,72.8777,0.0,7.35,10.0,14,0
Mumbai,19.076,72.8777,6.27,7.45,10.0,14,0
Mumbai,19.076,72.8777,13.49,6.08,20.44,14,0
Mumbai,19.076,72.8777,0.4,7.34,10.0,14,0
Mumbai,19.076,72.8777,0.0,6.74,10.0,14,0
Mumbai,19.076,72.8777,24.64,14.09,10.0,14,2
Mumbai,19.076,72.8777,1.87,4.91,10.0,14,0
Mumbai,19.076,72.8777,22.97,13.57,29.6,14,2
Mumbai,19.076,72.8777,36.21,13.8,17.5,14,2
Mumbai,19.076,72.8777,7.71,9.81,10.0,14,2
Mumbai,19.076,72.8777,43.2,17.44,32.5,14,2
Mumbai,19.076,72.8777,0.0,5.66,10.0,14,0
Mumbai,19.076,72.8777,5.41,9.98,10.0,14,2
Mumbai,19.076,72.8777,20.11,10.96,18.78,14,2
Mumbai,19.076,72.8777,5.4,9.5,11.54,14,0
Mumbai,19.076,72.8777,19.2,12.05,10.0,14,2
Mumbai,19.076,72.8777,16.46,12.79,18.09,14,2
Mumbai,19.076,72.8777,0.0,6.9,10.0,14,0
Mumbai,19.076,72.8777,0.0,4.28,10.0,14,0
Mumbai,19.076,72.8777,0.0,6.97,10.0,14,0
Mumbai,19.076,72.8777,21.29,9.99,26.99,14,2
Mumbai,19.076,72.8777,4.46,7.84,10.0,14,0
Mumbai,19.076,72.8777,0.0,11.94,10.0,14,2
Mumbai,19.076,72.8777,30.47,10.91,28.1,14,2
Mumbai,19.076,72.8777,19.58,10.87,10.0,14,2
Mumbai,19.076,72.8777,4.73,7.14,27.81,14,0
Mumbai,19.076,72.8777,9.55,9.96,25.45,14,2
Mumbai,19.076,72.8777,0.0,7.08,10.0,14,0
Mumbai,19.076,72.8777,8.28,8.3,10.0,14,0
Mumbai,19.076,72.8777,13.91,7.66,21.02,14,0
Mumbai,19.076,72.8777,22.47,10.51,13.52,14,2
Mumbai,19.076,72.8777,15.51,8.5,30.53,14,0
Mumbai,19.076,72.8777,17.16,11.22,20.54,14,2
Mumbai,19.076,72.8777,0.0,9.18,10.0,14,0
Mumbai,19.076,72.8777,29.0,12.4,36.38,14,2
Mumbai,19.076,72.8777,18.03,14.97,10.73,14,2
Mumbai,19.076,72.8777,14.09,7.76,10.0,14,0
Mumbai,19.076,72.8777,22.37,13.73,47.55,14,2
Mumbai,19.076,72.8777,8.07,6.75,13.99,14,0
Mumbai,19.076,72.8777,0.0,8.13,10.0,14,0
Mumbai,19.076,72.8777,14.23,12.03,10.28,14,2
Mumbai,19.076,72.8777,28.66,14.48,10.0,14,2
Mumbai,19.076,72.8777,0.0,3.88,20.02,14,0
Mumbai,19.076,72.8777,7.89,12.14,10.0,14,2
Mumbai,19.076,72.8777,0.0,8.6,10.0,14,0
Mumbai,19.076,72.8777,20.66,8.62,30.29,14,0
Mumbai,19.076,72.8777,25.54,12.91,13.58,14,2
Mumbai,19.076,72.8777,16.48,9.71,10.0,14,0
Mumbai,19.076,72.8777,8.99,8.48,17.82,14,0
Mumbai,19.076,72.8777,0.0,7.47,10.0,14,0
Mumbai,19.076,72.8777,16.38,11.03,12.24,14,2
Mumbai,19.076,72.8777,26.15,9.74,31.99,14,0
Mumbai,19.076,72.8777,0.0,3.89,10.0,14,0
Mumbai,19.076,72.8777,0.0,7.51,10.0,14,0
Mumbai,19.076,72.8777,34.67,15.23,13.82,14,2
Mumbai,19.076,72.8777,0.0,8.04,10.0,14,0
Mumbai,19.076,72.8777,34.45,16.32,26.66,14,2
Mumbai,19.076,72.8777,17.25,13.05,10.77,14,2
Mumbai,19.076,72.8777,17.59,9.87,10.0,14,2
Mumbai,19.076,72.8777,10.97,7.82,10.0,14,0
Mumbai,19.076,72.8777,0.0,6.62,10.0,14,0
Mumbai,19.076,72.8777,0.0,7.02,10.0,14,0
Mumbai,19.076,72.8777,19.05,10.54,26.1,14,2
Mumbai,19.076,72.8777,0.0,12.88,10.0,14,2
Mumbai,19.076,72.8777,18.07,8.74,20.9,14,0
Mumbai,19.076,72.8777,15.53,8.8,23.16,14,0
Mumbai,19.076,72.8777,6.72,9.44,10.0,14,0
Mumbai,19.076,72.8777,9.38,12.88,17.14,14,2
Mumbai,19.076,72.8777,16.15,9.33,13.6,14,0
Mumbai,19.076,72.8777,13.95,10.69,10.0,14,2
Mumbai,19.076,72.8777,23.37,9.49,35.01,14,0
Mumbai,19.076,72.8777,0.0,7.59,10.05,14,0
Mumbai,19.076,72.8777,4.95,8.67,18.31,14,0
Mumbai,19.076,72.8777,21.29,11.97,10.0,14,2
Mumbai,19.076,72.8777,0.0,9.09,10.0,14,0
Mumbai,19.076,72.8777,24.43,13.16,32.44,14,2
Mumbai,19.076,72.8777,4.77,8.2,10.0,14,0
Mumbai,19.076,72.8777,0.0,3.71,10.0,14,0
Mumbai,19.076,72.8777,41.05,12.1,29.81,14,2
Mumbai,19.076,72.8777,0.0,5.8,10.0,14,0
Mumbai,19.076,72.8777,0.0,9.18,15.34,14,0
Mumbai,19.076,72.8777,0.0,5.63,10.0,14,0
Mumbai,19.076,72.8777,32.52,12.6,25.82,14,2
Mumbai,19.076,72.8777,0.0,3.93,14.45,14,0
Mumbai,19.076,72.8777,0.0,11.66,10.0,14,2
Mumbai,19.076,72.8777,23.6,12.87,16.35,14,2
Mumbai,19.076,72.8777,17.84,10.19,19.8,14,2
Mumbai,19.076,72.8777,9.33,6.96,10.0,14,0
Mumbai,19.076,72.8777,0.0,8.94,10.0,14,0
Mumbai,19.076,72.8777,0.0,7.79,15.15,14,0
Mumbai,19.076,72.8777,25.46,10.89,10.0,14,2
Mumbai,19.076,72.8777,7.31,8.14,10.0,14,0
Kochi,9.9312,76.2673,25.22,11.24,22.4,5,2
Kochi,9.9312,76.2673,15.85,3.8,26.66,5,2
Kochi,9.9312,76.2673,10.2,3.38,10.0,5,0
Kochi,9.9312,76.2673,23.33,7.44,30.72,5,2
Kochi,9.9312,76.2673,21.22,6.18,20.98,5,2
Kochi,9.9312,76.2673,23.99,4.71,30.69,5,2
Kochi,9.9312,76.2673,4.78,2.91,11.34,5,0
Kochi,9.9312,76.2673,29.93,7.08,31.97,5,2
Kochi,9.9312,76.2673,0.0,6.14,10.0,5,2
Kochi,9.9312,76.2673,17.75,4.49,36.42,5,2
Kochi,9.9312,76.2673,0.0,3.55,10.0,5,2
Kochi,9.9312,76.2673,3.5,4.11,15.05,5,2
Kochi,9.9312,76.2673,50.96,9.62,43.45,5,2
Kochi,9.9312,76.2673,47.03,8.53,40.77,5,2
Kochi,9.9312,76.2673,11.95,5.72,10.0,5,2
Kochi,9.9312,76.2673,0.0,-1.33,10.0,5,0
Kochi,9.9312,76.2673,38.5,10.8,25.46,5,2
Kochi,9.9312,76.2673,0.0,3.63,10.0,5,2
Kochi,9.9312,76.2673,0.0,1.33,10.0,5,0
Kochi,9.9312,76.2673,0.0,2.57,10.0,5,0
Kochi,9.9312,76.2673,28.83,10.33,24.15,5,2
Kochi,9.9312,76.2673,23.1,11.36,10.0,5,2
Kochi,9.9312,76.2673,0.0,3.89,19.47,5,2
Kochi,9.9312,76.2673,5.75,7.1,10.0,5,2
Kochi,9.9312,76.2673,0.0,0.52,10.0,5,0
Kochi,9.9312,76.2673,0.0,2.66,15.83,5,0
Kochi,9.9312,76.2673,4.64,6.06,10.0,5,2
Kochi,9.9312,76.2673,0.0,-0.31,10.0,5,0
Kochi,9.9312,76.2673,30.72,8.79,36.85,5,2
Kochi,9.9312,76.2673,0.0,2.95,10.0,5,0
Kochi,9.9312,76.2673,20.68,7.64,22.37,5,2
Kochi,9.9312,76.2673,0.0,0.72,10.0,5,0
Kochi,9.9312,76.2673,6.27,3.93,12.09,5,2
Kochi,9.9312,76.2673,0.0,-0.7,21.56,5,0
Kochi,9.9312,76.2673,0.0,4.17,10.0,5,2
Kochi,9.9312,76.2673,18.03,6.1,10.58,5,2
Kochi,9.9312,76.2673,23.14,6.25,30.17,5,2
Kochi,9.9312,76.2673,25.64,8.83,15.44,5,2
Kochi,9.9312,76.2673,6.33,1.39,10.0,5,0
Kochi,9.9312,76.2673,0.0,5.13,10.0,5,2
Kochi,9.9312,76.2673,16.09,5.27,14.85,5,2
Kochi,9.9312,76.2673,71.16,16.13,50.42,5,2
Kochi,9.9312,76.2673,24.71,2.39,20.41,5,0
Kochi,9.9312,76.2673,3.08,1.13,10.0,5,0
Kochi,9.9312,76.2673,13.3,1.55,10.0,5,0
Kochi,9.9312,76.2673,0.0,3.09,10.0,5,0
Kochi,9.9312,76.2673,0.0,3.58,10.0,5,2
Kochi,9.9312,76.2673,0.0,3.33,10.0,5,0
Kochi,9.9312,76.2673,10.5,3.47,10.0,5,0
Kochi,9.9312,76.2673,3.19,1.72,10.0,5,0
Kochi,9.9312,76.2673,0.0,2.53,10.0,5,0
Kochi,9.9312,76.2673,0.0,4.32,10.0,5,2
Kochi,9.9312,76.2673,66.93,13.8,51.45,5,2
Kochi,9.9312,76.2673,8.92,6.26,10.0,5,2
Kochi,9.9312,76.2673,0.0,4.92,10.0,5,2
Kochi,9.9312,76.2673,33.09,10.64,26.17,5,2
Kochi,9.9312,76.2673,7.82,3.28,10.0,5,0
Kochi,9.9312,76.2673,32.71,7.45,27.26,5,2
Kochi,9.9312,76.2673,0.0,0.51,10.0,5,0
Kochi,9.9312,76.2673,0.0,6.62,10.0,5,2
Kochi,9.9312,76.2673,11.04,7.04,10.0,5,2
Kochi,9.9312,76.2673,0.0,1.61,10.0,5,0
Kochi,9.9312,76.2673,0.0,3.07,10.0,5,0
Kochi,9.9312,76.2673,39.42,8.14,15.54,5,2
Kochi,9.9312,76.2673,2.24,2.77,11.0,5,0
Kochi,9.9312,76.2673,45.85,14.1,39.45,5,2
Kochi,9.9312,76.2673,31.19,7.46,26.63,5,2
Kochi,9.9312,76.2673,0.0,2.63,10.0,5,0
Kochi,9.9312,76.2673,53.33,12.71,43.57,5,2
Kochi,9.9312,76.2673,17.69,5.13,10.0,5,2
Kochi,9.9312,76.2673,43.17,9.17,21.26,5,2
Kochi,9.9312,76.2673,28.33,10.48,18.15,5,2
Kochi,9.9312,76.2673,1.53,3.37,10.0,5,0
Kochi,9.9312,76.2673,0.0,4.26,10.0,5,2
Kochi,9.9312,76.2673,43.47,8.69,29.75,5,2
Kochi,9.9312,76.2673,18.75,4.4,21.42,5,2
Kochi,9.9312,76.2673,41.39,9.61,33.5,5,2
Kochi,9.9312,76.2673,46.93,15.49,45.01,5,2
Kochi,9.9312,76.2673,26.24,6.04,24.59,5,2
Kochi,9.9312,76.2673,25.36,7.15,14.34,5,2
Kochi,9.9312,76.2673,0.0,-0.98,10.0,5,0
Kochi,9.9312,76.2673,25.91,7.98,15.89,5,2
Kochi,9.9312,76.2673,4.05,3.73,10.0,5,2
Kochi,9.9312,76.2673,0.0,4.33,10.0,5,2
Kochi,9.9312,76.2673,18.38,7.85,10.0,5,2
Kochi,9.9312,76.2673,41.13,10.45,41.79,5,2
Kochi,9.9312,76.2673,29.63,6.35,28.73,5,2
Kochi,9.9312,76.2673,19.83,6.53,14.92,5,2
Kochi,9.9312,76.2673,9.94,6.11,13.73,5,2
Kochi,9.9312,76.2673,12.73,2.06,15.13,5,0
Kochi,9.9312,76.2673,29.37,12.97,34.25,5,2
Kochi,9.9312,76.2673,0.0,2.66,18.11,5,0
Kochi,9.9312,76.2673,26.97,8.55,30.57,5,2
Kochi,9.9312,76.2673,0.0,3.46,10.0,5,0
Kochi,9.9312,76.2673,11.53,6.46,10.0,5,2
Kochi,9.9312,76.2673,42.91,10.24,36.94,5,2
Kochi,9.9312,76.2673,0.0,3.94,14.47,5,2
Kochi,9.9312,76.2673,0.0,0.28,10.0,5,0
Kochi,9.9312,76.2673,46.92,8.98,26.47,5,2
Kochi,9.9312,76.2673,1.1,1.08,10.0,5,0
Kochi,9.9312,76.2673,0.0,3.68,10.0,5,2
Kochi,9.9312,76.2673,0.0,5.41,16.81,5,2
Kochi,9.9312,76.2673,0.0,4.83,10.0,5,2
Kochi,9.9312,76.2673,16.35,4.1,35.22,5,2
Kochi,9.9312,76.2673,4.9,3.73,10.0,5,2
Kochi,9.9312,76.2673,56.67,17.61,61.65,5,2
Kochi,9.9312,76.2673,34.95,8.24,36.24,5,2
Kochi,9.9312,76.2673,11.83,7.49,20.62,5,2
Kochi,9.9312,76.2673,0.0,4.4,10.0,5,2
Kochi,9.9312,76.2673,0.0,4.1,10.0,5,2
Kochi,9.9312,76.2673,0.0,0.81,10.0,5,0
Kochi,9.9312,76.2673,23.52,4.47,20.72,5,2
Kochi,9.9312,76.2673,25.84,11.39,10.0,5,2
Kochi,9.9312,76.2673,3.61,3.75,14.36,5,2
Kochi,9.9312,76.2673,4.7,5.84,10.0,5,2
Kochi,9.9312,76.2673,0.0,3.2,10.0,5,0
Kochi,9.9312,76.2673,0.0,1.44,10.0,5,0
Kochi,9.9312,76.2673,0.0,2.84,10.33,5,0
Kochi,9.9312,76.2673,7.32,3.23,10.0,5,0
Kochi,9.9312,76.2673,7.39,6.76,10.0,5,2
Kochi,9.9312,76.2673,10.76,5.06,10.0,5,2
Kochi,9.9312,76.2673,0.0,2.18,10.0,5,0
Kochi,9.9312,76.2673,30.67,9.34,13.56,5,2
Kochi,9.9312,76.2673,21.49,5.65,20.72,5,2
Kochi,9.9312,76.2673,14.92,3.53,10.0,5,2
Kochi,9.9312,76.2673,20.52,6.16,10.0,5,2
Kochi,9.9312,76.2673,0.0,1.89,15.68,5,0
Kochi,9.9312,76.2673,0.0,2.47,10.0,5,0
Kochi,9.9312,76.2673,0.0,-1.03,10.0,5,0
Kochi,9.9312,76.2673,17.93,6.26,21.37,5,2
Kochi,9.9312,76.2673,14.32,5.15,10.0,5,2
Kochi,9.9312,76.2673,33.23,7.31,15.48,5,2
Kochi,9.9312,76.2673,25.61,4.96,44.64,5,2
Kochi,9.9312,76.2673,13.92,5.98,10.0,5,2
Kochi,9.9312,76.2673,4.43,2.53,10.0,5,0
Kochi,9.9312,76.2673,27.19,7.04,31.93,5,2
Kochi,9.9312,76.2673,75.92,17.09,62.26,5,2
Kochi,9.9312,76.2673,21.11,10.34,16.06,5,2
Kochi,9.9312,76.2673,0.0,-0.03,10.0,5,0
Kochi,9.9312,76.2673,1.24,6.77,18.69,5,2
Kochi,9.9312,76.2673,0.0,1.08,10.0,5,0
Kochi,9.9312,76.2673,45.53,11.72,29.95,5,2
Kochi,9.9312,76.2673,10.59,3.36,14.49,5,0
Kochi,9.9312,76.2673,0.0,1.48,11.62,5,0
Kochi,9.9312,76.2673,0.0,-0.39,10.0,5,0
Kochi,9.9312,76.2673,3.35,4.19,10.0,5,2
Kochi,9.9312,76.2673,11.23,4.62,10.0,5,2
Kochi,9.9312,76.2673,14.0,7.06,10.0,5,2
Kochi,9.9312,76.2673,11.87,6.95,14.55,5,2
Kochi,9.9312,76.2673,43.43,10.05,16.43,5,2
Kochi,9.9312,76.2673,58.55,17.96,57.64,5,2
Kochi,9.9312,76.2673,4.79,6.02,10.0,5,2
Kochi,9.9312,76.2673,48.03,10.82,48.72,5,2
Kochi,9.9312,76.2673,7.77,3.25,10.0,5,0
Kochi,9.9312,76.2673,56.9,18.01,34.84,5,2
Kochi,9.9312,76.2673,49.29,15.18,42.08,5,2
Kochi,9.9312,76.2673,34.61,7.3,31.97,5,2
Kochi,9.9312,76.2673,14.31,7.33,11.77,5,2
Kochi,9.9312,76.2673,15.77,6.81,15.87,5,2
Kochi,9.9312,76.2673,32.81,8.35,28.95,5,2
Kochi,9.9312,76.2673,55.05,11.5,55.43,5,2
Kochi,9.9312,76.2673,115.49,25.36,91.48,5,2
Kochi,9.9312,76.2673,0.0,0.5,10.0,5,0
Kochi,9.9312,76.2673,56.36,14.86,39.43,5,2
Kochi,9.9312,76.2673,5.08,6.75,10.0,5,2
Kochi,9.9312,76.2673,98.12,25.17,77.47,5,2
Kochi,9.9312,76.2673,163.45,33.38,100.0,5,3
Kochi,9.9312,76.2673,0.0,4.88,10.0,5,2
Kochi,9.9312,76.2673,88.31,21.91,57.19,5,2
Kochi,9.9312,76.2673,34.02,13.18,37.51,5,2
Kochi,9.9312,76.2673,0.0,3.2,10.0,5,0
Kochi,9.9312,76.2673,58.57,16.43,49.58,5,2
Kochi,9.9312,76.2673,80.1,18.25,54.33,5,2
Kochi,9.9312,76.2673,110.57,24.37,90.98,5,2
Kochi,9.9312,76.2673,18.62,5.15,13.99,5,2
Kochi,9.9312,76.2673,43.93,11.67,30.79,5,2
Kochi,9.9312,76.2673,113.36,26.65,96.84,5,2
Kochi,9.9312,76.2673,0.0,4.67,10.0,5,2
Kochi,9.9312,76.2673,4.85,4.21,22.26,5,2
Kochi,9.9312,76.2673,10.16,3.83,10.0,5,2
Kochi,9.9312,76.2673,14.65,3.32,10.0,5,0
Kochi,9.9312,76.2673,129.86,31.89,100.0,5,2
Kochi,9.9312,76.2673,0.0,2.64,11.62,5,0
Kochi,9.9312,76.2673,0.0,2.98,10.0,5,0
Kochi,9.9312,76.2673,97.93,22.46,88.35,5,2
Kochi,9.9312,76.2673,0.0,3.86,14.74,5,2
Kochi,9.9312,76.2673,10.67,4.36,18.07,5,2
Kochi,9.9312,76.2673,151.03,35.34,100.0,5,3
Kochi,9.9312,76.2673,85.62,19.13,60.06,5,2
Kochi,9.9312,76.2673,248.48,51.84,100.0,5,3
Kochi,9.9312,76.2673,73.75,16.01,60.95,5,2
Kochi,9.9312,76.2673,0.0,-0.14,10.0,5,0
Kochi,9.9312,76.2673,0.0,-0.51,10.0,5,0
Kochi,9.9312,76.2673,21.16,3.82,27.77,5,2
Kochi,9.9312,76.2673,0.0,-1.25,10.0,5,0
Kochi,9.9312,76.2673,14.01,6.64,10.0,5,2
Kochi,9.9312,76.2673,43.59,13.37,35.09,5,2
Kochi,9.9312,76.2673,229.48,48.27,100.0,5,3
Kochi,9.9312,76.2673,0.0,-1.11,10.0,5,0
Kochi,9.9312,76.2673,55.6,14.64,53.69,5,2
Kochi,9.9312,76.2673,0.0,1.53,10.0,5,0
Kochi,9.9312,76.2673,90.55,22.4,64.12,5,2
Kochi,9.9312,76.2673,0.0,2.08,10.0,5,0
Kochi,9.9312,76.2673,15.05,5.66,17.16,5,2
Kochi,9.9312,76.2673,25.25,5.37,34.31,5,2
Kochi,9.9312,76.2673,29.77,8.49,25.88,5,2
Kochi,9.9312,76.2673,111.32,23.54,92.67,5,2
Kochi,9.9312,76.2673,0.0,2.72,10.0,5,0
Kochi,9.9312,76.2673,0.0,1.4,10.0,5,0
Kochi,9.9312,76.2673,37.34,7.91,38.43,5,2
Kochi,9.9312,76.2673,155.03,32.21,100.0,5,3
Kochi,9.9312,76.2673,0.0,4.34,10.0,5,2
Kochi,9.9312,76.2673,162.22,35.52,100.0,5,3
Kochi,9.9312,76.2673,20.16,8.15,10.0,5,2
Kochi,9.9312,76.2673,120.44,28.65,100.0,5,2
Kochi,9.9312,76.2673,0.0,1.68,10.0,5,0
Kochi,9.9312,76.2673,2.62,5.64,16.05,5,2
Kochi,9.9312,76.2673,0.0,2.08,11.1,5,0
Kochi,9.9312,76.2673,0.0,0.03,10.0,5,0
Kochi,9.9312,76.2673,36.61,10.38,28.83,5,2
Kochi,9.9312,76.2673,0.0,3.59,10.0,5,2
Kochi,9.9312,76.2673,2.41,2.76,10.0,5,0
Kochi,9.9312,76.2673,5.17,3.02,20.12,5,0
Kochi,9.9312,76.2673,45.59,11.03,35.53,5,2
Kochi,9.9312,76.2673,65.1,17.87,55.78,5,2
Kochi,9.9312,76.2673,23.22,8.04,23.87,5,2
Kochi,9.9312,76.2673,0.0,5.97,22.31,5,2
Kochi,9.9312,76.2673,71.04,17.71,46.2,5,2
Kochi,9.9312,76.2673,0.0,2.16,10.0,5,0
Kochi,9.9312,76.2673,0.0,4.0,10.0,5,2
Kochi,9.9312,76.2673,0.0,-2.56,10.0,5,0
Kochi,9.9312,76.2673,117.25,29.87,89.32,5,2
Kochi,9.9312,76.2673,0.0,7.79,10.0,5,2
Kochi,9.9312,76.2673,51.26,13.69,37.39,5,2
Kochi,9.9312,76.2673,65.26,16.79,48.51,5,2
Kochi,9.9312,76.2673,57.02,13.84,48.17,5,2
Kochi,9.9312,76.2673,90.47,18.78,65.83,5,2
Kochi,9.9312,76.2673,0.0,5.25,27.16,5,2
Kochi,9.9312,76.2673,20.25,6.44,19.06,5,2
Kochi,9.9312,76.2673,71.9,18.17,69.18,5,2
Kochi,9.9312,76.2673,26.48,8.98,10.0,5,2
Kochi,9.9312,76.2673,42.94,11.48,53.92,5,2
Kochi,9.9312,76.2673,20.52,5.06,20.49,5,2
Kochi,9.9312,76.2673,0.0,-0.26,10.0,5,0
Kochi,9.9312,76.2673,0.0,4.41,10.0,5,2
Kochi,9.9312,76.2673,98.53,23.24,83.04,5,2
Kochi,9.9312,76.2673,0.0,4.88,10.0,5,2
Kochi,9.9312,76.2673,35.18,11.68,19.94,5,2
Kochi,9.9312,76.2673,28.77,6.9,21.57,5,2
Kochi,9.9312,76.2673,0.0,1.88,10.0,5,0
Kochi,9.9312,76.2673,59.84,14.47,39.7,5,2
Kochi,9.9312,76.2673,45.23,13.42,34.57,5,2
Kochi,9.9312,76.2673,0.0,0.96,10.0,5,0
Kochi,9.9312,76.2673,73.51,16.81,43.4,5,2
Kochi,9.9312,76.2673,27.35,8.09,24.65,5,2
Kochi,9.9312,76.2673,80.71,16.02,64.64,5,2
Kochi,9.9312,76.2673,94.68,25.04,88.13,5,2
Kochi,9.9312,76.2673,35.85,8.69,37.11,5,2
Kochi,9.9312,76.2673,89.25,22.47,98.99,5,2
Kochi,9.9312,76.2673,46.66,10.81,18.99,5,2
Kochi,9.9312,76.2673,20.78,5.61,18.15,5,2
Kochi,9.9312,76.2673,0.0,4.74,10.0,5,2
Kochi,9.9312,76.2673,27.09,7.26,23.23,5,2
Kochi,9.9312,76.2673,72.85,15.34,55.55,5,2
Kochi,9.9312,76.2673,0.0,1.55,10.0,5,0
Kochi,9.9312,76.2673,47.3,12.35,35.58,5,2
Kochi,9.9312,76.2673,117.87,26.61,88.47,5,2
Kochi,9.9312,76.2673,0.0,2.23,10.0,5,0
Kochi,9.9312,76.2673,0.0,2.68,10.0,5,0
Kochi,9.9312,76.2673,0.0,1.87,10.0,5,0
Kochi,9.9312,76.2673,36.85,9.87,35.49,5,2
Kochi,9.9312,76.2673,0.0,-2.09,10.0,5,0
Kochi,9.9312,76.2673,0.0,1.48,10.0,5,0
Kochi,9.9312,76.2673,1.12,5.63,10.0,5,2
Kochi,9.9312,76.2673,19.21,7.59,10.0,5,2
Kochi,9.9312,76.2673,36.94,9.74,36.26,5,2
Kochi,9.9312,76.2673,0.0,-0.61,10.0,5,0
Kochi,9.9312,76.2673,21.03,4.9,10.0,5,2
Kochi,9.9312,76.2673,39.01,7.92,47.64,5,2
Kochi,9.9312,76.2673,0.0,3.78,10.0,5,2
Kochi,9.9312,76.2673,26.48,6.71,19.55,5,2
Kochi,9.9312,76.2673,12.98,3.09,17.79,5,0
Kochi,9.9312,76.2673,0.0,2.04,10.0,5,0
Kochi,9.9312,76.2673,0.0,2.12,24.13,5,0
Kochi,9.9312,76.2673,30.83,8.63,22.04,5,2
Kochi,9.9312,76.2673,12.54,6.1,10.0,5,2
Kochi,9.9312,76.2673,38.74,11.68,38.18,5,2
Kochi,9.9312,76.2673,22.52,7.04,24.75,5,2
Kochi,9.9312,76.2673,26.2,7.03,15.23,5,2
Kochi,9.9312,76.2673,14.44,8.49,10.0,5,2
Kochi,9.9312,76.2673,0.0,2.83,10.0,5,0
Kochi,9.9312,76.2673,16.16,6.22,10.7,5,2
Kochi,9.9312,76.2673,47.76,8.85,29.92,5,2
Kochi,9.9312,76.2673,9.52,1.12,10.0,5,0
Kochi,9.9312,76.2673,51.88,12.92,43.81,5,2
Kochi,9.9312,76.2673,0.0,1.27,10.0,5,0
Kochi,9.9312,76.2673,4.37,5.94,10.0,5,2
Kochi,9.9312,76.2673,0.0,2.99,10.0,5,0
Kochi,9.9312,76.2673,39.36,13.53,21.34,5,2
Kochi,9.9312,76.2673,0.0,-0.02,10.0,5,0
Kochi,9.9312,76.2673,23.19,9.11,17.79,5,2
Kochi,9.9312,76.2673,4.32,3.67,10.0,5,2
Kochi,9.9312,76.2673,62.15,11.71,51.57,5,2
Kochi,9.9312,76.2673,60.57,14.63,46.55,5,2
Kochi,9.9312,76.2673,3.42,2.82,16.47,5,0
Kochi,9.9312,76.2673,0.0,5.57,10.0,5,2
Kochi,9.9312,76.2673,5.6,2.76,10.37,5,0
Kochi,9.9312,76.2673,0.0,3.42,20.24,5,0
Kochi,9.9312,76.2673,0.0,2.88,10.0,5,0
Kochi,9.9312,76.2673,22.22,6.98,11.36,5,2
Kochi,9.9312,76.2673,23.71,10.85,17.06,5,2
Kochi,9.9312,76.2673,29.27,5.77,13.85,5,2
Kochi,9.9312,76.2673,23.34,10.14,22.23,5,2
Kochi,9.9312,76.2673,4.49,3.4,10.0,5,0
Kochi,9.9312,76.2673,26.51,9.57,16.69,5,2
Kochi,9.9312,76.2673,0.72,3.18,10.0,5,0
Kochi,9.9312,76.2673,10.41,8.78,10.0,5,2
Kochi,9.9312,76.2673,3.4,1.88,10.16,5,0
Kochi,9.9312,76.2673,7.65,2.73,19.33,5,0
Kochi,9.9312,76.2673,46.07,10.51,18.19,5,2
Kochi,9.9312,76.2673,36.18,8.37,36.85,5,2
Kochi,9.9312,76.2673,0.0,4.29,10.0,5,2
Kochi,9.9312,76.2673,29.54,8.44,14.09,5,2
Kochi,9.9312,76.2673,2.23,4.32,10.0,5,2
Kochi,9.9312,76.2673,26.03,11.66,10.0,5,2
Kochi,9.9312,76.2673,50.81,12.87,31.66,5,2
Kochi,9.9312,76.2673,0.0,2.12,10.0,5,0
Kochi,9.9312,76.2673,8.94,7.31,10.0,5,2
Kochi,9.9312,76.2673,11.71,2.34,13.0,5,0
Kochi,9.9312,76.2673,33.29,8.32,10.0,5,2
Kochi,9.9312,76.2673,16.77,6.73,17.46,5,2
Kochi,9.9312,76.2673,41.66,8.69,40.13,5,2
Kochi,9.9312,76.2673,40.62,7.07,35.69,5,2
Kochi,9.9312,76.2673,0.0,2.34,10.0,5,0
Kochi,9.9312,76.2673,0.31,1.21,10.0,5,0
Kochi,9.9312,76.2673,0.0,0.33,10.0,5,0
Kochi,9.9312,76.2673,0.0,3.83,10.0,5,2
Kochi,9.9312,76.2673,0.0,1.14,11.94,5,0
Kochi,9.9312,76.2673,0.0,1.57,10.0,5,0
Kochi,9.9312,76.2673,30.8,8.16,18.67,5,2
Kochi,9.9312,76.2673,46.14,15.21,46.7,5,2
Kochi,9.9312,76.2673,14.05,3.69,10.0,5,2
Kochi,9.9312,76.2673,24.54,8.24,33.65,5,2
Kochi,9.9312,76.2673,27.61,5.02,32.61,5,2
Kochi,9.9312,76.2673,0.0,1.73,10.0,5,0
Kochi,9.9312,76.2673,59.9,20.7,53.98,5,2
Kochi,9.9312,76.2673,7.6,5.09,14.96,5,2
Kochi,9.9312,76.2673,4.3,6.95,10.0,5,2
Kochi,9.9312,76.2673,23.95,8.62,23.37,5,2
Kochi,9.9312,76.2673,32.13,7.69,20.12,5,2
Kochi,9.9312,76.2673,0.0,3.38,10.0,5,0
Kochi,9.9312,76.2673,22.99,10.45,18.33,5,2
Kochi,9.9312,76.2673,28.05,5.93,18.57,5,2
Kochi,9.9312,76.2673,28.69,9.94,20.01,5,2
Kochi,9.9312,76.2673,10.28,1.52,10.0,5,0
Kochi,9.9312,76.2673,33.37,10.32,31.7,5,2
Kochi,9.9312,76.2673,13.19,5.15,10.0,5,2
Kochi,9.9312,76.2673,28.77,9.1,27.94,5,2
Kochi,9.9312,76.2673,0.0,-1.81,10.97,5,0
Kochi,9.9312,76.2673,0.51,0.88,10.0,5,0
Kochi,9.9312,76.2673,2.59,5.14,10.0,5,2
Kochi,9.9312,76.2673,28.41,5.45,34.84,5,2
Kochi,9.9312,76.2673,18.27,5.42,16.05,5,2
Kochi,9.9312,76.2673,0.0,3.32,10.0,5,0
Kochi,9.9312,76.2673,0.0,-0.54,11.13,5,0
Guwahati,26.1445,91.7362,0.0,30.57,10.0,55,0
Guwahati,26.1445,91.7362,0.0,25.27,12.36,55,0
Guwahati,26.1445,91.7362,6.19,27.64,10.0,55,0
Guwahati,26.1445,91.7362,18.03,33.34,28.91,55,0
Guwahati,26.1445,91.7362,2.52,25.35,10.0,55,0
Guwahati,26.1445,91.7362,13.69,28.31,10.0,55,0
Guwahati,26.1445,91.7362,15.19,30.44,12.48,55,0
Guwahati,26.1445,91.7362,0.0,27.04,10.0,55,0
Guwahati,26.1445,91.7362,25.02,34.58,10.0,55,0
Guwahati,26.1445,91.7362,0.0,24.51,10.0,55,0
Guwahati,26.1445,91.7362,7.5,26.1,10.0,55,0
Guwahati,26.1445,91.7362,0.0,27.91,10.0,55,0
Guwahati,26.1445,91.7362,0.0,27.85,10.0,55,0
Guwahati,26.1445,91.7362,4.11,31.67,16.69,55,0
Guwahati,26.1445,91.7362,0.0,29.16,10.0,55,0
Guwahati,26.1445,91.7362,0.0,29.14,15.38,55,0
Guwahati,26.1445,91.7362,0.0,25.66,10.18,55,0
Guwahati,26.1445,91.7362,13.89,31.38,14.52,55,0
Guwahati,26.1445,91.7362,16.03,28.05,23.3,55,0
Guwahati,26.1445,91.7362,30.05,33.05,23.61,55,0
Guwahati,26.1445,91.7362,0.0,28.53,10.0,55,0
Guwahati,26.1445,91.7362,7.88,31.32,10.0,55,0
Guwahati,26.1445,91.7362,19.16,29.29,15.09,55,0
Guwahati,26.1445,91.7362,5.86,29.12,10.0,55,0
Guwahati,26.1445,91.7362,6.63,30.48,10.0,55,0
Guwahati,26.1445,91.7362,0.0,31.0,13.81,55,0
Guwahati,26.1445,91.7362,0.0,28.88,10.0,55,0
Guwahati,26.1445,91.7362,13.74,30.84,10.0,55,0
Guwahati,26.1445,91.7362,0.0,26.12,10.0,55,0
Guwahati,26.1445,91.7362,0.0,27.37,10.0,55,0
Guwahati,26.1445,91.7362,21.28,34.73,11.22,55,0
Guwahati,26.1445,91.7362,13.31,31.16,15.37,55,0
Guwahati,26.1445,91.7362,10.37,31.06,13.12,55,0
Guwahati,26.1445,91.7362,0.0,29.24,10.0,55,0
Guwahati,26.1445,91.7362,0.0,27.58,10.0,55,0
Guwahati,26.1445,91.7362,5.23,30.69,27.82,55,0
Guwahati,26.1445,91.7362,0.0,24.74,10.0,55,0
Guwahati,26.1445,91.7362,21.99,31.44,32.12,55,0
Guwahati,26.1445,91.7362,0.0,28.89,10.0,55,0
Guwahati,26.1445,91.7362,39.95,39.47,24.29,55,2
Guwahati,26.1445,91.7362,0.0,29.22,10.0,55,0
Guwahati,26.1445,91.7362,8.18,29.19,10.0,55,0
Guwahati,26.1445,91.7362,8.75,27.87,10.0,55,0
Guwahati,26.1445,91.7362,34.99,31.98,36.12,55,0
Guwahati,26.1445,91.7362,3.98,27.74,11.09,55,0
Guwahati,26.1445,91.7362,15.12,31.67,21.78,55,0
Guwahati,26.1445,91.7362,3.04,26.88,10.0,55,0
Guwahati,26.1445,91.7362,0.0,33.4,12.45,55,0
Guwahati,26.1445,91.7362,0.0,24.86,10.0,55,0
Guwahati,26.1445,91.7362,18.85,32.37,12.53,55,0
Guwahati,26.1445,91.7362,6.74,29.5,10.0,55,0
Guwahati,26.1445,91.7362,0.0,27.04,10.0,55,0
Guwahati,26.1445,91.7362,12.15,35.9,13.4,55,0
Guwahati,26.1445,91.7362,3.36,30.01,10.0,55,0
Guwahati,26.1445,91.7362,16.56,32.03,33.81,55,0
Guwahati,26.1445,91.7362,0.0,28.45,10.0,55,0
Guwahati,26.1445,91.7362,19.0,29.46,11.03,55,0
Guwahati,26.1445,91.7362,3.69,30.19,12.14,55,0
Guwahati,26.1445,91.7362,0.0,27.61,10.0,55,0
Guwahati,26.1445,91.7362,0.0,27.07,10.0,55,0
Guwahati,26.1445,91.7362,52.68,38.9,28.37,55,2
Guwahati,26.1445,91.7362,0.0,29.54,20.88,55,0
Guwahati,26.1445,91.7362,0.0,23.74,18.71,55,0
Guwahati,26.1445,91.7362,16.01,28.97,18.16,55,0
Guwahati,26.1445,91.7362,0.0,27.51,10.0,55,0
Guwahati,26.1445,91.7362,25.64,30.6,21.37,55,0
Guwahati,26.1445,91.7362,0.0,28.01,10.0,55,0
Guwahati,26.1445,91.7362,1.65,25.84,10.0,55,0
Guwahati,26.1445,91.7362,24.45,31.92,19.94,55,0
Guwahati,26.1445,91.7362,0.0,26.9,10.0,55,0
Guwahati,26.1445,91.7362,56.17,36.51,59.58,55,1
Guwahati,26.1445,91.7362,26.94,33.45,39.14,55,0
Guwahati,26.1445,91.7362,15.7,31.42,12.03,55,0
Guwahati,26.1445,91.7362,31.02,35.9,18.56,55,0
Guwahati,26.1445,91.7362,0.0,27.09,10.0,55,0
Guwahati,26.1445,91.7362,7.86,31.55,10.0,55,0
Guwahati,26.1445,91.7362,8.23,29.26,15.07,55,0
Guwahati,26.1445,91.7362,0.0,26.29,10.0,55,0
Guwahati,26.1445,91.7362,30.6,32.64,10.0,55,0
Guwahati,26.1445,91.7362,20.15,30.26,10.0,55,0
Guwahati,26.1445,91.7362,0.0,27.13,10.0,55,0
Guwahati,26.1445,91.7362,0.0,29.29,12.75,55,0
Guwahati,26.1445,91.7362,20.73,29.37,14.57,55,0
Guwahati,26.1445,91.7362,8.88,30.47,13.79,55,0
Guwahati,26.1445,91.7362,0.0,27.66,10.0,55,0
Guwahati,26.1445,91.7362,35.2,35.95,36.05,55,0
Guwahati,26.1445,91.7362,10.51,32.42,12.5,55,0
Guwahati,26.1445,91.7362,0.0,30.31,10.0,55,0
Guwahati,26.1445,91.7362,1.03,26.75,10.0,55,0
Guwahati,26.1445,91.7362,17.34,31.36,16.98,55,0
Guwahati,26.1445,91.7362,39.6,37.56,33.59,55,0
Guwahati,26.1445,91.7362,25.94,30.62,24.73,55,0
Guwahati,26.1445,91.7362,41.57,35.38,24.78,55,0
Guwahati,26.1445,91.7362,0.0,25.32,10.0,55,0
Guwahati,26.1445,91.7362,2.33,25.16,10.0,55,0
Guwahati,26.1445,91.7362,25.24,30.73,35.39,55,0
Guwahati,26.1445,91.7362,18.19,33.2,10.0,55,0
Guwahati,26.1445,91.7362,24.38,30.19,28.41,55,0
Guwahati,26.1445,91.7362,12.09,31.03,10.0,55,0
Guwahati,26.1445,91.7362,0.0,28.69,10.0,55,0
Guwahati,26.1445,91.7362,17.34,28.23,22.35,55,0
Guwahati,26.1445,91.7362,0.0,28.6,10.0,55,0
Guwahati,26.1445,91.7362,0.0,28.66,10.0,55,0
Guwahati,26.1445,91.7362,0.0,25.48,10.0,55,0
Guwahati,26.1445,91.7362,15.29,27.43,13.19,55,0
Guwahati,26.1445,91.7362,4.26,29.71,10.0,55,0
Guwahati,26.1445,91.7362,3.07,29.58,10.0,55,0
Guwahati,26.1445,91.7362,14.69,31.38,10.0,55,0
Guwahati,26.1445,91.7362,22.62,33.25,10.0,55,0
Guwahati,26.1445,91.7362,4.61,28.34,10.0,55,0
Guwahati,26.1445,91.7362,15.01,33.36,22.83,55,0
Guwahati,26.1445,91.7362,0.0,28.74,13.29,55,0
Guwahati,26.1445,91.7362,15.96,32.87,32.89,55,0
Guwahati,26.1445,91.7362,27.43,33.48,32.39,55,0
Guwahati,26.1445,91.7362,11.61,29.87,10.0,55,0
Guwahati,26.1445,91.7362,37.14,33.29,45.04,55,0
Guwahati,26.1445,91.7362,18.0,28.3,18.07,55,0
Guwahati,26.1445,91.7362,0.0,28.75,10.0,55,0
Guwahati,26.1445,91.7362,0.0,27.75,19.54,55,0
Guwahati,26.1445,91.7362,0.0,25.38,14.82,55,0
Guwahati,26.1445,91.7362,44.33,36.37,45.58,55,0
Guwahati,26.1445,91.7362,33.15,32.64,21.66,55,0
Guwahati,26.1445,91.7362,31.16,37.1,30.55,55,0
Guwahati,26.1445,91.7362,0.0,31.47,10.0,55,0
Guwahati,26.1445,91.7362,2.97,28.78,17.92,55,0
Guwahati,26.1445,91.7362,24.37,33.2,24.13,55,0
Guwahati,26.1445,91.7362,9.78,30.57,10.0,55,0
Guwahati,26.1445,91.7362,3.66,28.71,10.0,55,0
Guwahati,26.1445,91.7362,15.95,30.28,30.32,55,0
Guwahati,26.1445,91.7362,37.31,34.03,28.34,55,0
Guwahati,26.1445,91.7362,7.67,28.13,10.0,55,0
Guwahati,26.1445,91.7362,0.0,25.24,10.0,55,0
Guwahati,26.1445,91.7362,20.33,29.96,25.22,55,0
Guwahati,26.1445,91.7362,0.0,28.01,10.0,55,0
Guwahati,26.1445,91.7362,8.39,30.09,10.0,55,0
Guwahati,26.1445,91.7362,5.46,28.18,10.0,55,0
Guwahati,26.1445,91.7362,5.82,25.57,10.0,55,0
Guwahati,26.1445,91.7362,3.87,27.76,10.0,55,0
Guwahati,26.1445,91.7362,7.89,30.04,15.06,55,0
Guwahati,26.1445,91.7362,0.0,25.09,10.0,55,0
Guwahati,26.1445,91.7362,0.23,26.84,10.0,55,0
Guwahati,26.1445,91.7362,0.0,26.59,10.0,55,0
Guwahati,26.1445,91.7362,19.71,30.33,11.64,55,0
Guwahati,26.1445,91.7362,0.0,27.44,10.0,55,0
Guwahati,26.1445,91.7362,19.32,27.79,11.86,55,0
Guwahati,26.1445,91.7362,14.42,30.75,38.47,55,0
Guwahati,26.1445,91.7362,15.3,28.55,11.28,55,0
Guwahati,26.1445,91.7362,0.0,27.34,10.0,55,0
Guwahati,26.1445,91.7362,25.48,31.5,19.21,55,0
Guwahati,26.1445,91.7362,0.0,30.98,10.0,55,0
Guwahati,26.1445,91.7362,144.54,58.04,100.0,55,2
Guwahati,26.1445,91.7362,66.88,40.32,61.95,55,2
Guwahati,26.1445,91.7362,27.23,30.14,10.0,55,0
Guwahati,26.1445,91.7362,0.0,29.4,10.0,55,0
Guwahati,26.1445,91.7362,0.0,25.65,10.0,55,0
Guwahati,26.1445,91.7362,30.28,37.36,40.49,55,0
Guwahati,26.1445,91.7362,101.53,47.49,60.25,55,2
Guwahati,26.1445,91.7362,77.43,43.42,50.97,55,2
Guwahati,26.1445,91.7362,0.0,25.83,10.0,55,0
Guwahati,26.1445,91.7362,2.77,25.85,10.0,55,0
Guwahati,26.1445,91.7362,74.79,41.43,60.99,55,2
Guwahati,26.1445,91.7362,0.0,26.44,10.0,55,0
Guwahati,26.1445,91.7362,0.0,28.86,10.0,55,0
Guwahati,26.1445,91.7362,40.36,36.64,44.58,55,0
Guwahati,26.1445,91.7362,0.0,28.42,10.0,55,0
Guwahati,26.1445,91.7362,11.65,27.96,10.0,55,0
Guwahati,26.1445,91.7362,38.08,34.74,46.37,55,0
Guwahati,26.1445,91.7362,9.99,24.0,10.0,55,0
Guwahati,26.1445,91.7362,0.0,30.28,10.0,55,0
Guwahati,26.1445,91.7362,0.0,29.04,10.0,55,0
Guwahati,26.1445,91.7362,29.5,41.25,24.17,55,2
Guwahati,26.1445,91.7362,0.0,26.93,10.0,55,0
Guwahati,26.1445,91.7362,17.13,30.08,16.19,55,0
Guwahati,26.1445,91.7362,0.0,26.67,10.0,55,0
Guwahati,26.1445,91.7362,3.04,30.62,10.0,55,0
Guwahati,26.1445,91.7362,2.02,29.28,20.11,55,0
Guwahati,26.1445,91.7362,9.73,30.78,23.12,55,0
Guwahati,26.1445,91.7362,23.95,31.9,18.52,55,0
Guwahati,26.1445,91.7362,40.83,36.17,39.61,55,0
Guwahati,26.1445,91.7362,0.0,29.24,10.0,55,0
Guwahati,26.1445,91.7362,0.0,29.41,10.0,55,0
Guwahati,26.1445,91.7362,84.64,43.22,65.42,55,2
Guwahati,26.1445,91.7362,0.0,26.72,10.0,55,0
Guwahati,26.1445,91.7362,0.0,28.15,10.0,55,0
Guwahati,26.1445,91.7362,22.3,25.98,38.59,55,0
Guwahati,26.1445,91.7362,7.77,29.99,21.42,55,0
Guwahati,26.1445,91.7362,0.0,30.99,10.0,55,0
Guwahati,26.1445,91.7362,63.55,38.56,44.76,55,2
Guwahati,26.1445,91.7362,0.0,25.39,10.0,55,0
Guwahati,26.1445,91.7362,88.41,41.36,70.04,55,2
Guwahati,26.1445,91.7362,0.0,31.47,10.0,55,0
Guwahati,26.1445,91.7362,0.0,30.03,10.0,55,0
Guwahati,26.1445,91.7362,66.72,41.24,72.47,55,2
Guwahati,26.1445,91.7362,88.32,41.85,61.06,55,2
Guwahati,26.1445,91.7362,19.98,31.68,10.0,55,0
Guwahati,26.1445,91.7362,28.66,36.26,28.95,55,0
Guwahati,26.1445,91.7362,29.15,32.9,10.0,55,0
Guwahati,26.1445,91.7362,74.92,38.67,51.33,55,2
Guwahati,26.1445,91.7362,3.21,31.92,10.0,55,0
Guwahati,26.1445,91.7362,61.11,41.89,44.18,55,2
Guwahati,26.1445,91.7362,17.39,33.63,25.45,55,0
Guwahati,26.1445,91.7362,0.0,24.46,10.0,55,0
Guwahati,26.1445,91.7362,2.16,29.03,10.0,55,0
Guwahati,26.1445,91.7362,42.61,32.28,30.2,55,0
Guwahati,26.1445,91.7362,35.16,35.43,27.86,55,0
Guwahati,26.1445,91.7362,0.0,28.41,10.0,55,0
Guwahati,26.1445,91.7362,33.07,35.01,25.11,55,0
Guwahati,26.1445,91.7362,0.0,28.72,10.0,55,0
Guwahati,26.1445,91.7362,0.0,27.95,10.0,55,0
Guwahati,26.1445,91.7362,106.05,49.56,96.81,55,2
Guwahati,26.1445,91.7362,0.0,26.08,10.0,55,0
Guwahati,26.1445,91.7362,0.0,26.39,10.0,55,0
Guwahati,26.1445,91.7362,0.0,26.71,10.0,55,0
Guwahati,26.1445,91.7362,13.83,27.24,14.28,55,0
Guwahati,26.1445,91.7362,158.11,59.16,100.0,55,3
Guwahati,26.1445,91.7362,16.85,31.32,20.41,55,0
Guwahati,26.1445,91.7362,0.0,30.91,19.9,55,0
Guwahati,26.1445,91.7362,39.38,36.93,37.04,55,0
Guwahati,26.1445,91.7362,37.67,34.54,27.81,55,0
Guwahati,26.1445,91.7362,73.34,41.8,61.77,55,2
Guwahati,26.1445,91.7362,22.23,34.38,24.51,55,0
Guwahati,26.1445,91.7362,0.0,27.31,10.0,55,0
Guwahati,26.1445,91.7362,0.0,30.06,13.47,55,0
Guwahati,26.1445,91.7362,1.0,31.0,11.51,55,0
Guwahati,26.1445,91.7362,0.0,28.22,10.0,55,0
Guwahati,26.1445,91.7362,0.0,28.4,10.0,55,0
Guwahati,26.1445,91.7362,0.0,26.93,14.96,55,0
Guwahati,26.1445,91.7362,1.62,27.44,10.0,55,0
Guwahati,26.1445,91.7362,53.18,41.45,38.8,55,2
Guwahati,26.1445,91.7362,0.0,27.22,10.0,55,0
Guwahati,26.1445,91.7362,0.0,30.14,10.0,55,0
Guwahati,26.1445,91.7362,33.16,33.95,26.15,55,0
Guwahati,26.1445,91.7362,0.0,30.49,10.0,55,0
Guwahati,26.1445,91.7362,49.55,38.36,36.97,55,0
Guwahati,26.1445,91.7362,39.43,31.13,43.64,55,0
Guwahati,26.1445,91.7362,14.61,29.01,10.0,55,0
Guwahati,26.1445,91.7362,16.42,28.99,19.91,55,0
Guwahati,26.1445,91.7362,0.0,21.69,10.0,55,0
Guwahati,26.1445,91.7362,0.0,24.24,10.0,55,0
Guwahati,26.1445,91.7362,0.0,26.29,10.0,55,0
Guwahati,26.1445,91.7362,1.77,26.46,18.4,55,0
Guwahati,26.1445,91.7362,0.0,27.31,10.0,55,0
Guwahati,26.1445,91.7362,0.0,28.72,10.0,55,0
Guwahati,26.1445,91.7362,11.74,27.84,10.0,55,0
Guwahati,26.1445,91.7362,0.0,26.5,10.0,55,0
Guwahati,26.1445,91.7362,94.41,44.18,72.22,55,2
Guwahati,26.1445,91.7362,0.0,30.16,10.0,55,0
Guwahati,26.1445,91.7362,21.05,33.5,35.13,55,0
Guwahati,26.1445,91.7362,4.34,29.79,10.0,55,0
Guwahati,26.1445,91.7362,104.8,49.89,65.01,55,2
Guwahati,26.1445,91.7362,8.82,30.14,16.33,55,0
Guwahati,26.1445,91.7362,54.26,36.45,36.64,55,1
Guwahati,26.1445,91.7362,0.0,29.16,10.0,55,0
Guwahati,26.1445,91.7362,80.12,46.86,79.32,55,2
Guwahati,26.1445,91.7362,57.22,42.51,54.95,55,2
Guwahati,26.1445,91.7362,0.0,25.4,10.0,55,0
Guwahati,26.1445,91.7362,68.91,42.67,65.86,55,2
Guwahati,26.1445,91.7362,23.96,30.6,31.66,55,0
Guwahati,26.1445,91.7362,53.65,38.15,39.76,55,1
Guwahati,26.1445,91.7362,14.64,28.29,30.83,55,0
Guwahati,26.1445,91.7362,0.0,27.88,10.0,55,0
Guwahati,26.1445,91.7362,16.89,31.25,22.89,55,0
Guwahati,26.1445,91.7362,15.44,36.32,14.31,55,0
Guwahati,26.1445,91.7362,0.0,27.15,10.0,55,0
Guwahati,26.1445,91.7362,37.84,33.6,49.29,55,0
Guwahati,26.1445,91.7362,50.28,38.83,50.81,55,2
Guwahati,26.1445,91.7362,34.98,34.79,34.51,55,0
Guwahati,26.1445,91.7362,0.0,27.02,10.0,55,0
Guwahati,26.1445,91.7362,0.0,29.85,10.0,55,0
Guwahati,26.1445,91.7362,39.96,35.95,38.43,55,0
Guwahati,26.1445,91.7362,17.0,29.15,10.0,55,0
Guwahati,26.1445,91.7362,13.98,27.7,10.0,55,0
Guwahati,26.1445,91.7362,9.45,28.79,13.64,55,0
Guwahati,26.1445,91.7362,58.79,39.46,38.61,55,2
Guwahati,26.1445,91.7362,34.53,31.23,13.73,55,0
Guwahati,26.1445,91.7362,0.0,26.93,10.0,55,0
Guwahati,26.1445,91.7362,8.43,29.74,17.44,55,0
Guwahati,26.1445,91.7362,10.64,28.5,18.66,55,0
Guwahati,26.1445,91.7362,0.0,24.23,12.06,55,0
Guwahati,26.1445,91.7362,29.55,31.83,19.65,55,0
Guwahati,26.1445,91.7362,0.0,28.15,17.32,55,0
Guwahati,26.1445,91.7362,21.65,33.9,25.52,55,0
Guwahati,26.1445,91.7362,9.0,31.47,14.65,55,0
Guwahati,26.1445,91.7362,34.91,33.56,10.55,55,0
Guwahati,26.1445,91.7362,27.81,33.76,19.29,55,0
Guwahati,26.1445,91.7362,4.68,33.54,10.0,55,0
Guwahati,26.1445,91.7362,0.0,27.67,11.8,55,0
Guwahati,26.1445,91.7362,50.01,38.82,27.3,55,2
Guwahati,26.1445,91.7362,44.48,36.36,27.2,55,0
Guwahati,26.1445,91.7362,0.0,29.17,10.0,55,0
Guwahati,26.1445,91.7362,15.21,33.12,10.0,55,0
Guwahati,26.1445,91.7362,33.59,33.18,48.51,55,0
Guwahati,26.1445,91.7362,19.78,29.61,10.0,55,0
Guwahati,26.1445,91.7362,23.56,31.46,17.29,55,0
Guwahati,26.1445,91.7362,22.79,34.08,30.47,55,0
Guwahati,26.1445,91.7362,0.0,30.35,10.0,55,0
Guwahati,26.1445,91.7362,0.0,25.14,10.0,55,0
Guwahati,26.1445,91.7362,0.0,27.32,10.0,55,0
Guwahati,26.1445,91.7362,5.74,27.66,10.0,55,0
Guwahati,26.1445,91.7362,9.39,25.25,10.0,55,0
Guwahati,26.1445,91.7362,0.0,27.02,10.0,55,0
Guwahati,26.1445,91.7362,26.28,35.92,10.0,55,0
Guwahati,26.1445,91.7362,44.87,34.92,37.62,55,0
Guwahati,26.1445,91.7362,18.2,36.03,10.0,55,0
Guwahati,26.1445,91.7362,0.0,30.48,10.0,55,0
Guwahati,26.1445,91.7362,2.49,25.76,10.0,55,0
Guwahati,26.1445,91.7362,0.0,28.85,10.0,55,0
Guwahati,26.1445,91.7362,0.0,29.49,10.0,55,0
Guwahati,26.1445,91.7362,0.0,29.34,10.0,55,0
Guwahati,26.1445,91.7362,34.03,34.55,19.31,55,0
Guwahati,26.1445,91.7362,5.32,30.17,10.0,55,0
Guwahati,26.1445,91.7362,1.07,27.27,10.0,55,0
Guwahati,26.1445,91.7362,0.0,27.85,12.02,55,0
Guwahati,26.1445,91.7362,14.71,30.35,10.0,55,0
Guwahati,26.1445,91.7362,28.71,34.11,15.9,55,0
Guwahati,26.1445,91.7362,25.18,33.65,12.01,55,0
Guwahati,26.1445,91.7362,7.18,27.95,32.08,55,0
Guwahati,26.1445,91.7362,18.57,31.59,19.58,55,0
Guwahati,26.1445,91.7362,33.82,34.1,21.16,55,0
Guwahati,26.1445,91.7362,24.2,31.99,10.0,55,0
Guwahati,26.1445,91.7362,0.0,30.56,10.0,55,0
Guwahati,26.1445,91.7362,0.0,27.03,10.0,55,0
Guwahati,26.1445,91.7362,3.72,25.34,10.0,55,0
Guwahati,26.1445,91.7362,30.75,35.93,19.01,55,0
Guwahati,26.1445,91.7362,31.85,34.29,37.89,55,0
Guwahati,26.1445,91.7362,19.33,28.32,32.93,55,0
Guwahati,26.1445,91.7362,9.93,30.64,10.0,55,0
Guwahati,26.1445,91.7362,18.1,33.33,33.83,55,0
Guwahati,26.1445,91.7362,34.21,35.45,11.92,55,0
Guwahati,26.1445,91.7362,11.38,28.59,11.45,55,0
Guwahati,26.1445,91.7362,0.0,27.08,10.0,55,0
Guwahati,26.1445,91.7362,0.0,26.42,10.0,55,0
Guwahati,26.1445,91.7362,14.15,25.33,10.0,55,0
Guwahati,26.1445,91.7362,2.9,27.69,10.0,55,0
Guwahati,26.1445,91.7362,0.0,27.52,10.0,55,0
Guwahati,26.1445,91.7362,0.0,29.53,10.0,55,0
Guwahati,26.1445,91.7362,18.85,31.41,36.11,55,0
Guwahati,26.1445,91.7362,19.74,30.47,24.0,55,0
Guwahati,26.1445,91.7362,0.0,27.74,10.0,55,0
Guwahati,26.1445,91.7362,11.36,29.1,10.0,55,0
Guwahati,26.1445,91.7362,0.0,27.7,10.0,55,0
Guwahati,26.1445,91.7362,40.86,30.39,29.46,55,0
Guwahati,26.1445,91.7362,10.99,30.71,10.0,55,0
Guwahati,26.1445,91.7362,29.42,30.6,17.87,55,0
Guwahati,26.1445,91.7362,20.17,33.62,10.0,55,0
Guwahati,26.1445,91.7362,56.61,37.03,32.17,55,1
Guwahati,26.1445,91.7362,18.05,30.41,10.0,55,0
Guwahati,26.1445,91.7362,19.72,28.39,10.0,55,0
Guwahati,26.1445,91.7362,0.0,29.66,10.0,55,0
Guwahati,26.1445,91.7362,37.78,37.46,33.06,55,0
Guwahati,26.1445,91.7362,15.12,31.09,13.69,55,0
Guwahati,26.1445,91.7362,2.41,27.48,10.0,55,0
Guwahati,26.1445,91.7362,0.0,29.71,10.0,55,0
Guwahati,26.1445,91.7362,9.11,30.12,10.0,55,0
Guwahati,26.1445,91.7362,0.0,26.93,13.68,55,0
Guwahati,26.1445,91.7362,0.0,22.25,10.0,55,0
Guwahati,26.1445,91.7362,29.57,29.95,11.85,55,0
Guwahati,26.1445,91.7362,13.74,35.39,10.0,55,0
Guwahati,26.1445,91.7362,0.0,28.18,12.05,55,0
Guwahati,26.1445,91.7362,0.0,24.26,10.0,55,0
Guwahati,26.1445,91.7362,20.07,35.07,22.62,55,0
Guwahati,26.1445,91.7362,23.91,31.76,43.54,55,0
Guwahati,26.1445,91.7362,1.83,26.64,19.56,55,0
Guwahati,26.1445,91.7362,0.0,23.81,10.0,55,0
Guwahati,26.1445,91.7362,8.97,28.84,17.11,55,0
Chennai,13.0827,80.2707,0.0,3.13,10.0,6,0
Chennai,13.0827,80.2707,0.0,2.88,10.0,6,0
Chennai,13.0827,80.2707,36.69,11.5,10.0,6,2
Chennai,13.0827,80.2707,6.47,4.39,14.53,6,2
Chennai,13.0827,80.2707,9.59,7.42,11.59,6,2
Chennai,13.0827,80.2707,28.82,7.89,24.5,6,2
Chennai,13.0827,80.2707,18.57,5.57,10.0,6,2
Chennai,13.0827,80.2707,0.0,1.5,10.0,6,0
Chennai,13.0827,80.2707,0.0,-0.11,18.63,6,0
Chennai,13.0827,80.2707,0.0,3.4,10.0,6,0
Chennai,13.0827,80.2707,8.32,3.23,10.0,6,0
Chennai,13.0827,80.2707,25.72,10.51,19.5,6,2
Chennai,13.0827,80.2707,20.99,11.0,24.33,6,2
Chennai,13.0827,80.2707,13.72,6.14,17.47,6,2
Chennai,13.0827,80.2707,1.91,2.83,10.0,6,0
Chennai,13.0827,80.2707,0.37,2.34,10.0,6,0
Chennai,13.0827,80.2707,23.11,5.36,26.08,6,2
Chennai,13.0827,80.2707,18.09,8.19,10.0,6,2
Chennai,13.0827,80.2707,0.0,4.12,10.0,6,0
Chennai,13.0827,80.2707,21.06,5.81,24.45,6,2
Chennai,13.0827,80.2707,21.76,7.16,21.58,6,2
Chennai,13.0827,80.2707,12.35,3.83,15.19,6,0
Chennai,13.0827,80.2707,29.71,8.99,10.0,6,2
Chennai,13.0827,80.2707,0.0,-0.56,12.9,6,0
Chennai,13.0827,80.2707,17.7,5.54,10.0,6,2
Chennai,13.0827,80.2707,0.0,1.72,10.0,6,0
Chennai,13.0827,80.2707,8.06,7.29,10.0,6,2
Chennai,13.0827,80.2707,0.0,0.69,10.0,6,0
Chennai,13.0827,80.2707,0.0,2.42,10.0,6,0
Chennai,13.0827,80.2707,20.86,6.0,12.92,6,2
Chennai,13.0827,80.2707,17.04,5.28,17.87,6,2
Chennai,13.0827,80.2707,11.64,5.61,10.0,6,2
Chennai,13.0827,80.2707,24.22,12.28,19.46,6,2
Chennai,13.0827,80.2707,0.0,3.06,10.0,6,0
Chennai,13.0827,80.2707,0.0,2.74,10.0,6,0
Chennai,13.0827,80.2707,23.84,9.32,27.24,6,2
Chennai,13.0827,80.2707,1.03,4.01,10.0,6,0
Chennai,13.0827,80.2707,18.84,9.07,20.6,6,2
Chennai,13.0827,80.2707,1.86,2.96,19.55,6,0
Chennai,13.0827,80.2707,2.09,5.52,10.0,6,2
Chennai,13.0827,80.2707,2.32,0.78,10.0,6,0
Chennai,13.0827,80.2707,8.28,8.27,10.0,6,2
Chennai,13.0827,80.2707,39.13,11.58,35.08,6,2
Chennai,13.0827,80.2707,0.0,3.63,10.0,6,0
Chennai,13.0827,80.2707,20.12,5.07,30.17,6,2
Chennai,13.0827,80.2707,12.06,6.63,10.0,6,2
Chennai,13.0827,80.2707,0.0,3.15,10.0,6,0
Chennai,13.0827,80.2707,0.0,4.59,10.0,6,2
Chennai,13.0827,80.2707,0.0,0.95,10.0,6,0
Chennai,13.0827,80.2707,7.33,3.94,10.0,6,0
Chennai,13.0827,80.2707,10.1,2.28,10.0,6,0
Chennai,13.0827,80.2707,0.0,4.89,10.0,6,2
Chennai,13.0827,80.2707,21.67,5.06,17.58,6,2
Chennai,13.0827,80.2707,10.01,3.88,10.0,6,0
Chennai,13.0827,80.2707,31.44,12.09,21.33,6,2
Chennai,13.0827,80.2707,14.14,4.86,10.0,6,2
Chennai,13.0827,80.2707,32.58,6.21,23.21,6,2
Chennai,13.0827,80.2707,8.18,7.94,15.51,6,2
Chennai,13.0827,80.2707,0.0,2.99,10.0,6,0
Chennai,13.0827,80.2707,3.8,5.0,10.0,6,2
Chennai,13.0827,80.2707,1.28,4.21,10.0,6,2
Chennai,13.0827,80.2707,9.09,4.24,10.0,6,2
Chennai,13.0827,80.2707,17.37,6.54,10.0,6,2
Chennai,13.0827,80.2707,0.0,0.02,14.56,6,0
Chennai,13.0827,80.2707,18.3,6.45,10.11,6,2
Chennai,13.0827,80.2707,0.0,5.19,19.04,6,2
Chennai,13.0827,80.2707,0.0,5.28,10.0,6,2
Chennai,13.0827,80.2707,4.03,6.81,10.0,6,2
Chennai,13.0827,80.2707,11.15,5.73,10.0,6,2
Chennai,13.0827,80.2707,11.04,4.08,10.0,6,0
Chennai,13.0827,80.2707,0.0,1.95,10.3,6,0
Chennai,13.0827,80.2707,0.0,1.42,10.0,6,0
Chennai,13.0827,80.2707,0.0,1.68,10.0,6,0
Chennai,13.0827,80.2707,19.88,6.37,15.74,6,2
Chennai,13.0827,80.2707,19.82,5.52,12.74,6,2
Chennai,13.0827,80.2707,0.0,0.88,10.0,6,0
Chennai,13.0827,80.2707,0.11,2.25,10.0,6,0
Chennai,13.0827,80.2707,0.0,3.64,10.0,6,0
Chennai,13.0827,80.2707,0.45,1.48,10.0,6,0
Chennai,13.0827,80.2707,4.16,4.27,19.03,6,2
Chennai,13.0827,80.2707,7.96,3.31,10.0,6,0
Chennai,13.0827,80.2707,0.0,0.07,10.0,6,0
Chennai,13.0827,80.2707,0.0,3.98,10.0,6,0
Chennai,13.0827,80.2707,0.0,1.2,14.46,6,0
Chennai,13.0827,80.2707,7.23,6.03,18.79,6,2
Chennai,13.0827,80.2707,9.29,2.47,10.0,6,0
Chennai,13.0827,80.2707,0.0,1.99,10.0,6,0
Chennai,13.0827,80.2707,5.12,4.85,10.0,6,2
Chennai,13.0827,80.2707,5.12,4.83,10.0,6,2
Chennai,13.0827,80.2707,25.41,6.95,32.3,6,2
Chennai,13.0827,80.2707,0.0,2.24,10.0,6,0
Chennai,13.0827,80.2707,10.91,6.9,10.0,6,2
Chennai,13.0827,80.2707,0.0,0.2,13.2,6,0
Chennai,13.0827,80.2707,11.17,3.06,10.0,6,0
Chennai,13.0827,80.2707,23.54,7.15,15.46,6,2
Chennai,13.0827,80.2707,0.0,0.95,11.83,6,0
Chennai,13.0827,80.2707,30.43,7.12,38.4,6,2
Chennai,13.0827,80.2707,0.18,4.1,14.24,6,0
Chennai,13.0827,80.2707,4.97,3.34,11.99,6,0
Chennai,13.0827,80.2707,0.0,5.29,10.0,6,2
Chennai,13.0827,80.2707,0.0,1.79,10.0,6,0
Chennai,13.0827,80.2707,0.0,2.47,10.0,6,0
Chennai,13.0827,80.2707,6.36,5.22,10.0,6,2
Chennai,13.0827,80.2707,16.28,4.64,23.06,6,2
Chennai,13.0827,80.2707,8.71,7.83,31.11,6,2
Chennai,13.0827,80.2707,0.42,2.23,10.0,6,0
Chennai,13.0827,80.2707,15.34,8.72,10.0,6,2
Chennai,13.0827,80.2707,12.34,5.2,16.05,6,2
Chennai,13.0827,80.2707,28.13,8.15,10.0,6,2
Chennai,13.0827,80.2707,17.41,4.82,12.5,6,2
Chennai,13.0827,80.2707,18.02,7.2,13.4,6,2
Chennai,13.0827,80.2707,0.0,-2.8,10.0,6,0
Chennai,13.0827,80.2707,3.46,6.72,10.0,6,2
Chennai,13.0827,80.2707,0.0,5.13,11.51,6,2
Chennai,13.0827,80.2707,3.93,6.17,10.0,6,2
Chennai,13.0827,80.2707,9.24,5.99,15.24,6,2
Chennai,13.0827,80.2707,15.7,5.47,23.5,6,2
Chennai,13.0827,80.2707,5.26,2.91,10.0,6,0
Chennai,13.0827,80.2707,34.16,8.35,40.24,6,2
Chennai,13.0827,80.2707,0.0,3.98,10.0,6,0
Chennai,13.0827,80.2707,29.7,7.63,14.45,6,2
Chennai,13.0827,80.2707,5.37,7.4,10.0,6,2
Chennai,13.0827,80.2707,0.0,3.12,10.0,6,0
Chennai,13.0827,80.2707,0.0,4.7,10.0,6,2
Chennai,13.0827,80.2707,4.95,5.5,10.0,6,2
Chennai,13.0827,80.2707,9.54,7.34,12.37,6,2
Chennai,13.0827,80.2707,0.0,6.04,10.0,6,2
Chennai,13.0827,80.2707,0.0,4.73,10.0,6,2
Chennai,13.0827,80.2707,9.75,6.97,10.0,6,2
Chennai,13.0827,80.2707,0.0,6.01,11.65,6,2
Chennai,13.0827,80.2707,5.78,5.86,10.0,6,2
Chennai,13.0827,80.2707,8.36,4.38,10.0,6,2
Chennai,13.0827,80.2707,12.03,2.99,10.0,6,0
Chennai,13.0827,80.2707,11.4,8.96,10.0,6,2
Chennai,13.0827,80.2707,14.29,7.12,10.0,6,2
Chennai,13.0827,80.2707,12.75,7.31,16.08,6,2
Chennai,13.0827,80.2707,5.83,4.83,10.0,6,2
Chennai,13.0827,80.2707,0.0,3.39,10.0,6,0
Chennai,13.0827,80.2707,0.0,7.97,12.53,6,2
Chennai,13.0827,80.2707,0.0,3.69,14.58,6,0
Chennai,13.0827,80.2707,0.0,3.15,10.0,6,0
Chennai,13.0827,80.2707,0.0,3.76,11.16,6,0
Chennai,13.0827,80.2707,28.11,8.12,47.51,6,2
Chennai,13.0827,80.2707,0.0,3.71,10.0,6,0
Chennai,13.0827,80.2707,8.26,3.61,11.68,6,0
Chennai,13.0827,80.2707,5.22,2.39,10.0,6,0
Chennai,13.0827,80.2707,34.05,10.7,10.22,6,2
Chennai,13.0827,80.2707,14.71,5.55,11.81,6,2
Chennai,13.0827,80.2707,18.48,9.06,10.0,6,2
Chennai,13.0827,80.2707,6.58,3.22,11.24,6,0
Chennai,13.0827,80.2707,5.73,7.43,10.0,6,2
Chennai,13.0827,80.2707,0.0,2.94,23.91,6,0
Chennai,13.0827,80.2707,25.68,2.73,14.25,6,0
Chennai,13.0827,80.2707,0.33,4.33,16.01,6,2
Chennai,13.0827,80.2707,12.25,3.48,11.79,6,0
Chennai,13.0827,80.2707,21.27,6.1,11.81,6,2
Chennai,13.0827,80.2707,0.0,7.34,10.0,6,2
Chennai,13.0827,80.2707,0.0,4.57,10.0,6,2
Chennai,13.0827,80.2707,0.0,6.2,10.0,6,2
Chennai,13.0827,80.2707,50.33,10.23,56.47,6,2
Chennai,13.0827,80.2707,11.94,6.42,10.0,6,2
Chennai,13.0827,80.2707,25.29,6.68,29.5,6,2
Chennai,13.0827,80.2707,80.43,20.95,60.19,6,2
Chennai,13.0827,80.2707,29.4,14.51,37.22,6,2
Chennai,13.0827,80.2707,0.0,3.92,10.0,6,0
Chennai,13.0827,80.2707,0.0,3.41,10.0,6,0
Chennai,13.0827,80.2707,99.79,24.46,82.62,6,2
Chennai,13.0827,80.2707,0.0,3.64,10.0,6,0
Chennai,13.0827,80.2707,51.32,14.41,34.01,6,2
Chennai,13.0827,80.2707,0.0,2.71,10.0,6,0
Chennai,13.0827,80.2707,9.5,4.12,10.0,6,0
Chennai,13.0827,80.2707,40.69,9.74,28.92,6,2
Chennai,13.0827,80.2707,12.21,8.06,10.0,6,2
Chennai,13.0827,80.2707,47.01,12.56,35.81,6,2
Chennai,13.0827,80.2707,35.56,7.92,42.66,6,2
Chennai,13.0827,80.2707,12.61,5.97,20.27,6,2
Chennai,13.0827,80.2707,68.0,17.79,48.5,6,2
Chennai,13.0827,80.2707,12.71,5.69,10.0,6,2
Chennai,13.0827,80.2707,0.0,5.7,10.0,6,2
Chennai,13.0827,80.2707,21.46,7.78,27.72,6,2
Chennai,13.0827,80.2707,8.56,7.0,10.0,6,2
Chennai,13.0827,80.2707,75.27,14.99,51.81,6,2
Chennai,13.0827,80.2707,28.81,8.28,10.0,6,2
Chennai,13.0827,80.2707,1.58,1.24,10.0,6,0
Chennai,13.0827,80.2707,0.0,3.62,10.0,6,0
Chennai,13.0827,80.2707,0.0,6.6,10.0,6,2
Chennai,13.0827,80.2707,0.0,5.14,12.72,6,2
Chennai,13.0827,80.2707,21.51,6.53,17.87,6,2
Chennai,13.0827,80.2707,0.0,4.24,16.38,6,2
Chennai,13.0827,80.2707,32.6,10.14,10.0,6,2
Chennai,13.0827,80.2707,0.0,1.97,10.0,6,0
Chennai,13.0827,80.2707,10.29,7.31,10.0,6,2
Chennai,13.0827,80.2707,94.11,22.88,70.52,6,2
Chennai,13.0827,80.2707,0.0,3.17,10.0,6,0
Chennai,13.0827,80.2707,22.92,6.72,26.27,6,2
Chennai,13.0827,80.2707,6.37,3.78,10.0,6,0
Chennai,13.0827,80.2707,58.16,13.66,36.87,6,2
Chennai,13.0827,80.2707,18.04,7.59,10.0,6,2
Chennai,13.0827,80.2707,22.9,11.21,14.89,6,2
Chennai,13.0827,80.2707,24.02,6.79,18.24,6,2
Chennai,13.0827,80.2707,0.0,2.17,10.0,6,0
Chennai,13.0827,80.2707,32.38,10.0,10.0,6,2
Chennai,13.0827,80.2707,108.63,26.92,71.25,6,2
Chennai,13.0827,80.2707,0.0,4.14,10.0,6,0
Chennai,13.0827,80.2707,33.98,10.02,20.92,6,2
Chennai,13.0827,80.2707,29.88,3.27,18.1,6,0
Chennai,13.0827,80.2707,7.65,6.13,10.0,6,2
Chennai,13.0827,80.2707,11.73,6.46,10.0,6,2
Chennai,13.0827,80.2707,0.0,3.65,10.0,6,0
Chennai,13.0827,80.2707,0.0,4.69,25.12,6,2
Chennai,13.0827,80.2707,13.3,9.4,14.84,6,2
Chennai,13.0827,80.2707,32.92,9.6,39.21,6,2
Chennai,13.0827,80.2707,0.0,-0.13,10.0,6,0
Chennai,13.0827,80.2707,73.43,16.99,62.3,6,2
Chennai,13.0827,80.2707,61.53,14.13,56.21,6,2
Chennai,13.0827,80.2707,15.82,3.08,10.0,6,0
Chennai,13.0827,80.2707,59.86,17.12,49.99,6,2
Chennai,13.0827,80.2707,36.46,8.11,45.48,6,2
Chennai,13.0827,80.2707,38.17,10.45,21.66,6,2
Chennai,13.0827,80.2707,44.24,11.27,27.89,6,2
Chennai,13.0827,80.2707,0.0,2.88,10.0,6,0
Chennai,13.0827,80.2707,35.65,6.14,37.91,6,2
Chennai,13.0827,80.2707,0.0,2.74,10.0,6,0
Chennai,13.0827,80.2707,0.0,0.84,10.0,6,0
Chennai,13.0827,80.2707,0.0,2.86,10.0,6,0
Chennai,13.0827,80.2707,143.71,28.72,100.0,6,2
Chennai,13.0827,80.2707,0.0,1.44,10.0,6,0
Chennai,13.0827,80.2707,1.77,3.73,10.0,6,0
Chennai,13.0827,80.2707,59.7,11.97,45.68,6,2
Chennai,13.0827,80.2707,68.38,13.62,50.88,6,2
Chennai,13.0827,80.2707,0.0,2.15,10.0,6,0
Chennai,13.0827,80.2707,0.0,4.41,10.0,6,2
Chennai,13.0827,80.2707,23.55,6.45,26.16,6,2
Chennai,13.0827,80.2707,9.19,3.91,22.69,6,0
Chennai,13.0827,80.2707,27.19,7.62,31.81,6,2
Chennai,13.0827,80.2707,0.0,5.26,10.0,6,2
Chennai,13.0827,80.2707,0.0,1.47,10.36,6,0
Chennai,13.0827,80.2707,0.0,4.8,10.0,6,2
Chennai,13.0827,80.2707,88.71,22.1,59.43,6,2
Chennai,13.0827,80.2707,33.22,10.04,30.79,6,2
Chennai,13.0827,80.2707,62.97,11.47,47.2,6,2
Chennai,13.0827,80.2707,58.98,15.18,50.43,6,2
Chennai,13.0827,80.2707,63.32,15.57,34.83,6,2
Chennai,13.0827,80.2707,0.0,1.88,10.0,6,0
Chennai,13.0827,80.2707,0.0,3.81,10.0,6,0
Chennai,13.0827,80.2707,35.83,9.52,24.56,6,2
Chennai,13.0827,80.2707,34.15,10.38,39.28,6,2
Chennai,13.0827,80.2707,0.0,7.2,10.0,6,2
Chennai,13.0827,80.2707,4.2,0.36,10.0,6,0
Chennai,13.0827,80.2707,0.0,3.27,10.0,6,0
Chennai,13.0827,80.2707,23.13,2.88,38.93,6,0
Chennai,13.0827,80.2707,40.86,9.62,36.95,6,2
Chennai,13.0827,80.2707,38.01,9.39,26.36,6,2
Chennai,13.0827,80.2707,0.0,0.13,11.22,6,0
Chennai,13.0827,80.2707,39.89,11.63,26.58,6,2
Chennai,13.0827,80.2707,44.12,9.11,38.5,6,2
Chennai,13.0827,80.2707,7.33,6.63,15.29,6,2
Chennai,13.0827,80.2707,43.1,13.76,38.01,6,2
Chennai,13.0827,80.2707,0.0,2.75,10.0,6,0
Chennai,13.0827,80.2707,19.21,6.07,11.64,6,2
Chennai,13.0827,80.2707,53.84,11.65,18.09,6,2
Chennai,13.0827,80.2707,22.35,8.69,10.41,6,2
Chennai,13.0827,80.2707,29.92,8.28,10.0,6,2
Chennai,13.0827,80.2707,82.6,17.35,56.17,6,2
Chennai,13.0827,80.2707,45.53,12.81,27.98,6,2
Chennai,13.0827,80.2707,30.99,8.23,23.53,6,2
Chennai,13.0827,80.2707,54.4,14.33,37.91,6,2
Chennai,13.0827,80.2707,0.0,4.39,10.0,6,2
Chennai,13.0827,80.2707,0.0,4.1,10.0,6,0
Chennai,13.0827,80.2707,0.0,1.48,10.0,6,0
Chennai,13.0827,80.2707,7.48,3.51,10.0,6,0
Chennai,13.0827,80.2707,23.1,8.21,31.15,6,2
Chennai,13.0827,80.2707,11.04,2.89,10.0,6,0
Chennai,13.0827,80.2707,0.0,4.32,11.89,6,2
Chennai,13.0827,80.2707,32.89,11.26,37.94,6,2
Chennai,13.0827,80.2707,0.0,0.69,10.0,6,0
Chennai,13.0827,80.2707,12.85,5.78,14.15,6,2
Chennai,13.0827,80.2707,11.52,7.87,22.17,6,2
Chennai,13.0827,80.2707,14.62,7.62,16.84,6,2
Chennai,13.0827,80.2707,0.54,4.62,10.0,6,2
Chennai,13.0827,80.2707,21.75,4.96,20.26,6,2
Chennai,13.0827,80.2707,0.0,4.11,10.0,6,0
Chennai,13.0827,80.2707,0.0,3.84,10.0,6,0
Chennai,13.0827,80.2707,19.34,6.87,19.42,6,2
Chennai,13.0827,80.2707,0.0,1.82,10.0,6,0
Chennai,13.0827,80.2707,18.99,10.15,10.0,6,2
Chennai,13.0827,80.2707,22.08,3.08,10.0,6,0
Chennai,13.0827,80.2707,0.0,0.29,10.0,6,0
Chennai,13.0827,80.2707,12.78,5.13,14.02,6,2
Chennai,13.0827,80.2707,16.67,6.86,19.91,6,2
Chennai,13.0827,80.2707,6.03,1.83,15.4,6,0
Chennai,13.0827,80.2707,0.0,1.13,10.0,6,0
Chennai,13.0827,80.2707,0.0,2.17,10.0,6,0
Chennai,13.0827,80.2707,11.88,3.58,10.0,6,0
Chennai,13.0827,80.2707,22.04,8.4,38.38,6,2
Chennai,13.0827,80.2707,23.52,9.99,10.0,6,2
Chennai,13.0827,80.2707,17.69,6.43,10.0,6,2
Chennai,13.0827,80.2707,9.35,6.76,12.49,6,2
Chennai,13.0827,80.2707,0.0,4.48,10.0,6,2
Chennai,13.0827,80.2707,10.03,4.4,10.0,6,2
Chennai,13.0827,80.2707,17.73,4.47,33.63,6,2
Chennai,13.0827,80.2707,0.0,1.8,10.0,6,0
Chennai,13.0827,80.2707,15.18,5.84,11.57,6,2
Chennai,13.0827,80.2707,12.75,5.09,24.13,6,2
Chennai,13.0827,80.2707,18.75,8.5,10.0,6,2
Chennai,13.0827,80.2707,5.89,3.58,10.0,6,0
Chennai,13.0827,80.2707,12.04,4.33,16.19,6,2
Chennai,13.0827,80.2707,0.0,6.44,10.0,6,2
Chennai,13.0827,80.2707,10.07,6.6,10.0,6,2
Chennai,13.0827,80.2707,18.93,4.33,29.67,6,2
Chennai,13.0827,80.2707,7.2,3.25,10.0,6,0
Chennai,13.0827,80.2707,18.32,5.5,10.0,6,2
Chennai,13.0827,80.2707,3.9,1.43,21.32,6,0
Chennai,13.0827,80.2707,0.0,4.66,10.0,6,2
Chennai,13.0827,80.2707,0.0,2.99,10.0,6,0
Chennai,13.0827,80.2707,4.36,6.26,13.71,6,2
Chennai,13.0827,80.2707,19.86,6.05,10.0,6,2
Chennai,13.0827,80.2707,0.0,3.39,10.0,6,0
Chennai,13.0827,80.2707,0.0,2.98,10.0,6,0
Chennai,13.0827,80.2707,3.11,6.21,10.0,6,2
Chennai,13.0827,80.2707,25.34,7.64,29.65,6,2
Chennai,13.0827,80.2707,29.89,11.6,12.99,6,2
Chennai,13.0827,80.2707,3.45,3.0,10.0,6,0
Chennai,13.0827,80.2707,16.61,4.64,13.97,6,2
Chennai,13.0827,80.2707,0.0,5.88,10.0,6,2
Chennai,13.0827,80.2707,7.78,3.94,17.69,6,0
Chennai,13.0827,80.2707,0.0,2.97,10.0,6,0
Chennai,13.0827,80.2707,0.65,6.58,10.0,6,2
Chennai,13.0827,80.2707,17.81,7.27,26.86,6,2
Chennai,13.0827,80.2707,0.0,1.53,10.96,6,0
Chennai,13.0827,80.2707,12.95,2.5,10.0,6,0
Chennai,13.0827,80.2707,12.41,7.16,10.0,6,2
Chennai,13.0827,80.2707,0.0,4.05,10.0,6,0
Chennai,13.0827,80.2707,0.0,-2.66,10.0,6,0
Chennai,13.0827,80.2707,8.8,4.31,20.93,6,2
Chennai,13.0827,80.2707,15.92,9.42,10.0,6,2
Chennai,13.0827,80.2707,6.52,1.07,10.0,6,0
Chennai,13.0827,80.2707,3.52,4.96,10.0,6,2
Chennai,13.0827,80.2707,15.73,7.55,34.13,6,2
Chennai,13.0827,80.2707,2.59,1.64,10.0,6,0
Chennai,13.0827,80.2707,0.0,5.96,10.0,6,2
Chennai,13.0827,80.2707,0.0,2.06,10.0,6,0
Chennai,13.0827,80.2707,4.79,2.67,20.49,6,0
Chennai,13.0827,80.2707,0.0,3.07,10.0,6,0
Chennai,13.0827,80.2707,0.0,3.96,10.0,6,0
Chennai,13.0827,80.2707,18.52,4.78,21.74,6,2
Chennai,13.0827,80.2707,22.48,9.22,20.5,6,2
Chennai,13.0827,80.2707,3.76,2.6,17.72,6,0
Chennai,13.0827,80.2707,0.0,0.93,10.0,6,0
Chennai,13.0827,80.2707,0.0,1.1,10.0,6,0
Chennai,13.0827,80.2707,0.24,2.88,10.0,6,0
Chennai,13.0827,80.2707,20.32,8.12,14.35,6,2
Chennai,13.0827,80.2707,4.23,4.87,16.11,6,2
Chennai,13.0827,80.2707,8.77,3.82,10.0,6,0
Chennai,13.0827,80.2707,0.0,4.33,10.0,6,2
Chennai,13.0827,80.2707,15.08,5.76,26.14,6,2
Chennai,13.0827,80.2707,0.22,4.96,10.0,6,2
Chennai,13.0827,80.2707,0.0,4.19,10.0,6,0
Chennai,13.0827,80.2707,12.0,5.56,10.0,6,2
Chennai,13.0827,80.2707,40.44,13.46,39.58,6,2
Chennai,13.0827,80.2707,8.57,6.73,12.03,6,2
Chennai,13.0827,80.2707,7.37,3.87,10.0,6,0
Chennai,13.0827,80.2707,0.0,3.42,10.0,6,0
Chennai,13.0827,80.2707,29.3,8.9,11.55,6,2
Chennai,13.0827,80.2707,6.3,2.17,10.0,6,0
Kolkata,22.5726,88.3639,13.45,9.1,10.0,9,2
Kolkata,22.5726,88.3639,9.08,3.59,14.28,9,0
Kolkata,22.5726,88.3639,17.32,8.96,13.87,9,2
Kolkata,22.5726,88.3639,15.55,10.82,10.0,9,2
Kolkata,22.5726,88.3639,10.86,4.5,10.0,9,0
Kolkata,22.5726,88.3639,10.16,8.74,10.0,9,2
Kolkata,22.5726,88.3639,4.49,4.58,10.0,9,0
Kolkata,22.5726,88.3639,13.51,4.21,23.62,9,0
Kolkata,22.5726,88.3639,0.0,5.94,10.0,9,0
Kolkata,22.5726,88.3639,19.87,9.82,19.74,9,2
Kolkata,22.5726,88.3639,0.0,5.0,10.0,9,0
Kolkata,22.5726,88.3639,4.2,7.4,11.33,9,2
Kolkata,22.5726,88.3639,8.76,4.3,13.46,9,0
Kolkata,22.5726,88.3639,8.83,1.63,14.89,9,0
Kolkata,22.5726,88.3639,8.09,8.52,10.0,9,2
Kolkata,22.5726,88.3639,0.0,5.06,10.0,9,0
Kolkata,22.5726,88.3639,0.0,2.54,27.55,9,0
Kolkata,22.5726,88.3639,3.3,6.62,10.0,9,2
Kolkata,22.5726,88.3639,0.0,4.16,10.0,9,0
Kolkata,22.5726,88.3639,1.7,4.61,10.0,9,0
Kolkata,22.5726,88.3639,5.95,3.16,10.0,9,0
Kolkata,22.5726,88.3639,0.0,0.4,10.0,9,0
Kolkata,22.5726,88.3639,17.12,7.81,10.0,9,2
Kolkata,22.5726,88.3639,0.0,3.97,10.0,9,0
Kolkata,22.5726,88.3639,0.0,5.8,14.27,9,0
Kolkata,22.5726,88.3639,1.37,6.29,10.0,9,0
Kolkata,22.5726,88.3639,19.71,6.83,18.84,9,2
Kolkata,22.5726,88.3639,4.29,8.0,10.0,9,2
Kolkata,22.5726,88.3639,19.17,7.77,13.75,9,2
Kolkata,22.5726,88.3639,5.37,3.88,10.0,9,0
Kolkata,22.5726,88.3639,7.43,6.47,10.0,9,2
Kolkata,22.5726,88.3639,22.07,10.76,10.0,9,2
Kolkata,22.5726,88.3639,23.27,6.78,24.49,9,2
Kolkata,22.5726,88.3639,19.04,4.48,16.16,9,0
Kolkata,22.5726,88.3639,0.54,3.09,13.94,9,0
Kolkata,22.5726,88.3639,0.0,2.89,10.0,9,0
Kolkata,22.5726,88.3639,20.16,8.25,27.79,9,2
Kolkata,22.5726,88.3639,17.53,3.65,10.0,9,0
Kolkata,22.5726,88.3639,0.0,5.46,10.0,9,0
Kolkata,22.5726,88.3639,51.83,15.93,42.96,9,2
Kolkata,22.5726,88.3639,28.59,14.9,31.58,9,2
Kolkata,22.5726,88.3639,24.63,9.69,18.29,9,2
Kolkata,22.5726,88.3639,0.41,2.93,10.0,9,0
Kolkata,22.5726,88.3639,0.0,4.35,10.0,9,0
Kolkata,22.5726,88.3639,11.75,6.78,10.87,9,2
Kolkata,22.5726,88.3639,0.0,10.65,13.6,9,2
Kolkata,22.5726,88.3639,0.0,4.97,10.0,9,0
Kolkata,22.5726,88.3639,0.0,1.82,10.0,9,0
Kolkata,22.5726,88.3639,0.0,6.44,10.0,9,2
Kolkata,22.5726,88.3639,31.86,9.17,30.24,9,2
Kolkata,22.5726,88.3639,19.25,7.4,10.0,9,2
Kolkata,22.5726,88.3639,35.86,12.13,35.05,9,2
Kolkata,22.5726,88.3639,0.0,2.06,10.0,9,0
Kolkata,22.5726,88.3639,6.39,3.65,10.0,9,0
Kolkata,22.5726,88.3639,0.0,2.26,10.0,9,0
Kolkata,22.5726,88.3639,18.76,7.47,10.0,9,2
Kolkata,22.5726,88.3639,0.0,3.75,10.0,9,0
Kolkata,22.5726,88.3639,24.28,8.36,10.0,9,2
Kolkata,22.5726,88.3639,13.05,5.46,10.0,9,0
Kolkata,22.5726,88.3639,31.03,12.36,26.4,9,2
Kolkata,22.5726,88.3639,0.0,4.92,10.63,9,0
Kolkata,22.5726,88.3639,2.11,7.63,14.62,9,2
Kolkata,22.5726,88.3639,36.78,12.47,35.3,9,2
Kolkata,22.5726,88.3639,32.54,11.9,21.02,9,2
Kolkata,22.5726,88.3639,0.87,5.15,10.0,9,0
Kolkata,22.5726,88.3639,6.06,7.91,10.0,9,2
Kolkata,22.5726,88.3639,34.59,13.66,23.07,9,2
Kolkata,22.5726,88.3639,17.74,8.05,26.49,9,2
Kolkata,22.5726,88.3639,25.21,6.74,26.04,9,2
Kolkata,22.5726,88.3639,5.0,5.67,10.0,9,0
Kolkata,22.5726,88.3639,38.22,14.22,23.18,9,2
Kolkata,22.5726,88.3639,0.0,3.73,10.0,9,0
Kolkata,22.5726,88.3639,12.58,9.52,17.97,9,2
Kolkata,22.5726,88.3639,24.98,10.15,10.0,9,2
Kolkata,22.5726,88.3639,5.17,7.65,10.0,9,2
Kolkata,22.5726,88.3639,17.05,7.27,10.0,9,2
Kolkata,22.5726,88.3639,6.4,6.4,10.0,9,2
Kolkata,22.5726,88.3639,4.49,3.52,14.79,9,0
Kolkata,22.5726,88.3639,3.49,8.1,18.08,9,2
Kolkata,22.5726,88.3639,7.12,3.91,10.0,9,0
Kolkata,22.5726,88.3639,0.0,1.75,13.78,9,0
Kolkata,22.5726,88.3639,10.47,7.37,10.0,9,2
Kolkata,22.5726,88.3639,0.0,6.27,10.0,9,0
Kolkata,22.5726,88.3639,6.0,6.83,21.16,9,2
Kolkata,22.5726,88.3639,4.74,5.59,10.0,9,0
Kolkata,22.5726,88.3639,49.17,10.13,46.16,9,2
Kolkata,22.5726,88.3639,6.55,6.94,10.0,9,2
Kolkata,22.5726,88.3639,7.67,7.46,37.26,9,2
Kolkata,22.5726,88.3639,22.24,7.25,13.55,9,2
Kolkata,22.5726,88.3639,0.79,1.07,10.0,9,0
Kolkata,22.5726,88.3639,20.96,6.14,27.25,9,0
Kolkata,22.5726,88.3639,16.79,6.39,12.02,9,2
Kolkata,22.5726,88.3639,35.67,13.1,28.63,9,2
Kolkata,22.5726,88.3639,4.46,5.55,10.0,9,0
Kolkata,22.5726,88.3639,0.0,8.58,10.0,9,2
Kolkata,22.5726,88.3639,15.27,7.44,10.0,9,2
Kolkata,22.5726,88.3639,5.34,2.37,27.04,9,0
Kolkata,22.5726,88.3639,0.0,2.44,10.0,9,0
Kolkata,22.5726,88.3639,30.4,10.61,11.96,9,2
Kolkata,22.5726,88.3639,29.82,11.93,29.24,9,2
Kolkata,22.5726,88.3639,20.67,13.42,38.38,9,2
Kolkata,22.5726,88.3639,0.0,7.75,10.0,9,2
Kolkata,22.5726,88.3639,16.98,4.51,11.88,9,0
Kolkata,22.5726,88.3639,0.0,6.16,10.71,9,0
Kolkata,22.5726,88.3639,0.0,4.46,11.22,9,0
Kolkata,22.5726,88.3639,5.33,7.02,10.0,9,2
Kolkata,22.5726,88.3639,14.31,6.82,10.0,9,2
Kolkata,22.5726,88.3639,0.0,5.92,10.0,9,0
Kolkata,22.5726,88.3639,6.15,4.88,10.0,9,0
Kolkata,22.5726,88.3639,26.3,9.09,10.0,9,2
Kolkata,22.5726,88.3639,21.14,8.32,17.23,9,2
Kolkata,22.5726,88.3639,35.83,11.62,31.55,9,2
Kolkata,22.5726,88.3639,0.0,4.06,10.0,9,0
Kolkata,22.5726,88.3639,0.0,4.9,10.0,9,0
Kolkata,22.5726,88.3639,9.2,8.41,10.71,9,2
Kolkata,22.5726,88.3639,33.63,9.24,28.26,9,2
Kolkata,22.5726,88.3639,9.94,4.35,17.51,9,0
Kolkata,22.5726,88.3639,48.02,14.07,43.47,9,2
Kolkata,22.5726,88.3639,9.94,5.06,10.0,9,0
Kolkata,22.5726,88.3639,0.0,1.72,17.04,9,0
Kolkata,22.5726,88.3639,6.54,5.12,14.13,9,0
Kolkata,22.5726,88.3639,0.0,2.97,10.0,9,0
Kolkata,22.5726,88.3639,25.99,10.7,23.27,9,2
Kolkata,22.5726,88.3639,9.83,7.27,10.0,9,2
Kolkata,22.5726,88.3639,0.0,4.59,10.0,9,0
Kolkata,22.5726,88.3639,9.88,5.51,33.3,9,0
Kolkata,22.5726,88.3639,7.82,3.26,10.0,9,0
Kolkata,22.5726,88.3639,17.33,11.31,10.0,9,2
Kolkata,22.5726,88.3639,0.0,6.13,10.0,9,0
Kolkata,22.5726,88.3639,1.09,4.2,10.0,9,0
Kolkata,22.5726,88.3639,20.22,7.18,13.44,9,2
Kolkata,22.5726,88.3639,8.26,6.45,10.0,9,2
Kolkata,22.5726,88.3639,15.91,9.37,16.66,9,2
Kolkata,22.5726,88.3639,16.21,4.58,13.47,9,0
Kolkata,22.5726,88.3639,16.65,9.29,10.0,9,2
Kolkata,22.5726,88.3639,0.0,3.35,10.0,9,0
Kolkata,22.5726,88.3639,26.08,8.9,29.94,9,2
Kolkata,22.5726,88.3639,10.6,6.37,10.0,9,2
Kolkata,22.5726,88.3639,21.19,9.39,39.71,9,2
Kolkata,22.5726,88.3639,0.0,5.54,10.0,9,0
Kolkata,22.5726,88.3639,0.0,4.48,10.0,9,0
Kolkata,22.5726,88.3639,58.11,15.75,35.19,9,2
Kolkata,22.5726,88.3639,13.14,2.98,10.0,9,0
Kolkata,22.5726,88.3639,8.77,7.84,16.75,9,2
Kolkata,22.5726,88.3639,0.0,4.2,10.0,9,0
Kolkata,22.5726,88.3639,0.0,5.12,10.0,9,0
Kolkata,22.5726,88.3639,1.45,2.8,10.0,9,0
Kolkata,22.5726,88.3639,39.12,9.72,12.77,9,2
Kolkata,22.5726,88.3639,6.38,5.81,10.0,9,0
Kolkata,22.5726,88.3639,0.91,4.28,10.0,9,0
Kolkata,22.5726,88.3639,97.0,19.99,80.15,9,2
Kolkata,22.5726,88.3639,0.0,3.23,10.0,9,0
Kolkata,22.5726,88.3639,47.3,12.78,28.94,9,2
Kolkata,22.5726,88.3639,0.0,2.81,10.0,9,0
Kolkata,22.5726,88.3639,10.94,5.67,18.75,9,0
Kolkata,22.5726,88.3639,149.35,36.69,100.0,9,2
Kolkata,22.5726,88.3639,0.0,4.62,10.0,9,0
Kolkata,22.5726,88.3639,21.66,9.55,22.37,9,2
Kolkata,22.5726,88.3639,26.88,8.86,21.81,9,2
Kolkata,22.5726,88.3639,0.0,4.05,10.0,9,0
Kolkata,22.5726,88.3639,207.1,43.77,100.0,9,3
Kolkata,22.5726,88.3639,1.47,8.41,10.0,9,2
Kolkata,22.5726,88.3639,0.0,3.99,22.12,9,0
Kolkata,22.5726,88.3639,35.55,11.97,36.81,9,2
Kolkata,22.5726,88.3639,22.94,7.4,18.09,9,2
Kolkata,22.5726,88.3639,124.28,28.16,83.84,9,2
Kolkata,22.5726,88.3639,38.62,13.07,26.89,9,2
Kolkata,22.5726,88.3639,43.52,12.27,19.99,9,2
Kolkata,22.5726,88.3639,0.0,2.23,10.0,9,0
Kolkata,22.5726,88.3639,0.0,7.01,10.0,9,2
Kolkata,22.5726,88.3639,30.6,11.45,17.89,9,2
Kolkata,22.5726,88.3639,29.87,12.66,18.42,9,2
Kolkata,22.5726,88.3639,0.0,5.95,21.14,9,0
Kolkata,22.5726,88.3639,30.99,9.88,32.63,9,2
Kolkata,22.5726,88.3639,0.0,1.97,10.0,9,0
Kolkata,22.5726,88.3639,0.0,7.74,10.0,9,2
Kolkata,22.5726,88.3639,0.0,7.23,10.0,9,2
Kolkata,22.5726,88.3639,0.0,1.51,10.0,9,0
Kolkata,22.5726,88.3639,118.52,27.87,100.0,9,2
Kolkata,22.5726,88.3639,67.87,17.66,51.17,9,2
Kolkata,22.5726,88.3639,84.09,22.42,59.05,9,2
Kolkata,22.5726,88.3639,14.56,5.89,10.0,9,0
Kolkata,22.5726,88.3639,11.57,9.28,10.0,9,2
Kolkata,22.5726,88.3639,0.0,1.48,10.0,9,0
Kolkata,22.5726,88.3639,9.91,7.56,14.47,9,2
Kolkata,22.5726,88.3639,15.22,9.71,14.28,9,2
Kolkata,22.5726,88.3639,37.97,12.08,14.28,9,2
Kolkata,22.5726,88.3639,0.0,3.42,10.0,9,0
Kolkata,22.5726,88.3639,51.39,17.17,31.06,9,2
Kolkata,22.5726,88.3639,0.0,3.47,10.0,9,0
Kolkata,22.5726,88.3639,4.63,6.97,10.0,9,2
Kolkata,22.5726,88.3639,45.99,10.29,31.18,9,2
Kolkata,22.5726,88.3639,11.52,10.15,10.0,9,2
Kolkata,22.5726,88.3639,0.6,0.62,10.0,9,0
Kolkata,22.5726,88.3639,72.84,19.82,62.35,9,2
Kolkata,22.5726,88.3639,41.81,11.78,42.4,9,2
Kolkata,22.5726,88.3639,0.0,2.69,10.0,9,0
Kolkata,22.5726,88.3639,9.93,6.11,10.0,9,0
Kolkata,22.5726,88.3639,106.07,25.11,66.47,9,2
Kolkata,22.5726,88.3639,0.0,2.31,10.0,9,0
Kolkata,22.5726,88.3639,42.85,14.55,38.74,9,2
Kolkata,22.5726,88.3639,34.54,12.63,22.06,9,2
Kolkata,22.5726,88.3639,0.0,3.26,10.0,9,0
Kolkata,22.5726,88.3639,10.22,8.23,10.0,9,2
Kolkata,22.5726,88.3639,59.74,13.42,44.24,9,2
Kolkata,22.5726,88.3639,0.0,3.1,10.0,9,0
Kolkata,22.5726,88.3639,15.87,7.97,23.62,9,2
Kolkata,22.5726,88.3639,0.0,4.98,10.0,9,0
Kolkata,22.5726,88.3639,0.0,5.12,10.0,9,0
Kolkata,22.5726,88.3639,0.0,2.8,10.0,9,0
Kolkata,22.5726,88.3639,0.0,6.8,10.0,9,2
Kolkata,22.5726,88.3639,7.27,4.43,14.58,9,0
Kolkata,22.5726,88.3639,0.0,5.79,10.0,9,0
Kolkata,22.5726,88.3639,29.08,9.18,11.48,9,2
Kolkata,22.5726,88.3639,24.07,6.93,17.54,9,2
Kolkata,22.5726,88.3639,0.0,2.96,10.0,9,0
Kolkata,22.5726,88.3639,0.0,3.27,10.0,9,0
Kolkata,22.5726,88.3639,35.86,13.05,22.56,9,2
Kolkata,22.5726,88.3639,19.13,10.69,10.0,9,2
Kolkata,22.5726,88.3639,0.0,6.01,10.0,9,0
Kolkata,22.5726,88.3639,0.0,8.04,19.99,9,2
Kolkata,22.5726,88.3639,44.58,16.82,24.58,9,2
Kolkata,22.5726,88.3639,57.75,18.85,44.66,9,2
Kolkata,22.5726,88.3639,0.0,4.43,10.0,9,0
Kolkata,22.5726,88.3639,74.2,17.84,68.93,9,2
Kolkata,22.5726,88.3639,0.0,3.85,10.0,9,0
Kolkata,22.5726,88.3639,63.09,17.88,54.6,9,2
Kolkata,22.5726,88.3639,5.46,5.25,20.73,9,0
Kolkata,22.5726,88.3639,19.1,8.28,21.48,9,2
Kolkata,22.5726,88.3639,0.0,4.67,10.0,9,0
Kolkata,22.5726,88.3639,0.0,5.99,10.0,9,0
Kolkata,22.5726,88.3639,45.3,12.74,46.46,9,2
Kolkata,22.5726,88.3639,4.12,9.49,10.0,9,2
Kolkata,22.5726,88.3639,27.78,5.67,38.22,9,0
Kolkata,22.5726,88.3639,70.12,19.59,63.45,9,2
Kolkata,22.5726,88.3639,34.27,10.39,35.83,9,2
Kolkata,22.5726,88.3639,0.0,-0.56,10.0,9,0
Kolkata,22.5726,88.3639,0.0,4.77,10.0,9,0
Kolkata,22.5726,88.3639,45.72,14.16,32.37,9,2
Kolkata,22.5726,88.3639,20.42,9.59,22.6,9,2
Kolkata,22.5726,88.3639,0.0,1.49,10.0,9,0
Kolkata,22.5726,88.3639,0.0,2.79,10.0,9,0
Kolkata,22.5726,88.3639,57.88,16.1,44.11,9,2
Kolkata,22.5726,88.3639,0.0,7.13,10.0,9,2
Kolkata,22.5726,88.3639,9.24,11.35,10.0,9,2
Kolkata,22.5726,88.3639,19.78,5.99,25.35,9,0
Kolkata,22.5726,88.3639,97.3,27.3,72.73,9,2
Kolkata,22.5726,88.3639,54.8,19.53,48.53,9,2
Kolkata,22.5726,88.3639,0.43,7.24,14.85,9,2
Kolkata,22.5726,88.3639,0.0,4.37,10.0,9,0
Kolkata,22.5726,88.3639,37.42,14.08,11.54,9,2
Kolkata,22.5726,88.3639,0.0,3.25,10.0,9,0
Kolkata,22.5726,88.3639,28.85,11.65,18.61,9,2
Kolkata,22.5726,88.3639,42.74,13.04,28.86,9,2
Kolkata,22.5726,88.3639,6.4,5.03,24.87,9,0
Kolkata,22.5726,88.3639,0.0,1.8,10.0,9,0
Kolkata,22.5726,88.3639,118.0,30.15,86.0,9,2
Kolkata,22.5726,88.3639,99.61,23.13,52.3,9,2
Kolkata,22.5726,88.3639,65.2,20.62,54.4,9,2
Kolkata,22.5726,88.3639,30.96,12.94,10.0,9,2
Kolkata,22.5726,88.3639,23.54,8.66,10.0,9,2
Kolkata,22.5726,88.3639,33.64,10.8,36.62,9,2
Kolkata,22.5726,88.3639,39.36,12.81,32.26,9,2
Kolkata,22.5726,88.3639,0.0,5.82,17.67,9,0
Kolkata,22.5726,88.3639,66.05,17.9,45.07,9,2
Kolkata,22.5726,88.3639,17.45,8.77,12.42,9,2
Kolkata,22.5726,88.3639,9.7,2.88,10.0,9,0
Kolkata,22.5726,88.3639,0.0,5.16,10.0,9,0
Kolkata,22.5726,88.3639,0.0,5.23,10.0,9,0
Kolkata,22.5726,88.3639,1.1,5.02,10.0,9,0
Kolkata,22.5726,88.3639,0.0,5.91,13.33,9,0
Kolkata,22.5726,88.3639,18.39,7.54,20.14,9,2
Kolkata,22.5726,88.3639,9.77,9.09,10.0,9,2
Kolkata,22.5726,88.3639,1.75,8.05,10.0,9,2
Kolkata,22.5726,88.3639,38.63,9.78,41.63,9,2
Kolkata,22.5726,88.3639,25.71,6.28,17.61,9,0
Kolkata,22.5726,88.3639,6.69,2.6,10.0,9,0
Kolkata,22.5726,88.3639,23.34,8.39,21.1,9,2
Kolkata,22.5726,88.3639,12.74,7.02,10.0,9,2
Kolkata,22.5726,88.3639,19.7,5.27,15.85,9,0
Kolkata,22.5726,88.3639,32.05,10.02,18.37,9,2
Kolkata,22.5726,88.3639,20.83,8.99,24.12,9,2
Kolkata,22.5726,88.3639,9.15,1.55,19.12,9,0
Kolkata,22.5726,88.3639,43.69,15.81,10.0,9,2
Kolkata,22.5726,88.3639,16.17,6.8,10.0,9,2
Kolkata,22.5726,88.3639,10.59,6.32,13.56,9,2
Kolkata,22.5726,88.3639,9.46,4.15,10.0,9,0
Kolkata,22.5726,88.3639,0.0,1.07,10.0,9,0
Kolkata,22.5726,88.3639,4.91,8.33,10.0,9,2
Kolkata,22.5726,88.3639,0.0,2.14,10.0,9,0
Kolkata,22.5726,88.3639,28.55,14.21,25.69,9,2
Kolkata,22.5726,88.3639,10.88,5.59,10.0,9,0
Kolkata,22.5726,88.3639,19.2,7.71,13.73,9,2
Kolkata,22.5726,88.3639,8.07,4.93,10.0,9,0
Kolkata,22.5726,88.3639,0.0,5.6,23.52,9,0
Kolkata,22.5726,88.3639,0.0,5.25,10.0,9,0
Kolkata,22.5726,88.3639,30.26,10.02,10.0,9,2
Kolkata,22.5726,88.3639,13.04,7.37,10.0,9,2
Kolkata,22.5726,88.3639,6.23,6.03,10.0,9,0
Kolkata,22.5726,88.3639,13.94,6.85,14.99,9,2
Kolkata,22.5726,88.3639,3.65,6.51,10.0,9,2
Kolkata,22.5726,88.3639,9.74,3.2,10.0,9,0
Kolkata,22.5726,88.3639,18.15,6.06,11.32,9,0
Kolkata,22.5726,88.3639,0.0,1.76,10.0,9,0
Kolkata,22.5726,88.3639,10.23,7.21,10.0,9,2
Kolkata,22.5726,88.3639,2.0,4.14,10.0,9,0
Kolkata,22.5726,88.3639,12.12,6.26,22.63,9,0
Kolkata,22.5726,88.3639,41.65,10.34,38.54,9,2
Kolkata,22.5726,88.3639,61.03,17.27,49.98,9,2
Kolkata,22.5726,88.3639,7.55,6.99,13.59,9,2
Kolkata,22.5726,88.3639,0.0,4.45,10.0,9,0
Kolkata,22.5726,88.3639,4.94,3.68,10.0,9,0
Kolkata,22.5726,88.3639,0.0,3.48,10.0,9,0
Kolkata,22.5726,88.3639,0.0,0.69,10.0,9,0
Kolkata,22.5726,88.3639,0.0,4.13,10.0,9,0
Kolkata,22.5726,88.3639,42.06,9.8,61.99,9,2
Kolkata,22.5726,88.3639,1.86,5.24,10.0,9,0
Kolkata,22.5726,88.3639,0.0,2.93,10.0,9,0
Kolkata,22.5726,88.3639,0.0,5.23,10.0,9,0
Kolkata,22.5726,88.3639,13.15,8.83,10.0,9,2
Kolkata,22.5726,88.3639,20.04,8.61,32.02,9,2
Kolkata,22.5726,88.3639,0.0,10.13,10.0,9,2
Kolkata,22.5726,88.3639,2.9,1.68,20.83,9,0
Kolkata,22.5726,88.3639,4.05,4.97,10.0,9,0
Kolkata,22.5726,88.3639,8.42,5.0,10.0,9,0
Kolkata,22.5726,88.3639,11.36,7.53,16.05,9,2
Kolkata,22.5726,88.3639,41.02,8.36,32.14,9,2
Kolkata,22.5726,88.3639,28.76,10.0,10.0,9,2
Kolkata,22.5726,88.3639,0.0,5.16,10.0,9,0
Kolkata,22.5726,88.3639,19.93,6.92,18.55,9,2
Kolkata,22.5726,88.3639,0.0,5.02,10.0,9,0
Kolkata,22.5726,88.3639,0.0,7.62,10.0,9,2
Kolkata,22.5726,88.3639,6.09,4.03,23.22,9,0
Kolkata,22.5726,88.3639,18.67,6.94,12.14,9,2
Kolkata,22.5726,88.3639,40.14,10.64,14.47,9,2
Kolkata,22.5726,88.3639,13.45,7.82,17.42,9,2
Kolkata,22.5726,88.3639,19.93,12.03,10.0,9,2
Kolkata,22.5726,88.3639,0.0,5.82,10.0,9,0
Kolkata,22.5726,88.3639,0.0,8.23,10.0,9,2
Kolkata,22.5726,88.3639,2.53,4.89,15.11,9,0
Kolkata,22.5726,88.3639,0.0,5.33,10.0,9,0
Kolkata,22.5726,88.3639,19.17,6.52,31.06,9,2
Kolkata,22.5726,88.3639,0.0,-0.42,10.0,9,0
Kolkata,22.5726,88.3639,4.06,7.48,10.0,9,2
Kolkata,22.5726,88.3639,0.0,6.42,10.0,9,2
Kolkata,22.5726,88.3639,5.46,5.27,10.0,9,0
Kolkata,22.5726,88.3639,0.0,2.65,10.0,9,0
Kolkata,22.5726,88.3639,0.0,1.78,12.28,9,0
Kolkata,22.5726,88.3639,16.8,11.39,21.28,9,2
Kolkata,22.5726,88.3639,0.0,4.69,10.0,9,0
Kolkata,22.5726,88.3639,0.0,3.61,10.0,9,0
Kolkata,22.5726,88.3639,13.17,4.35,10.0,9,0
Kolkata,22.5726,88.3639,6.07,2.34,11.99,9,0
Kolkata,22.5726,88.3639,4.61,2.64,10.0,9,0
Kolkata,22.5726,88.3639,27.21,9.18,33.67,9,2
Kolkata,22.5726,88.3639,35.23,13.59,22.85,9,2
Kolkata,22.5726,88.3639,0.0,5.13,20.92,9,0
Kolkata,22.5726,88.3639,7.9,2.1,10.0,9,0
Kolkata,22.5726,88.3639,5.38,3.38,10.0,9,0
Kolkata,22.5726,88.3639,6.84,4.3,23.2,9,0
Kolkata,22.5726,88.3639,10.22,7.48,10.0,9,2
Kolkata,22.5726,88.3639,10.09,3.21,10.0,9,0
Kolkata,22.5726,88.3639,27.01,10.32,17.62,9,2
Kolkata,22.5726,88.3639,16.76,8.86,33.32,9,2
Kolkata,22.5726,88.3639,11.27,4.63,10.0,9,0
Delhi,28.7041,77.1025,6.65,111.32,10.0,216,0
Delhi,28.7041,77.1025,4.52,107.11,10.0,216,0
Delhi,28.7041,77.1025,8.08,111.11,10.0,216,0
Delhi,28.7041,77.1025,2.05,107.34,30.56,216,0
Delhi,28.7041,77.1025,4.67,107.26,16.96,216,0
Delhi,28.7041,77.1025,11.14,113.81,29.8,216,0
Delhi,28.7041,77.1025,7.25,108.75,10.0,216,0
Delhi,28.7041,77.1025,1.25,107.44,13.4,216,0
Delhi,28.7041,77.1025,3.0,110.54,10.0,216,0
Delhi,28.7041,77.1025,0.0,104.57,10.0,216,0
Delhi,28.7041,77.1025,0.44,108.36,10.0,216,0
Delhi,28.7041,77.1025,7.22,108.39,10.0,216,0
Delhi,28.7041,77.1025,3.71,112.21,10.0,216,0
Delhi,28.7041,77.1025,16.25,110.06,10.0,216,0
Delhi,28.7041,77.1025,1.7,114.82,10.31,216,0
Delhi,28.7041,77.1025,6.62,110.91,10.0,216,0
Delhi,28.7041,77.1025,4.96,109.0,22.06,216,0
Delhi,28.7041,77.1025,2.35,107.71,10.0,216,0
Delhi,28.7041,77.1025,3.84,109.35,10.0,216,0
Delhi,28.7041,77.1025,5.72,109.61,14.71,216,0
Delhi,28.7041,77.1025,10.27,110.24,10.0,216,0
Delhi,28.7041,77.1025,0.0,111.52,10.0,216,0
Delhi,28.7041,77.1025,13.48,111.69,18.32,216,0
Delhi,28.7041,77.1025,8.63,107.28,10.0,216,0
Delhi,28.7041,77.1025,0.0,107.43,10.0,216,0
Delhi,28.7041,77.1025,0.0,109.12,10.0,216,0
Delhi,28.7041,77.1025,9.86,108.64,10.0,216,0
Delhi,28.7041,77.1025,0.0,106.84,10.0,216,0
Delhi,28.7041,77.1025,0.0,110.2,10.0,216,0
Delhi,28.7041,77.1025,0.0,108.45,10.0,216,0
Delhi,28.7041,77.1025,14.74,112.53,14.85,216,0
Delhi,28.7041,77.1025,8.43,109.42,10.0,216,0
Delhi,28.7041,77.1025,12.95,107.32,20.04,216,0
Delhi,28.7041,77.1025,2.34,107.88,10.0,216,0
Delhi,28.7041,77.1025,3.92,108.7,10.0,216,0
Delhi,28.7041,77.1025,0.0,104.19,10.0,216,0
Delhi,28.7041,77.1025,0.0,108.3,19.63,216,0
Delhi,28.7041,77.1025,0.0,105.95,10.0,216,0
Delhi,28.7041,77.1025,3.92,109.96,10.42,216,0
Delhi,28.7041,77.1025,7.97,111.53,10.0,216,0
Delhi,28.7041,77.1025,15.32,110.35,13.35,216,0
Delhi,28.7041,77.1025,10.77,111.29,10.0,216,0
Delhi,28.7041,77.1025,3.03,110.33,10.0,216,0
Delhi,28.7041,77.1025,7.5,110.28,17.84,216,0
Delhi,28.7041,77.1025,0.0,109.99,10.0,216,0
Delhi,28.7041,77.1025,13.6,116.29,26.26,216,0
Delhi,28.7041,77.1025,5.88,113.82,10.74,216,0
Delhi,28.7041,77.1025,0.0,107.92,10.0,216,0
Delhi,28.7041,77.1025,7.96,107.34,10.0,216,0
Delhi,28.7041,77.1025,0.95,109.26,10.0,216,0
Delhi,28.7041,77.1025,3.85,107.1,20.45,216,0
Delhi,28.7041,77.1025,0.0,110.6,10.0,216,0
Delhi,28.7041,77.1025,10.68,109.25,10.0,216,0
Delhi,28.7041,77.1025,3.33,107.71,10.0,216,0
Delhi,28.7041,77.1025,12.47,107.9,10.0,216,0
Delhi,28.7041,77.1025,0.0,107.81,10.0,216,0
Delhi,28.7041,77.1025,7.63,109.59,10.0,216,0
Delhi,28.7041,77.1025,5.39,109.57,11.35,216,0
Delhi,28.7041,77.1025,2.27,111.75,27.23,216,0
Delhi,28.7041,77.1025,7.24,109.9,12.04,216,0
Delhi,28.7041,77.1025,0.0,108.36,10.0,216,0
Delhi,28.7041,77.1025,6.06,107.76,10.0,216,0
Delhi,28.7041,77.1025,0.0,105.65,10.0,216,0
Delhi,28.7041,77.1025,0.0,110.13,10.0,216,0
Delhi,28.7041,77.1025,5.72,107.62,10.0,216,0
Delhi,28.7041,77.1025,0.0,107.09,10.0,216,0
Delhi,28.7041,77.1025,8.3,110.58,10.0,216,0
Delhi,28.7041,77.1025,1.78,106.81,10.93,216,0
Delhi,28.7041,77.1025,10.63,107.24,16.77,216,0
Delhi,28.7041,77.1025,0.0,107.49,10.0,216,0
Delhi,28.7041,77.1025,13.9,108.77,19.47,216,0
Delhi,28.7041,77.1025,0.0,105.52,10.0,216,0
Delhi,28.7041,77.1025,3.13,102.96,14.1,216,0
Delhi,28.7041,77.1025,0.0,107.71,13.28,216,0
Delhi,28.7041,77.1025,16.26,110.52,10.0,216,0
Delhi,28.7041,77.1025,10.74,111.88,10.0,216,0
Delhi,28.7041,77.1025,0.0,106.57,10.0,216,0
Delhi,28.7041,77.1025,4.9,107.85,10.0,216,0
Delhi,28.7041,77.1025,6.85,106.4,10.0,216,0
Delhi,28.7041,77.1025,0.0,108.22,10.0,216,0
Delhi,28.7041,77.1025,8.34,107.04,10.0,216,0
Delhi,28.7041,77.1025,0.82,111.59,10.0,216,0
Delhi,28.7041,77.1025,0.0,105.31,10.0,216,0
Delhi,28.7041,77.1025,16.43,109.41,10.0,216,0
Delhi,28.7041,77.1025,12.16,110.82,20.26,216,0
Delhi,28.7041,77.1025,0.0,107.8,13.16,216,0
Delhi,28.7041,77.1025,2.13,110.67,10.0,216,0
Delhi,28.7041,77.1025,0.0,107.97,10.0,216,0
Delhi,28.7041,77.1025,7.02,109.32,10.0,216,0
Delhi,28.7041,77.1025,0.0,104.83,10.0,216,0
Delhi,28.7041,77.1025,0.74,105.2,10.81,216,0
Delhi,28.7041,77.1025,0.0,105.26,10.0,216,0
Delhi,28.7041,77.1025,8.84,113.88,12.9,216,0
Delhi,28.7041,77.1025,12.48,108.07,31.58,216,0
Delhi,28.7041,77.1025,0.0,106.99,10.0,216,0
Delhi,28.7041,77.1025,0.0,106.15,10.0,216,0
Delhi,28.7041,77.1025,1.14,111.07,10.0,216,0
Delhi,28.7041,77.1025,0.22,102.28,10.0,216,0
Delhi,28.7041,77.1025,7.74,106.15,10.0,216,0
Delhi,28.7041,77.1025,4.16,110.76,10.0,216,0
Delhi,28.7041,77.1025,0.0,107.09,12.84,216,0
Delhi,28.7041,77.1025,9.26,109.81,17.61,216,0
Delhi,28.7041,77.1025,0.0,109.58,10.0,216,0
Delhi,28.7041,77.1025,13.6,108.59,10.0,216,0
Delhi,28.7041,77.1025,6.37,110.59,10.0,216,0
Delhi,28.7041,77.1025,5.23,110.04,10.0,216,0
Delhi,28.7041,77.1025,0.57,109.12,14.52,216,0
Delhi,28.7041,77.1025,0.0,106.32,10.0,216,0
Delhi,28.7041,77.1025,0.0,104.39,10.93,216,0
Delhi,28.7041,77.1025,0.0,107.2,10.0,216,0
Delhi,28.7041,77.1025,4.6,108.15,10.0,216,0
Delhi,28.7041,77.1025,5.06,107.04,10.0,216,0
Delhi,28.7041,77.1025,3.85,109.07,10.0,216,0
Delhi,28.7041,77.1025,15.21,111.76,10.0,216,0
Delhi,28.7041,77.1025,4.59,107.37,10.0,216,0
Delhi,28.7041,77.1025,17.35,109.94,13.1,216,0
Delhi,28.7041,77.1025,0.26,105.97,10.0,216,0
Delhi,28.7041,77.1025,3.22,110.47,10.68,216,0
Delhi,28.7041,77.1025,8.4,107.84,13.13,216,0
Delhi,28.7041,77.1025,6.99,107.36,10.0,216,0
Delhi,28.7041,77.1025,0.0,109.34,10.0,216,0
Delhi,28.7041,77.1025,11.58,109.86,13.78,216,0
Delhi,28.7041,77.1025,8.93,108.28,10.0,216,0
Delhi,28.7041,77.1025,0.0,107.3,10.0,216,0
Delhi,28.7041,77.1025,0.0,109.76,10.0,216,0
Delhi,28.7041,77.1025,4.84,107.87,10.0,216,0
Delhi,28.7041,77.1025,4.71,109.19,11.55,216,0
Delhi,28.7041,77.1025,10.81,108.78,17.26,216,0
Delhi,28.7041,77.1025,0.0,112.15,10.0,216,0
Delhi,28.7041,77.1025,7.14,107.25,10.0,216,0
Delhi,28.7041,77.1025,12.27,108.82,31.86,216,0
Delhi,28.7041,77.1025,2.97,110.55,10.0,216,0
Delhi,28.7041,77.1025,5.74,106.3,10.0,216,0
Delhi,28.7041,77.1025,10.18,109.35,10.0,216,0
Delhi,28.7041,77.1025,0.0,106.92,11.23,216,0
Delhi,28.7041,77.1025,0.0,109.43,10.0,216,0
Delhi,28.7041,77.1025,1.58,107.76,10.0,216,0
Delhi,28.7041,77.1025,0.59,109.98,10.0,216,0
Delhi,28.7041,77.1025,13.85,111.37,10.0,216,0
Delhi,28.7041,77.1025,8.84,111.02,10.0,216,0
Delhi,28.7041,77.1025,0.0,107.77,10.0,216,0
Delhi,28.7041,77.1025,15.54,112.75,12.3,216,0
Delhi,28.7041,77.1025,0.94,106.99,10.0,216,0
Delhi,28.7041,77.1025,0.0,111.8,15.74,216,0
Delhi,28.7041,77.1025,0.0,109.82,10.0,216,0
Delhi,28.7041,77.1025,6.75,106.5,10.0,216,0
Delhi,28.7041,77.1025,10.1,106.06,10.0,216,0
Delhi,28.7041,77.1025,0.79,107.24,10.0,216,0
Delhi,28.7041,77.1025,0.0,108.79,10.0,216,0
Delhi,28.7041,77.1025,15.59,108.35,12.77,216,0
Delhi,28.7041,77.1025,21.03,116.32,10.0,216,0
Delhi,28.7041,77.1025,0.0,107.75,10.0,216,0
Delhi,28.7041,77.1025,15.42,112.77,19.88,216,0
Delhi,28.7041,77.1025,0.0,107.99,10.0,216,0
Delhi,28.7041,77.1025,29.42,112.08,31.63,216,0
Delhi,28.7041,77.1025,8.23,107.08,10.0,216,0
Delhi,28.7041,77.1025,14.99,110.27,17.04,216,0
Delhi,28.7041,77.1025,24.07,115.49,34.08,216,0
Delhi,28.7041,77.1025,0.0,108.88,10.0,216,0
Delhi,28.7041,77.1025,0.0,108.66,10.0,216,0
Delhi,28.7041,77.1025,27.13,114.41,19.42,216,0
Delhi,28.7041,77.1025,0.0,106.36,10.0,216,0
Delhi,28.7041,77.1025,0.0,110.71,10.0,216,0
Delhi,28.7041,77.1025,0.0,102.76,10.0,216,0
Delhi,28.7041,77.1025,6.75,106.66,10.0,216,0
Delhi,28.7041,77.1025,16.38,112.33,22.67,216,0
Delhi,28.7041,77.1025,0.0,109.57,10.0,216,0
Delhi,28.7041,77.1025,0.0,107.08,10.0,216,0
Delhi,28.7041,77.1025,17.88,111.03,24.01,216,0
Delhi,28.7041,77.1025,0.0,106.76,11.41,216,0
Delhi,28.7041,77.1025,0.0,106.6,10.0,216,0
Delhi,28.7041,77.1025,2.75,106.01,17.32,216,0
Delhi,28.7041,77.1025,0.0,106.3,10.0,216,0
Delhi,28.7041,77.1025,9.52,108.58,10.0,216,0
Delhi,28.7041,77.1025,24.79,109.3,25.99,216,0
Delhi,28.7041,77.1025,33.92,112.96,24.3,216,0
Delhi,28.7041,77.1025,21.65,110.56,13.99,216,0
Delhi,28.7041,77.1025,14.49,115.9,25.67,216,0
Delhi,28.7041,77.1025,4.86,109.19,10.0,216,0
Delhi,28.7041,77.1025,26.88,114.7,26.23,216,0
Delhi,28.7041,77.1025,0.0,107.87,10.0,216,0
Delhi,28.7041,77.1025,21.15,109.81,24.9,216,0
Delhi,28.7041,77.1025,14.16,112.96,10.0,216,0
Delhi,28.7041,77.1025,18.19,112.62,20.23,216,0
Delhi,28.7041,77.1025,0.0,105.55,14.25,216,0
Delhi,28.7041,77.1025,29.0,115.56,29.1,216,0
Delhi,28.7041,77.1025,61.21,114.84,52.36,216,1
Delhi,28.7041,77.1025,2.13,108.28,10.66,216,0
Delhi,28.7041,77.1025,0.0,107.32,10.0,216,0
Delhi,28.7041,77.1025,12.23,108.84,10.0,216,0
Delhi,28.7041,77.1025,8.31,110.82,11.25,216,0
Delhi,28.7041,77.1025,19.23,114.36,20.22,216,0
Delhi,28.7041,77.1025,13.55,108.81,17.8,216,0
Delhi,28.7041,77.1025,0.0,105.95,10.0,216,0
Delhi,28.7041,77.1025,22.14,112.59,14.02,216,0
Delhi,28.7041,77.1025,0.0,106.36,10.0,216,0
Delhi,28.7041,77.1025,15.2,111.83,10.0,216,0
Delhi,28.7041,77.1025,2.19,105.63,10.0,216,0
Delhi,28.7041,77.1025,14.01,110.59,22.33,216,0
Delhi,28.7041,77.1025,24.95,115.79,34.14,216,0
Delhi,28.7041,77.1025,2.57,108.47,10.0,216,0
Delhi,28.7041,77.1025,42.12,116.04,20.74,216,0
Delhi,28.7041,77.1025,11.54,114.59,10.0,216,0
Delhi,28.7041,77.1025,7.88,111.89,10.0,216,0
Delhi,28.7041,77.1025,0.0,107.42,10.0,216,0
Delhi,28.7041,77.1025,3.85,105.68,10.0,216,0
Delhi,28.7041,77.1025,42.63,114.77,36.8,216,0
Delhi,28.7041,77.1025,4.25,106.49,10.0,216,0
Delhi,28.7041,77.1025,30.39,113.07,18.24,216,0
Delhi,28.7041,77.1025,0.0,111.48,10.0,216,0
Delhi,28.7041,77.1025,0.0,107.88,10.0,216,0
Delhi,28.7041,77.1025,0.0,108.38,10.0,216,0
Delhi,28.7041,77.1025,23.22,110.19,40.54,216,0
Delhi,28.7041,77.1025,22.5,112.5,10.0,216,0
Delhi,28.7041,77.1025,28.9,109.02,25.05,216,0
Delhi,28.7041,77.1025,12.34,110.39,10.0,216,0
Delhi,28.7041,77.1025,3.48,109.44,17.34,216,0
Delhi,28.7041,77.1025,0.0,108.88,10.0,216,0
Delhi,28.7041,77.1025,0.0,107.21,10.0,216,0
Delhi,28.7041,77.1025,0.0,107.21,10.0,216,0
Delhi,28.7041,77.1025,13.93,109.99,10.73,216,0
Delhi,28.7041,77.1025,0.0,111.59,10.0,216,0
Delhi,28.7041,77.1025,0.0,109.11,10.0,216,0
Delhi,28.7041,77.1025,17.29,111.86,20.42,216,0
Delhi,28.7041,77.1025,17.0,110.31,31.77,216,0
Delhi,28.7041,77.1025,0.0,111.07,10.0,216,0
Delhi,28.7041,77.1025,9.35,111.54,10.0,216,0
Delhi,28.7041,77.1025,18.31,106.25,10.18,216,0
Delhi,28.7041,77.1025,0.0,108.77,10.0,216,0
Delhi,28.7041,77.1025,13.93,109.46,12.58,216,0
Delhi,28.7041,77.1025,9.54,111.78,15.4,216,0
Delhi,28.7041,77.1025,6.62,107.53,10.06,216,0
Delhi,28.7041,77.1025,0.11,109.45,10.0,216,0
Delhi,28.7041,77.1025,5.96,109.48,10.0,216,0
Delhi,28.7041,77.1025,0.0,108.95,10.0,216,0
Delhi,28.7041,77.1025,3.09,109.55,15.59,216,0
Delhi,28.7041,77.1025,27.75,111.29,13.96,216,0
Delhi,28.7041,77.1025,26.69,113.05,10.0,216,0
Delhi,28.7041,77.1025,3.77,107.93,10.0,216,0
Delhi,28.7041,77.1025,37.68,114.95,37.44,216,0
Delhi,28.7041,77.1025,6.87,112.24,10.0,216,0
Delhi,28.7041,77.1025,0.0,108.92,10.0,216,0
Delhi,28.7041,77.1025,33.28,118.14,35.22,216,0
Delhi,28.7041,77.1025,15.99,113.37,26.92,216,0
Delhi,28.7041,77.1025,8.23,108.03,10.0,216,0
Delhi,28.7041,77.1025,0.0,111.57,10.0,216,0
Delhi,28.7041,77.1025,12.44,111.72,15.05,216,0
Delhi,28.7041,77.1025,21.35,112.93,25.33,216,0
Delhi,28.7041,77.1025,13.11,107.2,10.0,216,0
Delhi,28.7041,77.1025,0.0,105.02,10.0,216,0
Delhi,28.7041,77.1025,0.78,106.25,10.0,216,0
Delhi,28.7041,77.1025,0.0,107.64,10.0,216,0
Delhi,28.7041,77.1025,9.71,106.06,10.0,216,0
Delhi,28.7041,77.1025,14.13,111.81,20.38,216,0
Delhi,28.7041,77.1025,8.65,111.37,10.0,216,0
Delhi,28.7041,77.1025,13.51,114.04,13.71,216,0
Delhi,28.7041,77.1025,0.0,111.3,10.0,216,0
Delhi,28.7041,77.1025,7.38,109.54,22.68,216,0
Delhi,28.7041,77.1025,0.0,109.74,10.0,216,0
Delhi,28.7041,77.1025,31.64,114.0,22.82,216,0
Delhi,28.7041,77.1025,3.06,111.02,10.0,216,0
Delhi,28.7041,77.1025,7.34,108.94,10.0,216,0
Delhi,28.7041,77.1025,23.29,110.46,25.5,216,0
Delhi,28.7041,77.1025,5.49,108.19,10.0,216,0
Delhi,28.7041,77.1025,16.7,114.42,29.08,216,0
Delhi,28.7041,77.1025,2.86,111.03,10.0,216,0
Delhi,28.7041,77.1025,0.0,106.27,10.0,216,0
Delhi,28.7041,77.1025,0.0,109.39,10.0,216,0
Delhi,28.7041,77.1025,0.77,106.48,10.0,216,0
Delhi,28.7041,77.1025,0.0,108.36,10.0,216,0
Delhi,28.7041,77.1025,22.8,112.55,12.8,216,0
Delhi,28.7041,77.1025,14.95,114.66,10.0,216,0
Delhi,28.7041,77.1025,6.34,110.77,10.0,216,0
Delhi,28.7041,77.1025,0.0,107.98,10.0,216,0
Delhi,28.7041,77.1025,0.39,108.96,10.0,216,0
Delhi,28.7041,77.1025,0.0,108.22,10.0,216,0
Delhi,28.7041,77.1025,0.0,109.86,10.0,216,0
Delhi,28.7041,77.1025,0.0,107.48,10.0,216,0
Delhi,28.7041,77.1025,0.0,111.74,10.0,216,0
Delhi,28.7041,77.1025,17.65,112.4,15.04,216,0
Delhi,28.7041,77.1025,5.86,114.23,10.0,216,0
Delhi,28.7041,77.1025,0.0,106.49,10.0,216,0
Delhi,28.7041,77.1025,0.0,108.04,16.94,216,0
Delhi,28.7041,77.1025,3.91,108.2,10.0,216,0
Delhi,28.7041,77.1025,8.39,108.03,25.18,216,0
Delhi,28.7041,77.1025,14.6,111.43,11.56,216,0
Delhi,28.7041,77.1025,9.18,112.03,10.0,216,0
Delhi,28.7041,77.1025,0.0,105.36,10.0,216,0
Delhi,28.7041,77.1025,7.0,106.7,10.0,216,0
Delhi,28.7041,77.1025,0.0,106.2,10.0,216,0
Delhi,28.7041,77.1025,0.0,107.4,10.0,216,0
Delhi,28.7041,77.1025,4.12,108.74,10.0,216,0
Delhi,28.7041,77.1025,1.87,108.73,10.0,216,0
Delhi,28.7041,77.1025,0.0,111.61,10.0,216,0
Delhi,28.7041,77.1025,2.42,110.51,37.23,216,0
Delhi,28.7041,77.1025,0.0,108.9,10.0,216,0
Delhi,28.7041,77.1025,0.0,106.56,10.0,216,0
Delhi,28.7041,77.1025,2.75,105.6,11.67,216,0
Delhi,28.7041,77.1025,3.33,109.51,10.0,216,0
Delhi,28.7041,77.1025,0.8,108.73,10.0,216,0
Delhi,28.7041,77.1025,0.85,106.45,10.0,216,0
Delhi,28.7041,77.1025,0.0,110.68,10.0,216,0
Delhi,28.7041,77.1025,9.98,112.13,10.0,216,0
Delhi,28.7041,77.1025,0.0,113.12,17.51,216,0
Delhi,28.7041,77.1025,2.81,109.08,10.0,216,0
Delhi,28.7041,77.1025,5.59,107.68,10.0,216,0
Delhi,28.7041,77.1025,0.0,108.04,10.0,216,0
Delhi,28.7041,77.1025,2.6,106.37,10.0,216,0
Delhi,28.7041,77.1025,8.12,110.12,10.0,216,0
Delhi,28.7041,77.1025,8.27,110.62,21.08,216,0
Delhi,28.7041,77.1025,0.24,107.19,10.0,216,0
Delhi,28.7041,77.1025,0.43,110.01,13.34,216,0
Delhi,28.7041,77.1025,8.76,106.16,17.84,216,0
Delhi,28.7041,77.1025,0.0,109.8,10.0,216,0
Delhi,28.7041,77.1025,7.22,106.78,17.48,216,0
Delhi,28.7041,77.1025,0.0,106.66,10.0,216,0
Delhi,28.7041,77.1025,0.0,108.19,18.06,216,0
Delhi,28.7041,77.1025,19.0,111.99,26.37,216,0
Delhi,28.7041,77.1025,4.39,109.88,10.0,216,0
Delhi,28.7041,77.1025,4.17,109.91,10.0,216,0
Delhi,28.7041,77.1025,2.54,108.39,10.29,216,0
Delhi,28.7041,77.1025,0.0,107.9,19.12,216,0
Delhi,28.7041,77.1025,9.98,112.7,10.0,216,0
Delhi,28.7041,77.1025,4.93,110.99,19.54,216,0
Delhi,28.7041,77.1025,0.0,105.37,13.09,216,0
Delhi,28.7041,77.1025,1.34,106.92,10.0,216,0
Delhi,28.7041,77.1025,0.0,105.2,20.91,216,0
Delhi,28.7041,77.1025,2.87,108.46,10.0,216,0
Delhi,28.7041,77.1025,8.77,111.65,17.76,216,0
Delhi,28.7041,77.1025,0.0,107.4,10.0,216,0
Delhi,28.7041,77.1025,0.0,107.99,10.0,216,0
Delhi,28.7041,77.1025,7.71,105.99,13.32,216,0
Delhi,28.7041,77.1025,1.6,109.73,10.0,216,0
Delhi,28.7041,77.1025,12.65,113.24,23.58,216,0
Delhi,28.7041,77.1025,11.66,110.92,10.0,216,0
Delhi,28.7041,77.1025,8.24,111.11,10.0,216,0
Delhi,28.7041,77.1025,5.43,109.02,10.0,216,0
Delhi,28.7041,77.1025,10.74,110.26,29.08,216,0
Delhi,28.7041,77.1025,0.0,106.89,10.0,216,0
Delhi,28.7041,77.1025,9.82,110.76,10.96,216,0
Delhi,28.7041,77.1025,0.0,105.69,10.0,216,0
Delhi,28.7041,77.1025,0.0,106.94,10.0,216,0
Delhi,28.7041,77.1025,0.0,111.21,12.24,216,0
Delhi,28.7041,77.1025,0.0,106.14,10.0,216,0
Delhi,28.7041,77.1025,0.0,109.53,10.0,216,0
Delhi,28.7041,77.1025,5.76,106.11,12.59,216,0
Delhi,28.7041,77.1025,0.0,108.02,10.0,216,0
Delhi,28.7041,77.1025,0.0,105.69,10.0,216,0
Delhi,28.7041,77.1025,5.39,111.18,10.0,216,0
Delhi,28.7041,77.1025,3.86,105.32,10.0,216,0
Delhi,28.7041,77.1025,2.84,112.47,10.0,216,0
Delhi,28.7041,77.1025,12.22,111.64,10.0,216,0
Delhi,28.7041,77.1025,3.7,109.21,10.0,216,0
Delhi,28.7041,77.1025,0.69,107.73,16.61,216,0
Delhi,28.7041,77.1025,0.0,110.41,10.0,216,0
Delhi,28.7041,77.1025,0.0,110.36,10.0,216,0
Delhi,28.7041,77.1025,10.53,111.71,29.02,216,0
Delhi,28.7041,77.1025,6.35,108.96,10.0,216,0
Delhi,28.7041,77.1025,10.46,108.53,10.0,216,0
Delhi,28.7041,77.1025,1.15,104.02,10.0,216,0
Delhi,28.7041,77.1025,0.0,108.11,10.0,216,0
Delhi,28.7041,77.1025,0.14,111.38,10.0,216,0
Delhi,28.7041,77.1025,10.15,111.38,10.0,216,0
Delhi,28.7041,77.1025,19.26,111.73,10.0,216,0
Delhi,28.7041,77.1025,0.0,107.56,10.0,216,0
Patna,25.5941,85.1376,7.23,27.35,12.12,53,0
Patna,25.5941,85.1376,1.35,22.9,10.0,53,0
Patna,25.5941,85.1376,0.0,27.21,10.0,53,0
Patna,25.5941,85.1376,7.96,30.72,10.0,53,0
Patna,25.5941,85.1376,18.74,29.38,32.52,53,0
Patna,25.5941,85.1376,1.62,25.14,10.0,53,0
Patna,25.5941,85.1376,0.77,24.97,10.0,53,0
Patna,25.5941,85.1376,5.46,30.28,10.0,53,0
Patna,25.5941,85.1376,6.28,29.01,10.0,53,0
Patna,25.5941,85.1376,21.72,30.69,15.53,53,0
Patna,25.5941,85.1376,13.11,29.32,10.0,53,0
Patna,25.5941,85.1376,12.19,27.63,10.0,53,0
Patna,25.5941,85.1376,0.0,29.21,10.0,53,0
Patna,25.5941,85.1376,10.75,28.72,10.0,53,0
Patna,25.5941,85.1376,9.72,29.39,13.67,53,0
Patna,25.5941,85.1376,0.0,29.23,10.0,53,0
Patna,25.5941,85.1376,14.24,30.83,10.0,53,0
Patna,25.5941,85.1376,13.93,28.51,10.0,53,0
Patna,25.5941,85.1376,20.01,28.95,10.0,53,0
Patna,25.5941,85.1376,1.16,27.28,10.0,53,0
Patna,25.5941,85.1376,12.58,26.34,10.0,53,0
Patna,25.5941,85.1376,4.61,31.22,10.0,53,0
Patna,25.5941,85.1376,19.02,30.38,10.38,53,0
Patna,25.5941,85.1376,3.04,26.77,10.0,53,0
Patna,25.5941,85.1376,22.5,31.72,29.87,53,0
Patna,25.5941,85.1376,0.0,25.67,10.0,53,0
Patna,25.5941,85.1376,9.77,27.74,15.12,53,0
Patna,25.5941,85.1376,0.0,26.59,10.0,53,0
Patna,25.5941,85.1376,0.0,30.74,10.0,53,0
Patna,25.5941,85.1376,0.0,26.82,10.0,53,0
Patna,25.5941,85.1376,5.02,29.49,11.49,53,0
Patna,25.5941,85.1376,9.57,29.32,10.0,53,0
Patna,25.5941,85.1376,27.31,29.0,23.24,53,0
Patna,25.5941,85.1376,6.78,29.48,10.0,53,0
Patna,25.5941,85.1376,0.0,26.81,10.0,53,0
Patna,25.5941,85.1376,23.88,28.73,30.65,53,0
Patna,25.5941,85.1376,34.41,32.63,14.62,53,0
Patna,25.5941,85.1376,1.12,26.75,10.0,53,0
Patna,25.5941,85.1376,0.0,29.61,10.0,53,0
Patna,25.5941,85.1376,0.0,28.71,10.0,53,0
Patna,25.5941,85.1376,3.55,33.45,10.0,53,0
Patna,25.5941,85.1376,0.0,26.39,10.0,53,0
Patna,25.5941,85.1376,7.93,29.41,10.0,53,0
Patna,25.5941,85.1376,26.25,32.24,28.27,53,0
Patna,25.5941,85.1376,0.0,29.07,10.0,53,0
Patna,25.5941,85.1376,9.33,26.5,10.0,53,0
Patna,25.5941,85.1376,14.26,28.46,10.0,53,0
Patna,25.5941,85.1376,0.0,27.9,10.0,53,0
Patna,25.5941,85.1376,4.59,27.45,10.0,53,0
Patna,25.5941,85.1376,0.0,27.17,10.0,53,0
Patna,25.5941,85.1376,18.68,32.17,22.14,53,0
Patna,25.5941,85.1376,27.84,31.9,28.76,53,0
Patna,25.5941,85.1376,0.0,31.4,19.84,53,0
Patna,25.5941,85.1376,6.14,28.5,18.51,53,0
Patna,25.5941,85.1376,4.23,26.03,12.13,53,0
Patna,25.5941,85.1376,6.94,28.25,10.0,53,0
Patna,25.5941,85.1376,0.0,26.97,10.0,53,0
Patna,25.5941,85.1376,3.29,30.03,10.0,53,0
Patna,25.5941,85.1376,0.0,26.37,10.0,53,0
Patna,25.5941,85.1376,15.24,28.0,25.87,53,0
Patna,25.5941,85.1376,29.6,32.34,36.18,53,0
Patna,25.5941,85.1376,0.0,28.65,10.47,53,0
Patna,25.5941,85.1376,16.36,29.74,10.0,53,0
Patna,25.5941,85.1376,0.0,25.25,10.0,53,0
Patna,25.5941,85.1376,7.47,27.16,10.0,53,0
Patna,25.5941,85.1376,0.0,25.07,11.21,53,0
Patna,25.5941,85.1376,0.0,25.47,10.0,53,0
Patna,25.5941,85.1376,10.07,29.43,10.0,53,0
Patna,25.5941,85.1376,18.26,33.02,10.0,53,0
Patna,25.5941,85.1376,0.0,25.6,10.0,53,0
Patna,25.5941,85.1376,8.69,24.34,10.0,53,0
Patna,25.5941,85.1376,24.47,29.54,32.01,53,0
Patna,25.5941,85.1376,10.26,24.93,14.56,53,0
Patna,25.5941,85.1376,4.59,26.51,10.0,53,0
Patna,25.5941,85.1376,11.7,30.25,21.14,53,0
Patna,25.5941,85.1376,10.9,25.93,10.0,53,0
Patna,25.5941,85.1376,41.32,36.21,56.75,53,0
Patna,25.5941,85.1376,22.75,31.53,21.21,53,0
Patna,25.5941,85.1376,5.56,24.14,10.0,53,0
Patna,25.5941,85.1376,20.53,29.41,20.54,53,0
Patna,25.5941,85.1376,16.22,27.92,10.0,53,0
Patna,25.5941,85.1376,0.0,24.86,10.0,53,0
Patna,25.5941,85.1376,0.0,29.34,10.0,53,0
Patna,25.5941,85.1376,7.52,27.0,17.8,53,0
Patna,25.5941,85.1376,21.73,32.57,20.45,53,0
Patna,25.5941,85.1376,3.23,24.76,22.02,53,0
Patna,25.5941,85.1376,0.0,27.83,10.6,53,0
Patna,25.5941,85.1376,0.0,28.58,10.0,53,0
Patna,25.5941,85.1376,26.74,30.91,10.0,53,0
Patna,25.5941,85.1376,0.0,26.92,10.0,53,0
Patna,25.5941,85.1376,1.28,22.94,10.0,53,0
Patna,25.5941,85.1376,29.67,33.36,29.83,53,0
Patna,25.5941,85.1376,12.87,29.87,19.61,53,0
Patna,25.5941,85.1376,10.74,28.02,10.0,53,0
Patna,25.5941,85.1376,3.01,27.73,10.0,53,0
Patna,25.5941,85.1376,9.77,29.33,16.15,53,0
Patna,25.5941,85.1376,21.39,30.93,10.0,53,0
Patna,25.5941,85.1376,1.86,26.96,10.0,53,0
Patna,25.5941,85.1376,22.66,31.32,21.94,53,0
Patna,25.5941,85.1376,22.39,29.72,23.65,53,0
Patna,25.5941,85.1376,4.68,27.07,10.0,53,0
Patna,25.5941,85.1376,25.99,30.95,27.78,53,0
Patna,25.5941,85.1376,0.0,28.86,10.52,53,0
Patna,25.5941,85.1376,7.17,27.48,10.0,53,0
Patna,25.5941,85.1376,33.47,29.67,34.59,53,0
Patna,25.5941,85.1376,0.0,26.46,10.0,53,0
Patna,25.5941,85.1376,0.86,26.65,10.0,53,0
Patna,25.5941,85.1376,18.35,26.58,20.08,53,0
Patna,25.5941,85.1376,2.08,24.57,10.0,53,0
Patna,25.5941,85.1376,0.0,26.58,10.0,53,0
Patna,25.5941,85.1376,11.54,26.96,10.0,53,0
Patna,25.5941,85.1376,9.53,26.86,10.0,53,0
Patna,25.5941,85.1376,0.0,27.76,17.65,53,0
Patna,25.5941,85.1376,39.51,34.58,39.49,53,0
Patna,25.5941,85.1376,0.0,29.51,10.0,53,0
Patna,25.5941,85.1376,0.19,29.01,10.0,53,0
Patna,25.5941,85.1376,0.5,27.55,10.0,53,0
Patna,25.5941,85.1376,18.26,28.04,10.0,53,0
Patna,25.5941,85.1376,0.0,28.02,10.0,53,0
Patna,25.5941,85.1376,0.0,25.29,10.0,53,0
Patna,25.5941,85.1376,0.0,24.2,21.11,53,0
Patna,25.5941,85.1376,0.0,25.85,10.0,53,0
Patna,25.5941,85.1376,0.94,27.93,10.24,53,0
Patna,25.5941,85.1376,2.33,24.49,14.61,53,0
Patna,25.5941,85.1376,4.86,30.93,10.0,53,0
Patna,25.5941,85.1376,8.34,32.01,10.0,53,0
Patna,25.5941,85.1376,3.29,27.75,10.0,53,0
Patna,25.5941,85.1376,2.26,26.28,10.0,53,0
Patna,25.5941,85.1376,20.75,31.57,19.1,53,0
Patna,25.5941,85.1376,15.7,29.11,10.0,53,0
Patna,25.5941,85.1376,0.0,26.5,10.0,53,0
Patna,25.5941,85.1376,0.0,25.47,21.25,53,0
Patna,25.5941,85.1376,0.0,26.14,17.26,53,0
Patna,25.5941,85.1376,7.46,29.5,10.0,53,0
Patna,25.5941,85.1376,0.0,22.02,10.0,53,0
Patna,25.5941,85.1376,0.0,24.9,10.0,53,0
Patna,25.5941,85.1376,26.94,36.7,23.72,53,0
Patna,25.5941,85.1376,0.42,24.23,10.0,53,0
Patna,25.5941,85.1376,27.39,31.48,10.0,53,0
Patna,25.5941,85.1376,14.04,31.28,10.0,53,0
Patna,25.5941,85.1376,8.12,29.03,10.0,53,0
Patna,25.5941,85.1376,0.0,28.53,10.0,53,0
Patna,25.5941,85.1376,0.0,22.4,12.61,53,0
Patna,25.5941,85.1376,13.4,29.36,10.0,53,0
Patna,25.5941,85.1376,0.0,24.35,10.0,53,0
Patna,25.5941,85.1376,0.0,25.03,10.0,53,0
Patna,25.5941,85.1376,13.32,29.08,18.6,53,0
Patna,25.5941,85.1376,22.19,33.05,22.46,53,0
Patna,25.5941,85.1376,6.14,25.77,12.31,53,0
Patna,25.5941,85.1376,26.16,32.42,40.1,53,0
Patna,25.5941,85.1376,0.0,24.19,10.0,53,0
Patna,25.5941,85.1376,63.76,37.52,48.87,53,2
Patna,25.5941,85.1376,0.0,24.24,10.0,53,0
Patna,25.5941,85.1376,0.0,25.78,10.0,53,0
Patna,25.5941,85.1376,55.84,36.5,48.46,53,1
Patna,25.5941,85.1376,0.0,25.03,10.0,53,0
Patna,25.5941,85.1376,0.0,26.44,10.0,53,0
Patna,25.5941,85.1376,18.35,32.55,21.35,53,0
Patna,25.5941,85.1376,11.4,31.51,18.02,53,0
Patna,25.5941,85.1376,39.54,35.2,33.33,53,0
Patna,25.5941,85.1376,0.0,27.72,10.0,53,0
Patna,25.5941,85.1376,0.0,23.35,10.0,53,0
Patna,25.5941,85.1376,29.03,32.82,12.38,53,0
Patna,25.5941,85.1376,5.3,28.17,10.0,53,0
Patna,25.5941,85.1376,0.0,25.23,10.0,53,0
Patna,25.5941,85.1376,2.97,27.57,10.0,53,0
Patna,25.5941,85.1376,0.0,25.72,10.97,53,0
Patna,25.5941,85.1376,39.67,31.81,35.68,53,0
Patna,25.5941,85.1376,0.0,25.49,10.0,53,0
Patna,25.5941,85.1376,0.0,28.7,10.0,53,0
Patna,25.5941,85.1376,0.0,27.29,10.0,53,0
Patna,25.5941,85.1376,0.0,30.2,10.0,53,0
Patna,25.5941,85.1376,0.0,25.78,10.0,53,0
Patna,25.5941,85.1376,12.19,24.8,10.65,53,0
Patna,25.5941,85.1376,1.57,26.83,10.0,53,0
Patna,25.5941,85.1376,56.64,35.83,34.73,53,1
Patna,25.5941,85.1376,75.4,40.81,39.79,53,2
Patna,25.5941,85.1376,0.0,29.54,10.0,53,0
Patna,25.5941,85.1376,42.78,33.38,39.94,53,0
Patna,25.5941,85.1376,27.59,33.81,28.49,53,0
Patna,25.5941,85.1376,0.0,25.53,10.0,53,0
Patna,25.5941,85.1376,0.0,27.17,10.0,53,0
Patna,25.5941,85.1376,0.0,25.02,10.0,53,0
Patna,25.5941,85.1376,12.92,30.15,10.0,53,0
Patna,25.5941,85.1376,11.23,31.83,10.0,53,0
Patna,25.5941,85.1376,43.14,34.13,39.94,53,0
Patna,25.5941,85.1376,5.89,27.29,10.0,53,0
Patna,25.5941,85.1376,89.31,45.6,86.01,53,2
Patna,25.5941,85.1376,28.0,29.28,11.09,53,0
Patna,25.5941,85.1376,53.61,35.91,52.83,53,1
Patna,25.5941,85.1376,0.0,25.9,10.0,53,0
Patna,25.5941,85.1376,31.4,33.45,11.79,53,0
Patna,25.5941,85.1376,9.35,29.04,12.98,53,0
Patna,25.5941,85.1376,0.0,25.9,10.0,53,0
Patna,25.5941,85.1376,11.19,31.61,10.0,53,0
Patna,25.5941,85.1376,54.33,38.11,45.13,53,2
Patna,25.5941,85.1376,42.24,35.43,33.9,53,0
Patna,25.5941,85.1376,0.0,26.74,10.0,53,0
Patna,25.5941,85.1376,146.95,56.93,100.0,53,2
Patna,25.5941,85.1376,105.55,46.35,90.44,53,2
Patna,25.5941,85.1376,30.82,31.04,31.47,53,0
Patna,25.5941,85.1376,48.74,36.29,42.16,53,0
Patna,25.5941,85.1376,61.2,37.29,56.93,53,2
Patna,25.5941,85.1376,67.86,37.26,41.31,53,2
Patna,25.5941,85.1376,69.59,41.84,55.39,53,2
Patna,25.5941,85.1376,0.0,31.7,10.0,53,0
Patna,25.5941,85.1376,36.15,36.06,37.13,53,0
Patna,25.5941,85.1376,0.0,28.58,10.0,53,0
Patna,25.5941,85.1376,11.83,26.99,21.54,53,0
Patna,25.5941,85.1376,0.0,26.89,10.0,53,0
Patna,25.5941,85.1376,26.61,30.55,13.05,53,0
Patna,25.5941,85.1376,16.14,27.88,10.0,53,0
Patna,25.5941,85.1376,26.4,34.17,27.19,53,0
Patna,25.5941,85.1376,26.54,29.13,18.04,53,0
Patna,25.5941,85.1376,16.69,26.17,17.87,53,0
Patna,25.5941,85.1376,0.0,26.18,10.0,53,0
Patna,25.5941,85.1376,28.48,35.64,10.0,53,0
Patna,25.5941,85.1376,67.48,40.31,50.0,53,2
Patna,25.5941,85.1376,14.53,29.71,22.11,53,0
Patna,25.5941,85.1376,0.0,27.7,10.0,53,0
Patna,25.5941,85.1376,0.23,27.11,10.0,53,0
Patna,25.5941,85.1376,19.41,30.26,13.32,53,0
Patna,25.5941,85.1376,31.46,30.49,36.03,53,0
Patna,25.5941,85.1376,2.85,28.35,10.0,53,0
Patna,25.5941,85.1376,22.64,29.38,10.0,53,0
Patna,25.5941,85.1376,0.01,29.69,14.66,53,0
Patna,25.5941,85.1376,0.0,26.64,10.0,53,0
Patna,25.5941,85.1376,3.26,25.85,10.0,53,0
Patna,25.5941,85.1376,110.7,48.02,75.92,53,2
Patna,25.5941,85.1376,37.59,31.61,21.21,53,0
Patna,25.5941,85.1376,0.0,27.59,10.0,53,0
Patna,25.5941,85.1376,53.0,36.18,32.22,53,1
Patna,25.5941,85.1376,51.7,38.46,46.14,53,2
Patna,25.5941,85.1376,0.0,32.23,10.0,53,0
Patna,25.5941,85.1376,131.19,52.03,100.0,53,2
Patna,25.5941,85.1376,0.78,24.02,10.0,53,0
Patna,25.5941,85.1376,83.06,43.0,52.29,53,2
Patna,25.5941,85.1376,65.02,40.67,49.33,53,2
Patna,25.5941,85.1376,18.5,32.32,12.72,53,0
Patna,25.5941,85.1376,50.55,39.27,39.23,53,2
Patna,25.5941,85.1376,0.0,25.53,10.0,53,0
Patna,25.5941,85.1376,0.0,28.73,10.0,53,0
Patna,25.5941,85.1376,23.94,30.73,23.62,53,0
Patna,25.5941,85.1376,31.89,32.45,30.93,53,0
Patna,25.5941,85.1376,2.95,27.09,10.0,53,0
Patna,25.5941,85.1376,6.7,26.46,10.04,53,0
Patna,25.5941,85.1376,32.88,35.42,29.3,53,0
Patna,25.5941,85.1376,35.22,32.91,34.18,53,0
Patna,25.5941,85.1376,0.0,26.78,10.0,53,0
Patna,25.5941,85.1376,0.0,27.72,13.46,53,0
Patna,25.5941,85.1376,14.68,32.16,18.64,53,0
Patna,25.5941,85.1376,0.0,29.49,10.0,53,0
Patna,25.5941,85.1376,0.0,27.08,10.0,53,0
Patna,25.5941,85.1376,0.19,27.36,10.0,53,0
Patna,25.5941,85.1376,53.67,38.84,48.02,53,2
Patna,25.5941,85.1376,44.84,34.93,21.97,53,0
Patna,25.5941,85.1376,69.77,44.65,50.67,53,2
Patna,25.5941,85.1376,18.07,28.85,30.82,53,0
Patna,25.5941,85.1376,0.0,27.97,10.0,53,0
Patna,25.5941,85.1376,0.0,25.69,11.33,53,0
Patna,25.5941,85.1376,52.93,38.38,44.18,53,2
Patna,25.5941,85.1376,15.33,27.59,19.49,53,0
Patna,25.5941,85.1376,16.15,26.3,10.0,53,0
Patna,25.5941,85.1376,0.0,26.35,18.89,53,0
Patna,25.5941,85.1376,15.37,27.89,16.89,53,0
Patna,25.5941,85.1376,8.13,30.54,10.0,53,0
Patna,25.5941,85.1376,102.25,48.77,87.91,53,2
Patna,25.5941,85.1376,0.0,27.15,10.0,53,0
Patna,25.5941,85.1376,40.81,38.82,40.65,53,2
Patna,25.5941,85.1376,13.23,31.7,16.29,53,0
Patna,25.5941,85.1376,26.32,34.76,29.97,53,0
Patna,25.5941,85.1376,3.01,25.5,10.0,53,0
Patna,25.5941,85.1376,0.0,25.62,10.0,53,0
Patna,25.5941,85.1376,3.5,27.6,15.15,53,0
Patna,25.5941,85.1376,0.0,31.18,10.0,53,0
Patna,25.5941,85.1376,3.64,26.79,10.0,53,0
Patna,25.5941,85.1376,5.69,23.32,17.11,53,0
Patna,25.5941,85.1376,0.0,26.58,10.0,53,0
Patna,25.5941,85.1376,0.0,25.36,19.26,53,0
Patna,25.5941,85.1376,0.0,28.33,11.6,53,0
Patna,25.5941,85.1376,0.0,25.27,14.84,53,0
Patna,25.5941,85.1376,0.0,28.9,10.0,53,0
Patna,25.5941,85.1376,5.27,27.69,10.0,53,0
Patna,25.5941,85.1376,0.0,25.98,10.0,53,0
Patna,25.5941,85.1376,8.12,28.82,10.0,53,0
Patna,25.5941,85.1376,13.59,29.47,10.0,53,0
Patna,25.5941,85.1376,0.0,24.71,10.0,53,0
Patna,25.5941,85.1376,0.28,27.78,10.0,53,0
Patna,25.5941,85.1376,8.7,28.36,10.0,53,0
Patna,25.5941,85.1376,1.86,28.6,10.0,53,0
Patna,25.5941,85.1376,12.59,31.56,14.42,53,0
Patna,25.5941,85.1376,0.0,27.04,10.0,53,0
Patna,25.5941,85.1376,27.72,32.84,16.2,53,0
Patna,25.5941,85.1376,12.8,29.24,10.0,53,0
Patna,25.5941,85.1376,16.36,28.96,27.29,53,0
Patna,25.5941,85.1376,4.51,30.28,10.0,53,0
Patna,25.5941,85.1376,17.69,29.05,17.68,53,0
Patna,25.5941,85.1376,0.0,26.25,10.0,53,0
Patna,25.5941,85.1376,0.0,24.72,10.0,53,0
Patna,25.5941,85.1376,4.23,27.41,10.0,53,0
Patna,25.5941,85.1376,18.97,30.3,17.66,53,0
Patna,25.5941,85.1376,0.0,28.8,12.24,53,0
Patna,25.5941,85.1376,5.56,26.44,10.0,53,0
Patna,25.5941,85.1376,0.0,22.17,10.0,53,0
Patna,25.5941,85.1376,10.28,28.46,31.46,53,0
Patna,25.5941,85.1376,1.55,25.91,11.87,53,0
Patna,25.5941,85.1376,0.0,23.54,10.0,53,0
Patna,25.5941,85.1376,3.65,26.89,10.0,53,0
Patna,25.5941,85.1376,8.88,26.66,10.0,53,0
Patna,25.5941,85.1376,0.0,26.14,20.25,53,0
Patna,25.5941,85.1376,0.9,26.42,10.0,53,0
Patna,25.5941,85.1376,8.09,29.06,10.0,53,0
Patna,25.5941,85.1376,9.35,28.01,10.0,53,0
Patna,25.5941,85.1376,3.43,23.56,29.05,53,0
Patna,25.5941,85.1376,14.74,27.49,14.09,53,0
Patna,25.5941,85.1376,0.0,25.51,10.0,53,0
Patna,25.5941,85.1376,5.39,24.41,10.0,53,0
Patna,25.5941,85.1376,14.19,27.68,12.96,53,0
Patna,25.5941,85.1376,0.0,27.52,10.0,53,0
Patna,25.5941,85.1376,15.47,25.97,10.0,53,0
Patna,25.5941,85.1376,0.0,26.91,10.0,53,0
Patna,25.5941,85.1376,9.37,27.36,10.0,53,0
Patna,25.5941,85.1376,6.46,29.37,31.98,53,0
Patna,25.5941,85.1376,0.91,25.35,10.0,53,0
Patna,25.5941,85.1376,2.93,29.64,10.0,53,0
Patna,25.5941,85.1376,3.01,28.86,10.0,53,0
Patna,25.5941,85.1376,19.93,29.61,28.58,53,0
Patna,25.5941,85.1376,0.0,23.25,12.79,53,0
Patna,25.5941,85.1376,6.09,29.56,10.0,53,0
Patna,25.5941,85.1376,5.92,25.03,10.0,53,0
Patna,25.5941,85.1376,22.34,31.08,24.69,53,0
Patna,25.5941,85.1376,13.85,27.25,19.65,53,0
Patna,25.5941,85.1376,2.24,26.43,22.77,53,0
Patna,25.5941,85.1376,13.17,27.86,11.18,53,0
Patna,25.5941,85.1376,6.44,31.16,10.0,53,0
Patna,25.5941,85.1376,32.5,30.41,25.67,53,0
Patna,25.5941,85.1376,0.0,25.51,10.0,53,0
Patna,25.5941,85.1376,0.0,29.96,14.23,53,0
Patna,25.5941,85.1376,10.83,27.72,10.0,53,0
Patna,25.5941,85.1376,14.9,30.08,10.47,53,0
Patna,25.5941,85.1376,12.49,30.78,10.0,53,0
Patna,25.5941,85.1376,0.0,23.86,10.0,53,0
Patna,25.5941,85.1376,32.01,30.68,36.6,53,0
Patna,25.5941,85.1376,0.0,25.55,10.0,53,0
Patna,25.5941,85.1376,2.94,27.58,10.0,53,0
Patna,25.5941,85.1376,0.0,28.29,10.0,53,0
Patna,25.5941,85.1376,0.0,24.72,10.0,53,0
Patna,25.5941,85.1376,6.62,30.43,10.0,53,0
Patna,25.5941,85.1376,13.03,29.97,10.0,53,0
Patna,25.5941,85.1376,24.44,30.84,39.65,53,0
Patna,25.5941,85.1376,0.0,25.96,10.0,53,0
Patna,25.5941,85.1376,5.51,29.04,38.39,53,0
Patna,25.5941,85.1376,11.46,28.84,10.0,53,0
Patna,25.5941,85.1376,0.0,28.84,10.0,53,0
Patna,25.5941,85.1376,37.25,35.69,33.22,53,0
Patna,25.5941,85.1376,10.73,29.45,10.0,53,0
Patna,25.5941,85.1376,0.0,25.4,10.0,53,0
Patna,25.5941,85.1376,0.0,23.93,10.0,53,0
Patna,25.5941,85.1376,18.43,31.68,16.46,53,0
Patna,25.5941,85.1376,13.05,26.85,10.0,53,0
Patna,25.5941,85.1376,9.73,26.44,10.0,53,0
Patna,25.5941,85.1376,0.0,23.2,10.0,53,0
Patna,25.5941,85.1376,18.32,28.9,10.0,53,0
Patna,25.5941,85.1376,0.0,30.18,10.0,53,0
Patna,25.5941,85.1376,0.0,25.77,10.0,53,0
Surat,21.1702,72.8311,17.92,14.08,10.0,13,2
Surat,21.1702,72.8311,46.14,15.49,53.58,13,2
Surat,21.1702,72.8311,12.92,9.7,28.77,13,2
Surat,21.1702,72.8311,20.52,11.35,10.0,13,2
Surat,21.1702,72.8311,0.0,7.42,14.68,13,0
Surat,21.1702,72.8311,10.06,7.33,10.0,13,0
Surat,21.1702,72.8311,0.0,6.76,10.0,13,0
Surat,21.1702,72.8311,0.0,6.4,14.48,13,0
Surat,21.1702,72.8311,18.96,10.86,17.05,13,2
Surat,21.1702,72.8311,16.82,9.64,10.0,13,2
Surat,21.1702,72.8311,19.81,10.01,10.0,13,2
Surat,21.1702,72.8311,31.09,8.98,40.06,13,0
Surat,21.1702,72.8311,16.1,7.78,13.13,13,0
Surat,21.1702,72.8311,1.14,8.34,10.0,13,0
Surat,21.1702,72.8311,15.38,11.07,11.16,13,2
Surat,21.1702,72.8311,36.19,16.18,24.18,13,2
Surat,21.1702,72.8311,20.97,12.14,14.18,13,2
Surat,21.1702,72.8311,2.59,9.45,10.0,13,2
Surat,21.1702,72.8311,12.16,11.73,35.06,13,2
Surat,21.1702,72.8311,0.0,6.06,10.0,13,0
Surat,21.1702,72.8311,9.55,9.16,10.0,13,2
Surat,21.1702,72.8311,0.0,10.01,10.0,13,2
Surat,21.1702,72.8311,1.3,7.63,19.37,13,0
Surat,21.1702,72.8311,0.0,6.92,10.0,13,0
Surat,21.1702,72.8311,6.11,8.95,10.0,13,0
Surat,21.1702,72.8311,5.0,9.1,10.0,13,2
Surat,21.1702,72.8311,0.0,7.25,10.0,13,0
Surat,21.1702,72.8311,9.73,10.62,10.0,13,2
Surat,21.1702,72.8311,14.6,7.09,10.0,13,0
Surat,21.1702,72.8311,20.5,10.64,11.76,13,2
Surat,21.1702,72.8311,0.0,8.15,10.0,13,0
Surat,21.1702,72.8311,23.89,12.18,10.0,13,2
Surat,21.1702,72.8311,10.02,13.81,19.91,13,2
Surat,21.1702,72.8311,0.0,7.93,10.0,13,0
Surat,21.1702,72.8311,0.0,6.37,10.0,13,0
Surat,21.1702,72.8311,20.98,12.35,21.73,13,2
Surat,21.1702,72.8311,0.0,6.38,10.0,13,0
Surat,21.1702,72.8311,15.09,9.88,15.37,13,2
Surat,21.1702,72.8311,13.0,5.17,21.95,13,0
Surat,21.1702,72.8311,6.23,9.16,10.0,13,2
Surat,21.1702,72.8311,34.58,11.1,53.07,13,2
Surat,21.1702,72.8311,41.91,12.23,41.7,13,2
Surat,21.1702,72.8311,0.0,5.22,10.0,13,0
Surat,21.1702,72.8311,15.17,10.18,10.0,13,2
Surat,21.1702,72.8311,15.04,9.1,10.0,13,0
Surat,21.1702,72.8311,1.06,10.03,10.0,13,2
Surat,21.1702,72.8311,0.0,8.13,10.0,13,0
Surat,21.1702,72.8311,11.43,8.44,26.76,13,0
Surat,21.1702,72.8311,5.26,5.26,10.0,13,0
Surat,21.1702,72.8311,0.0,6.08,17.7,13,0
Surat,21.1702,72.8311,27.98,16.18,27.17,13,2
Surat,21.1702,72.8311,10.29,6.56,10.93,13,0
Surat,21.1702,72.8311,5.91,9.24,10.0,13,2
Surat,21.1702,72.8311,8.84,5.12,10.45,13,0
Surat,21.1702,72.8311,18.81,7.02,10.0,13,0
Surat,21.1702,72.8311,0.0,6.14,10.0,13,0
Surat,21.1702,72.8311,30.06,13.38,30.04,13,2
Surat,21.1702,72.8311,0.0,9.09,10.0,13,0
Surat,21.1702,72.8311,0.0,3.42,10.0,13,0
Surat,21.1702,72.8311,0.54,5.76,10.0,13,0
Surat,21.1702,72.8311,19.54,5.21,29.93,13,0
Surat,21.1702,72.8311,23.97,11.72,17.74,13,2
Surat,21.1702,72.8311,25.33,11.48,17.48,13,2
Surat,21.1702,72.8311,26.22,15.93,11.27,13,2
Surat,21.1702,72.8311,14.8,7.29,16.85,13,0
Surat,21.1702,72.8311,0.0,8.92,10.0,13,0
Surat,21.1702,72.8311,8.74,11.51,10.0,13,2
Surat,21.1702,72.8311,18.96,9.02,27.13,13,0
Surat,21.1702,72.8311,36.59,13.29,10.0,13,2
Surat,21.1702,72.8311,0.0,11.37,10.0,13,2
Surat,21.1702,72.8311,36.34,12.55,22.76,13,2
Surat,21.1702,72.8311,20.47,11.91,24.9,13,2
Surat,21.1702,72.8311,8.08,10.18,16.08,13,2
Surat,21.1702,72.8311,26.38,10.53,31.44,13,2
Surat,21.1702,72.8311,0.0,6.19,10.0,13,0
Surat,21.1702,72.8311,0.0,3.03,12.24,13,0
Surat,21.1702,72.8311,0.0,5.96,10.0,13,0
Surat,21.1702,72.8311,3.89,6.27,15.91,13,0
Surat,21.1702,72.8311,0.0,9.93,11.39,13,2
Surat,21.1702,72.8311,0.41,7.22,10.0,13,0
Surat,21.1702,72.8311,21.47,12.67,19.04,13,2
Surat,21.1702,72.8311,0.0,7.78,10.0,13,0
Surat,21.1702,72.8311,0.0,7.28,10.0,13,0
Surat,21.1702,72.8311,0.67,6.65,10.0,13,0
Surat,21.1702,72.8311,10.22,7.91,10.0,13,0
Surat,21.1702,72.8311,8.74,4.87,10.0,13,0
Surat,21.1702,72.8311,15.53,10.22,20.31,13,2
Surat,21.1702,72.8311,26.65,11.67,32.27,13,2
Surat,21.1702,72.8311,6.64,6.43,10.0,13,0
Surat,21.1702,72.8311,12.27,11.12,10.0,13,2
Surat,21.1702,72.8311,0.0,9.39,10.0,13,2
Surat,21.1702,72.8311,0.0,8.29,17.66,13,0
Surat,21.1702,72.8311,15.69,10.14,10.0,13,2
Surat,21.1702,72.8311,16.77,10.11,10.0,13,2
Surat,21.1702,72.8311,3.06,5.38,10.0,13,0
Surat,21.1702,72.8311,10.59,11.89,10.0,13,2
Surat,21.1702,72.8311,5.11,10.04,22.14,13,2
Surat,21.1702,72.8311,15.6,9.11,10.0,13,2
Surat,21.1702,72.8311,0.0,4.64,10.0,13,0
Surat,21.1702,72.8311,5.1,8.77,10.0,13,0
Surat,21.1702,72.8311,0.0,7.18,25.05,13,0
Surat,21.1702,72.8311,2.92,7.36,10.81,13,0
Surat,21.1702,72.8311,0.0,9.05,10.0,13,0
Surat,21.1702,72.8311,1.48,6.17,10.0,13,0
Surat,21.1702,72.8311,0.0,9.21,10.0,13,2
Surat,21.1702,72.8311,25.97,14.92,13.37,13,2
Surat,21.1702,72.8311,0.0,8.79,10.0,13,0
Surat,21.1702,72.8311,0.0,7.65,24.64,13,0
Surat,21.1702,72.8311,6.26,9.65,10.0,13,2
Surat,21.1702,72.8311,0.0,8.33,10.0,13,0
Surat,21.1702,72.8311,0.55,10.02,10.0,13,2
Surat,21.1702,72.8311,0.0,5.41,10.0,13,0
Surat,21.1702,72.8311,31.45,12.89,23.23,13,2
Surat,21.1702,72.8311,0.0,8.67,10.0,13,0
Surat,21.1702,72.8311,0.0,5.7,10.0,13,0
Surat,21.1702,72.8311,0.0,7.91,10.0,13,0
Surat,21.1702,72.8311,24.84,12.48,37.79,13,2
Surat,21.1702,72.8311,0.92,8.37,10.0,13,0
Surat,21.1702,72.8311,54.27,18.94,40.45,13,2
Surat,21.1702,72.8311,3.85,6.78,21.48,13,0
Surat,21.1702,72.8311,22.38,10.09,10.0,13,2
Surat,21.1702,72.8311,27.14,13.6,28.77,13,2
Surat,21.1702,72.8311,6.66,7.23,22.18,13,0
Surat,21.1702,72.8311,36.45,15.07,38.86,13,2
Surat,21.1702,72.8311,11.78,6.12,10.0,13,0
Surat,21.1702,72.8311,26.34,14.32,31.61,13,2
Surat,21.1702,72.8311,13.54,11.39,10.25,13,2
Surat,21.1702,72.8311,17.94,9.68,10.0,13,2
Surat,21.1702,72.8311,21.83,13.42,42.21,13,2
Surat,21.1702,72.8311,12.22,6.85,10.0,13,0
Surat,21.1702,72.8311,5.83,7.96,10.0,13,0
Surat,21.1702,72.8311,13.81,10.82,13.02,13,2
Surat,21.1702,72.8311,0.0,6.95,10.0,13,0
Surat,21.1702,72.8311,16.8,9.14,15.68,13,2
Surat,21.1702,72.8311,16.9,9.56,20.28,13,2
Surat,21.1702,72.8311,9.12,8.64,10.0,13,0
Surat,21.1702,72.8311,0.0,4.22,10.0,13,0
Surat,21.1702,72.8311,28.35,11.93,31.16,13,2
Surat,21.1702,72.8311,18.37,10.45,20.44,13,2
Surat,21.1702,72.8311,11.94,8.6,13.46,13,0
Surat,21.1702,72.8311,31.15,13.67,27.1,13,2
Surat,21.1702,72.8311,0.0,9.33,10.0,13,2
Surat,21.1702,72.8311,0.0,7.24,10.0,13,0
Surat,21.1702,72.8311,25.43,8.22,29.96,13,0
Surat,21.1702,72.8311,21.14,10.96,10.0,13,2
Surat,21.1702,72.8311,0.0,6.98,10.0,13,0
Surat,21.1702,72.8311,19.64,10.29,14.16,13,2
Surat,21.1702,72.8311,0.0,8.14,10.0,13,0
Surat,21.1702,72.8311,1.63,4.69,10.0,13,0
Surat,21.1702,72.8311,31.55,14.4,33.36,13,2
Surat,21.1702,72.8311,13.15,13.23,10.0,13,2
Surat,21.1702,72.8311,17.16,9.39,25.14,13,2
Surat,21.1702,72.8311,0.0,7.74,10.0,13,0
Surat,21.1702,72.8311,0.0,9.04,10.0,13,0
Surat,21.1702,72.8311,12.45,10.93,10.0,13,2
Surat,21.1702,72.8311,0.0,7.66,18.57,13,0
Surat,21.1702,72.8311,0.0,6.6,10.0,13,0
Surat,21.1702,72.8311,6.72,10.98,10.0,13,2
Surat,21.1702,72.8311,0.0,5.81,11.42,13,0
Surat,21.1702,72.8311,91.19,24.4,63.08,13,2
Surat,21.1702,72.8311,0.0,4.09,10.0,13,0
Surat,21.1702,72.8311,58.19,17.54,42.91,13,2
Surat,21.1702,72.8311,95.63,25.75,73.74,13,2
Surat,21.1702,72.8311,0.0,2.87,10.0,13,0
Surat,21.1702,72.8311,10.9,11.19,20.6,13,2
Surat,21.1702,72.8311,0.0,4.19,10.0,13,0
Surat,21.1702,72.8311,74.73,19.71,59.49,13,2
Surat,21.1702,72.8311,60.96,20.23,52.37,13,2
Surat,21.1702,72.8311,30.4,13.21,24.98,13,2
Surat,21.1702,72.8311,12.27,9.12,27.45,13,2
Surat,21.1702,72.8311,86.7,24.37,62.87,13,2
Surat,21.1702,72.8311,66.84,17.13,49.45,13,2
Surat,21.1702,72.8311,1.25,5.98,10.0,13,0
Surat,21.1702,72.8311,0.58,8.5,15.56,13,0
Surat,21.1702,72.8311,0.0,5.09,10.0,13,0
Surat,21.1702,72.8311,12.75,8.48,19.89,13,0
Surat,21.1702,72.8311,45.47,14.59,43.07,13,2
Surat,21.1702,72.8311,97.55,24.5,70.85,13,2
Surat,21.1702,72.8311,16.14,10.14,14.23,13,2
Surat,21.1702,72.8311,0.0,2.87,13.92,13,0
Surat,21.1702,72.8311,10.57,9.17,10.0,13,2
Surat,21.1702,72.8311,24.59,8.69,18.63,13,0
Surat,21.1702,72.8311,54.6,18.35,40.35,13,2
Surat,21.1702,72.8311,7.06,5.46,10.0,13,0
Surat,21.1702,72.8311,77.69,24.0,58.28,13,2
Surat,21.1702,72.8311,134.01,34.16,100.0,13,2
Surat,21.1702,72.8311,73.03,20.97,55.79,13,2
Surat,21.1702,72.8311,6.91,8.94,14.31,13,0
Surat,21.1702,72.8311,0.0,7.56,10.0,13,0
Surat,21.1702,72.8311,0.0,7.75,10.0,13,0
Surat,21.1702,72.8311,1.11,4.77,10.0,13,0
Surat,21.1702,72.8311,2.69,5.51,14.24,13,0
Surat,21.1702,72.8311,48.9,14.52,30.91,13,2
Surat,21.1702,72.8311,17.14,10.49,10.0,13,2
Surat,21.1702,72.8311,0.0,3.07,10.0,13,0
Surat,21.1702,72.8311,56.1,18.5,44.64,13,2
Surat,21.1702,72.8311,6.6,5.58,11.71,13,0
Surat,21.1702,72.8311,0.0,5.9,10.0,13,0
Surat,21.1702,72.8311,0.0,6.54,10.0,13,0
Surat,21.1702,72.8311,69.63,20.33,60.65,13,2
Surat,21.1702,72.8311,78.19,23.09,61.02,13,2
Surat,21.1702,72.8311,63.73,22.93,45.27,13,2
Surat,21.1702,72.8311,0.0,6.1,10.0,13,0
Surat,21.1702,72.8311,25.47,12.71,10.0,13,2
Surat,21.1702,72.8311,35.4,13.01,38.82,13,2
Surat,21.1702,72.8311,0.0,5.79,10.0,13,0
Surat,21.1702,72.8311,87.27,24.47,67.53,13,2
Surat,21.1702,72.8311,65.32,16.47,53.62,13,2
Surat,21.1702,72.8311,34.72,12.66,42.57,13,2
Surat,21.1702,72.8311,0.0,9.16,10.0,13,2
Surat,21.1702,72.8311,133.12,34.38,100.0,13,2
Surat,21.1702,72.8311,11.7,11.58,25.71,13,2
Surat,21.1702,72.8311,7.1,6.56,10.0,13,0
Surat,21.1702,72.8311,97.59,25.13,66.85,13,2
Surat,21.1702,72.8311,63.71,19.2,51.98,13,2
Surat,21.1702,72.8311,92.55,28.19,82.4,13,2
Surat,21.1702,72.8311,0.0,7.5,10.0,13,0
Surat,21.1702,72.8311,20.42,8.27,28.03,13,0
Surat,21.1702,72.8311,10.88,9.36,10.0,13,2
Surat,21.1702,72.8311,0.0,6.8,10.0,13,0
Surat,21.1702,72.8311,9.99,5.1,10.0,13,0
Surat,21.1702,72.8311,16.59,11.15,31.89,13,2
Surat,21.1702,72.8311,26.69,11.93,28.3,13,2
Surat,21.1702,72.8311,1.78,9.0,10.0,13,0
Surat,21.1702,72.8311,19.07,10.26,19.21,13,2
Surat,21.1702,72.8311,23.36,13.87,11.79,13,2
Surat,21.1702,72.8311,67.27,19.35,38.97,13,2
Surat,21.1702,72.8311,106.41,27.66,82.3,13,2
Surat,21.1702,72.8311,26.31,12.61,10.0,13,2
Surat,21.1702,72.8311,27.22,11.27,20.07,13,2
Surat,21.1702,72.8311,0.0,6.13,10.0,13,0
Surat,21.1702,72.8311,0.0,8.8,10.0,13,0
Surat,21.1702,72.8311,68.12,18.33,60.23,13,2
Surat,21.1702,72.8311,72.85,22.52,61.94,13,2
Surat,21.1702,72.8311,65.81,23.77,68.07,13,2
Surat,21.1702,72.8311,6.2,5.43,19.23,13,0
Surat,21.1702,72.8311,0.0,6.22,10.0,13,0
Surat,21.1702,72.8311,85.98,22.89,62.27,13,2
Surat,21.1702,72.8311,22.71,12.44,14.69,13,2
Surat,21.1702,72.8311,0.0,9.06,10.0,13,0
Surat,21.1702,72.8311,0.0,6.71,10.0,13,0
Surat,21.1702,72.8311,8.52,10.25,10.0,13,2
Surat,21.1702,72.8311,57.96,19.61,50.85,13,2
Surat,21.1702,72.8311,57.77,18.89,48.2,13,2
Surat,21.1702,72.8311,88.35,26.29,67.45,13,2
Surat,21.1702,72.8311,24.56,13.23,27.99,13,2
Surat,21.1702,72.8311,29.49,12.23,37.37,13,2
Surat,21.1702,72.8311,0.0,3.66,10.0,13,0
Surat,21.1702,72.8311,72.14,22.07,49.57,13,2
Surat,21.1702,72.8311,51.68,18.82,52.3,13,2
Surat,21.1702,72.8311,39.63,11.38,26.39,13,2
Surat,21.1702,72.8311,17.29,12.06,10.0,13,2
Surat,21.1702,72.8311,26.51,10.94,10.0,13,2
Surat,21.1702,72.8311,13.93,8.33,15.25,13,0
Surat,21.1702,72.8311,0.0,8.49,10.0,13,0
Surat,21.1702,72.8311,12.25,8.02,18.7,13,0
Surat,21.1702,72.8311,94.59,24.33,74.65,13,2
Surat,21.1702,72.8311,50.25,18.69,37.3,13,2
Surat,21.1702,72.8311,43.19,15.68,37.98,13,2
Surat,21.1702,72.8311,0.0,6.59,10.0,13,0
Surat,21.1702,72.8311,118.8,32.78,89.7,13,2
Surat,21.1702,72.8311,0.0,5.58,10.0,13,0
Surat,21.1702,72.8311,9.11,7.98,10.0,13,0
Surat,21.1702,72.8311,0.0,7.28,10.0,13,0
Surat,21.1702,72.8311,12.36,10.21,13.36,13,2
Surat,21.1702,72.8311,0.0,3.44,10.0,13,0
Surat,21.1702,72.8311,113.26,32.48,85.85,13,2
Surat,21.1702,72.8311,0.36,6.01,10.0,13,0
Surat,21.1702,72.8311,25.67,13.74,10.0,13,2
Surat,21.1702,72.8311,46.34,17.54,44.79,13,2
Surat,21.1702,72.8311,4.25,9.78,10.0,13,2
Surat,21.1702,72.8311,0.0,8.9,12.07,13,0
Surat,21.1702,72.8311,12.3,7.16,10.0,13,0
Surat,21.1702,72.8311,12.58,8.64,19.46,13,0
Surat,21.1702,72.8311,0.0,3.51,10.0,13,0
Surat,21.1702,72.8311,0.14,5.27,10.0,13,0
Surat,21.1702,72.8311,8.31,8.06,13.18,13,0
Surat,21.1702,72.8311,9.1,8.06,19.05,13,0
Surat,21.1702,72.8311,0.0,7.57,10.0,13,0
Surat,21.1702,72.8311,0.0,4.07,10.0,13,0
Surat,21.1702,72.8311,6.95,7.86,10.0,13,0
Surat,21.1702,72.8311,3.2,5.61,10.0,13,0
Surat,21.1702,72.8311,0.0,9.16,10.0,13,2
Surat,21.1702,72.8311,0.0,9.85,10.0,13,2
Surat,21.1702,72.8311,0.0,6.94,10.0,13,0
Surat,21.1702,72.8311,0.0,4.31,27.68,13,0
Surat,21.1702,72.8311,3.98,3.44,18.12,13,0
Surat,21.1702,72.8311,17.78,8.52,10.0,13,0
Surat,21.1702,72.8311,18.78,9.76,10.0,13,2
Surat,21.1702,72.8311,36.6,12.95,44.23,13,2
Surat,21.1702,72.8311,28.45,10.19,33.1,13,2
Surat,21.1702,72.8311,0.0,2.77,10.0,13,0
Surat,21.1702,72.8311,14.36,8.45,10.0,13,0
Surat,21.1702,72.8311,26.3,11.97,12.6,13,2
Surat,21.1702,72.8311,19.23,10.74,10.0,13,2
Surat,21.1702,72.8311,14.85,10.25,12.08,13,2
Surat,21.1702,72.8311,22.27,9.61,21.18,13,2
Surat,21.1702,72.8311,0.0,7.31,19.53,13,0
Surat,21.1702,72.8311,0.0,4.98,10.0,13,0
Surat,21.1702,72.8311,10.08,6.39,12.28,13,0
Surat,21.1702,72.8311,21.55,11.88,10.0,13,2
Surat,21.1702,72.8311,23.92,13.16,27.44,13,2
Surat,21.1702,72.8311,13.97,9.73,21.5,13,2
Surat,21.1702,72.8311,38.78,12.35,41.8,13,2
Surat,21.1702,72.8311,6.62,7.56,10.0,13,0
Surat,21.1702,72.8311,3.44,5.19,10.0,13,0
Surat,21.1702,72.8311,0.0,5.6,10.0,13,0
Surat,21.1702,72.8311,9.55,5.18,10.0,13,0
Surat,21.1702,72.8311,13.79,7.66,21.78,13,0
Surat,21.1702,72.8311,11.6,10.03,23.39,13,2
Surat,21.1702,72.8311,3.04,5.96,11.15,13,0
Surat,21.1702,72.8311,16.15,9.36,26.84,13,2
Surat,21.1702,72.8311,4.6,7.49,10.0,13,0
Surat,21.1702,72.8311,0.0,6.66,13.97,13,0
Surat,21.1702,72.8311,15.12,9.59,10.48,13,2
Surat,21.1702,72.8311,13.29,10.66,16.73,13,2
Surat,21.1702,72.8311,2.69,7.69,10.0,13,0
Surat,21.1702,72.8311,0.0,6.84,10.0,13,0
Surat,21.1702,72.8311,15.72,10.96,20.05,13,2
Surat,21.1702,72.8311,1.68,7.45,15.58,13,0
Surat,21.1702,72.8311,30.62,12.57,25.89,13,2
Surat,21.1702,72.8311,25.77,8.65,17.39,13,0
Surat,21.1702,72.8311,29.37,14.32,27.19,13,2
Surat,21.1702,72.8311,0.0,6.4,10.0,13,0
Surat,21.1702,72.8311,13.3,7.54,10.0,13,0
Surat,21.1702,72.8311,0.0,8.94,10.0,13,0
Surat,21.1702,72.8311,10.51,8.6,10.0,13,0
Surat,21.1702,72.8311,0.0,4.49,10.0,13,0
Surat,21.1702,72.8311,13.87,7.68,28.56,13,0
Surat,21.1702,72.8311,24.43,13.0,18.35,13,2
Surat,21.1702,72.8311,32.23,12.51,25.47,13,2
Surat,21.1702,72.8311,10.72,10.05,14.94,13,2
Surat,21.1702,72.8311,0.4,5.51,10.0,13,0
Surat,21.1702,72.8311,19.44,9.6,10.0,13,2
Surat,21.1702,72.8311,4.68,8.68,21.8,13,0
Surat,21.1702,72.8311,0.0,5.65,10.0,13,0
Surat,21.1702,72.8311,29.69,12.37,14.68,13,2
Surat,21.1702,72.8311,16.94,9.08,10.0,13,0
Surat,21.1702,72.8311,0.0,9.97,10.0,13,2
Surat,21.1702,72.8311,9.72,7.95,10.7,13,0
Surat,21.1702,72.8311,12.48,9.58,11.14,13,2
Surat,21.1702,72.8311,21.9,10.93,10.0,13,2
Surat,21.1702,72.8311,0.0,2.54,20.27,13,0
Surat,21.1702,72.8311,21.8,9.2,14.62,13,2
Surat,21.1702,72.8311,0.0,9.59,10.0,13,2
Surat,21.1702,72.8311,9.83,8.25,16.13,13,0
Surat,21.1702,72.8311,6.34,4.25,10.0,13,0
Surat,21.1702,72.8311,0.0,6.66,14.34,13,0
Surat,21.1702,72.8311,0.0,4.9,10.0,13,0
Surat,21.1702,72.8311,1.89,8.36,10.0,13,0
Surat,21.1702,72.8311,14.65,8.18,14.02,13,0
Surat,21.1702,72.8311,20.44,9.12,24.17,13,2
Surat,21.1702,72.8311,8.84,10.36,10.0,13,2
Surat,21.1702,72.8311,14.1,9.24,10.32,13,2
Surat,21.1702,72.8311,12.14,10.0,10.0,13,2
Surat,21.1702,72.8311,30.94,8.97,17.9,13,0
Surat,21.1702,72.8311,6.49,8.62,20.96,13,0
Surat,21.1702,72.8311,0.0,5.48,10.0,13,0
Surat,21.1702,72.8311,8.51,8.74,22.71,13,0
Surat,21.1702,72.8311,9.93,10.57,13.78,13,2
Surat,21.1702,72.8311,1.04,3.89,10.0,13,0
Surat,21.1702,72.8311,0.0,9.09,10.0,13,0
Surat,21.1702,72.8311,27.12,10.96,24.39,13,2
Surat,21.1702,72.8311,11.35,8.68,10.0,13,0
Surat,21.1702,72.8311,14.28,7.5,10.0,13,0
